
---------------------------------------------
20-02-2018 21:03:56 Óäàëåíèå ñáîðîê èç GAC

C:\Program Files\NetCity2\Assemblies>gacutil /u NetCity.Components.Sms 
Microsoft (R) .NET Global Assembly Cache Utility.  Version 2.0.50727.42
Copyright (c) Microsoft Corporation.  All rights reserved.


Assembly: NetCity.Components.Sms, Version=1.0.0.0, Culture=neutral, PublicKeyToken=ea3eeeb5c070719f, processorArchitecture=MSIL
Uninstalled: NetCity.Components.Sms, Version=1.0.0.0, Culture=neutral, PublicKeyToken=ea3eeeb5c070719f, processorArchitecture=MSIL
Number of assemblies uninstalled = 1 
Number of failures = 0

C:\Program Files\NetCity2\Assemblies>regasm /u NetCity.Components.dll 
Microsoft (R) .NET Framework Assembly Registration Utility 2.0.50727.42
Copyright (C) Microsoft Corporation 1998-2004.  All rights reserved.

Types un-registered successfully

C:\Program Files\NetCity2\Assemblies>gacutil /u NetCity.Components 
Microsoft (R) .NET Global Assembly Cache Utility.  Version 2.0.50727.42
Copyright (c) Microsoft Corporation.  All rights reserved.


Assembly: NetCity.Components, Version=1.0.0.0, Culture=neutral, PublicKeyToken=ea3eeeb5c070719f, processorArchitecture=MSIL
Uninstalled: NetCity.Components, Version=1.0.0.0, Culture=neutral, PublicKeyToken=ea3eeeb5c070719f, processorArchitecture=MSIL
Number of assemblies uninstalled = 1 
Number of failures = 0

C:\Program Files\NetCity2\Assemblies>gacutil /u NetCity.Security 
Microsoft (R) .NET Global Assembly Cache Utility.  Version 2.0.50727.42
Copyright (c) Microsoft Corporation.  All rights reserved.

No assemblies found matching: NetCity.Security
Number of assemblies uninstalled = 0 
Number of failures = 0

C:\Program Files\NetCity2\Assemblies>regasm /u NetCity.ModulesWrapper.dll 
Microsoft (R) .NET Framework Assembly Registration Utility 2.0.50727.42
Copyright (C) Microsoft Corporation 1998-2004.  All rights reserved.

Types un-registered successfully

C:\Program Files\NetCity2\Assemblies>gacutil /u NetCity.ModulesWrapper 
Microsoft (R) .NET Global Assembly Cache Utility.  Version 2.0.50727.42
Copyright (c) Microsoft Corporation.  All rights reserved.


Assembly: NetCity.ModulesWrapper, Version=1.0.0.0, Culture=neutral, PublicKeyToken=58cde374c02d628b, processorArchitecture=MSIL
Uninstalled: NetCity.ModulesWrapper, Version=1.0.0.0, Culture=neutral, PublicKeyToken=58cde374c02d628b, processorArchitecture=MSIL
Number of assemblies uninstalled = 1 
Number of failures = 0

C:\Program Files\NetCity2\Assemblies>regasm /u NetCity.ReportManager.dll 
Microsoft (R) .NET Framework Assembly Registration Utility 2.0.50727.42
Copyright (C) Microsoft Corporation 1998-2004.  All rights reserved.

Types un-registered successfully

C:\Program Files\NetCity2\Assemblies>gacutil /u NetCity.ReportManager 
Microsoft (R) .NET Global Assembly Cache Utility.  Version 2.0.50727.42
Copyright (c) Microsoft Corporation.  All rights reserved.


Assembly: NetCity.ReportManager, Version=1.0.0.0, Culture=neutral, PublicKeyToken=0b23b8b087f5f822, processorArchitecture=MSIL
Uninstalled: NetCity.ReportManager, Version=1.0.0.0, Culture=neutral, PublicKeyToken=0b23b8b087f5f822, processorArchitecture=MSIL
Number of assemblies uninstalled = 1 
Number of failures = 0

C:\Program Files\NetCity2\Assemblies>regasm /u NS_DAComWrapper.dll 
Microsoft (R) .NET Framework Assembly Registration Utility 2.0.50727.42
Copyright (C) Microsoft Corporation 1998-2004.  All rights reserved.

Types un-registered successfully

C:\Program Files\NetCity2\Assemblies>gacutil /u NS_DAComWrapper 
Microsoft (R) .NET Global Assembly Cache Utility.  Version 2.0.50727.42
Copyright (c) Microsoft Corporation.  All rights reserved.


Assembly: NS_DAComWrapper, Version=1.0.0.0, Culture=neutral, PublicKeyToken=7c29cd5f27c46013, processorArchitecture=MSIL
Uninstalled: NS_DAComWrapper, Version=1.0.0.0, Culture=neutral, PublicKeyToken=7c29cd5f27c46013, processorArchitecture=MSIL
Number of assemblies uninstalled = 1 
Number of failures = 0

C:\Program Files\NetCity2\Assemblies>gacutil /u NS_DataAccess 
Microsoft (R) .NET Global Assembly Cache Utility.  Version 2.0.50727.42
Copyright (c) Microsoft Corporation.  All rights reserved.


Assembly: NS_DataAccess, Version=1.0.0.0, Culture=neutral, PublicKeyToken=37219dd4803c165b, processorArchitecture=MSIL
Uninstalled: NS_DataAccess, Version=1.0.0.0, Culture=neutral, PublicKeyToken=37219dd4803c165b, processorArchitecture=MSIL
Number of assemblies uninstalled = 1 
Number of failures = 0

C:\Program Files\NetCity2\Assemblies>gacutil /u NetCity.DataAccess.NHibernate 
Microsoft (R) .NET Global Assembly Cache Utility.  Version 2.0.50727.42
Copyright (c) Microsoft Corporation.  All rights reserved.


Assembly: NetCity.DataAccess.NHibernate, Version=1.0.0.0, Culture=neutral, PublicKeyToken=ea3eeeb5c070719f, processorArchitecture=MSIL
Uninstalled: NetCity.DataAccess.NHibernate, Version=1.0.0.0, Culture=neutral, PublicKeyToken=ea3eeeb5c070719f, processorArchitecture=MSIL
Number of assemblies uninstalled = 1 
Number of failures = 0

C:\Program Files\NetCity2\Assemblies>gacutil /u NetCity.DataAccess 
Microsoft (R) .NET Global Assembly Cache Utility.  Version 2.0.50727.42
Copyright (c) Microsoft Corporation.  All rights reserved.


Assembly: NetCity.DataAccess, Version=1.0.0.0, Culture=neutral, PublicKeyToken=ea3eeeb5c070719f, processorArchitecture=MSIL
Uninstalled: NetCity.DataAccess, Version=1.0.0.0, Culture=neutral, PublicKeyToken=ea3eeeb5c070719f, processorArchitecture=MSIL
Number of assemblies uninstalled = 1 
Number of failures = 0

C:\Program Files\NetCity2\Assemblies>gacutil /u NetCity.DataAccess.Common 
Microsoft (R) .NET Global Assembly Cache Utility.  Version 2.0.50727.42
Copyright (c) Microsoft Corporation.  All rights reserved.


Assembly: NetCity.DataAccess.Common, Version=1.0.0.0, Culture=neutral, PublicKeyToken=ea3eeeb5c070719f, processorArchitecture=MSIL
Uninstalled: NetCity.DataAccess.Common, Version=1.0.0.0, Culture=neutral, PublicKeyToken=ea3eeeb5c070719f, processorArchitecture=MSIL
Number of assemblies uninstalled = 1 
Number of failures = 0

C:\Program Files\NetCity2\Assemblies>gacutil /u NetCity.NHibernate.Mapping 
Microsoft (R) .NET Global Assembly Cache Utility.  Version 2.0.50727.42
Copyright (c) Microsoft Corporation.  All rights reserved.


Assembly: NetCity.NHibernate.Mapping, Version=1.0.0.0, Culture=neutral, PublicKeyToken=ea3eeeb5c070719f, processorArchitecture=MSIL
Uninstalled: NetCity.NHibernate.Mapping, Version=1.0.0.0, Culture=neutral, PublicKeyToken=ea3eeeb5c070719f, processorArchitecture=MSIL
Number of assemblies uninstalled = 1 
Number of failures = 0

C:\Program Files\NetCity2\Assemblies>gacutil /u NetCity.NHibernate 
Microsoft (R) .NET Global Assembly Cache Utility.  Version 2.0.50727.42
Copyright (c) Microsoft Corporation.  All rights reserved.


Assembly: NetCity.NHibernate, Version=1.0.0.0, Culture=neutral, PublicKeyToken=ea3eeeb5c070719f, processorArchitecture=MSIL
Uninstalled: NetCity.NHibernate, Version=1.0.0.0, Culture=neutral, PublicKeyToken=ea3eeeb5c070719f, processorArchitecture=MSIL
Number of assemblies uninstalled = 1 
Number of failures = 0

C:\Program Files\NetCity2\Assemblies>regasm /u NetCity.Language.dll 
Microsoft (R) .NET Framework Assembly Registration Utility 2.0.50727.42
Copyright (C) Microsoft Corporation 1998-2004.  All rights reserved.

Types un-registered successfully

C:\Program Files\NetCity2\Assemblies>gacutil /u NetCity.Language 
Microsoft (R) .NET Global Assembly Cache Utility.  Version 2.0.50727.42
Copyright (c) Microsoft Corporation.  All rights reserved.


Assembly: NetCity.Language, Version=1.0.0.0, Culture=ru, PublicKeyToken=8ff91c42a10d0af1, processorArchitecture=MSIL
Uninstalled: NetCity.Language, Version=1.0.0.0, Culture=ru, PublicKeyToken=8ff91c42a10d0af1, processorArchitecture=MSIL
Number of assemblies uninstalled = 1 
Number of failures = 0

C:\Program Files\NetCity2\Assemblies>gacutil /u NetCity.Common.Legacy 
Microsoft (R) .NET Global Assembly Cache Utility.  Version 2.0.50727.42
Copyright (c) Microsoft Corporation.  All rights reserved.


Assembly: NetCity.Common.Legacy, Version=1.0.0.0, Culture=neutral, PublicKeyToken=ea3eeeb5c070719f, processorArchitecture=MSIL
Uninstalled: NetCity.Common.Legacy, Version=1.0.0.0, Culture=neutral, PublicKeyToken=ea3eeeb5c070719f, processorArchitecture=MSIL
Number of assemblies uninstalled = 1 
Number of failures = 0

C:\Program Files\NetCity2\Assemblies>regasm /u NetCity.Common.dll 
Microsoft (R) .NET Framework Assembly Registration Utility 2.0.50727.42
Copyright (C) Microsoft Corporation 1998-2004.  All rights reserved.

Types un-registered successfully

C:\Program Files\NetCity2\Assemblies>gacutil /u NetCity.Common 
Microsoft (R) .NET Global Assembly Cache Utility.  Version 2.0.50727.42
Copyright (c) Microsoft Corporation.  All rights reserved.


Assembly: NetCity.Common, Version=1.0.0.0, Culture=neutral, PublicKeyToken=ea3eeeb5c070719f, processorArchitecture=MSIL
Uninstalled: NetCity.Common, Version=1.0.0.0, Culture=neutral, PublicKeyToken=ea3eeeb5c070719f, processorArchitecture=MSIL
Number of assemblies uninstalled = 1 
Number of failures = 0

C:\Program Files\NetCity2\Assemblies>regasm /u NetCity.Integration.LACC.dll 
Microsoft (R) .NET Framework Assembly Registration Utility 2.0.50727.42
Copyright (C) Microsoft Corporation 1998-2004.  All rights reserved.

RegAsm : error RA0000 : Unable to locate input assembly 'NetCity.Integration.LACC.dll' or one of its dependencies.

C:\Program Files\NetCity2\Assemblies>reg.exe delete "HKEY_CLASSES_ROOT\TypeLib\{4825FF42-D8F9-4B30-9115-FE4445130FB6}" /f 
Ž¯¥à æ¨ï ãá¯¥è­® § ¢¥àè¥­ .

---------------------------------------------
20-02-2018 21:04:49 Ðåãèñòðàöèÿ ñáîðîê â GAC, v3.10.32811
Registering Assemblies...
Microsoft (R) .NET Global Assembly Cache Utility.  Version 2.0.50727.42
Copyright (c) Microsoft Corporation.  All rights reserved.

Assembly successfully added to the cache
Microsoft (R) .NET Global Assembly Cache Utility.  Version 2.0.50727.42
Copyright (c) Microsoft Corporation.  All rights reserved.

Assembly successfully added to the cache
Microsoft (R) .NET Global Assembly Cache Utility.  Version 2.0.50727.42
Copyright (c) Microsoft Corporation.  All rights reserved.

Assembly successfully added to the cache
Microsoft (R) .NET Global Assembly Cache Utility.  Version 2.0.50727.42
Copyright (c) Microsoft Corporation.  All rights reserved.

Assembly successfully added to the cache
Microsoft (R) .NET Global Assembly Cache Utility.  Version 2.0.50727.42
Copyright (c) Microsoft Corporation.  All rights reserved.

Assembly successfully added to the cache
Microsoft (R) .NET Global Assembly Cache Utility.  Version 2.0.50727.42
Copyright (c) Microsoft Corporation.  All rights reserved.

Assembly successfully added to the cache
Microsoft (R) .NET Global Assembly Cache Utility.  Version 2.0.50727.42
Copyright (c) Microsoft Corporation.  All rights reserved.

Assembly successfully added to the cache
Microsoft (R) .NET Global Assembly Cache Utility.  Version 2.0.50727.42
Copyright (c) Microsoft Corporation.  All rights reserved.

Assembly successfully added to the cache
Microsoft (R) .NET Global Assembly Cache Utility.  Version 2.0.50727.42
Copyright (c) Microsoft Corporation.  All rights reserved.

Assembly successfully added to the cache
Microsoft (R) .NET Global Assembly Cache Utility.  Version 2.0.50727.42
Copyright (c) Microsoft Corporation.  All rights reserved.

Assembly successfully added to the cache
Microsoft (R) .NET Global Assembly Cache Utility.  Version 2.0.50727.42
Copyright (c) Microsoft Corporation.  All rights reserved.

Assembly successfully added to the cache
Microsoft (R) .NET Global Assembly Cache Utility.  Version 2.0.50727.42
Copyright (c) Microsoft Corporation.  All rights reserved.

Assembly successfully added to the cache
Microsoft (R) .NET Global Assembly Cache Utility.  Version 2.0.50727.42
Copyright (c) Microsoft Corporation.  All rights reserved.

Assembly successfully added to the cache
Microsoft (R) .NET Global Assembly Cache Utility.  Version 2.0.50727.42
Copyright (c) Microsoft Corporation.  All rights reserved.

Assembly successfully added to the cache
Microsoft (R) .NET Global Assembly Cache Utility.  Version 2.0.50727.42
Copyright (c) Microsoft Corporation.  All rights reserved.

Assembly successfully added to the cache
Microsoft (R) .NET Global Assembly Cache Utility.  Version 2.0.50727.42
Copyright (c) Microsoft Corporation.  All rights reserved.

Assembly successfully added to the cache
Microsoft (R) .NET Framework Assembly Registration Utility 2.0.50727.42
Copyright (C) Microsoft Corporation 1998-2004.  All rights reserved.

Types registered successfully
Assembly exported to 'C:\Program Files\NetCity2\Assemblies\NetCity.Common.tlb', and the type library was registered successfully
Microsoft (R) .NET Framework Assembly Registration Utility 2.0.50727.42
Copyright (C) Microsoft Corporation 1998-2004.  All rights reserved.

RegAsm : warning RA0000 : Registering an unsigned assembly with /codebase can cause your assembly to interfere with other applications that may be installed on the same computer. The /codebase switch is intended to be used only with signed assemblies. Please give your assembly a strong name and re-register it.
Types registered successfully
Assembly exported to 'C:\Program Files\NetCity2\Assemblies\NetCity.Integration.LACC.tlb', and the type library was registered successfully
Microsoft (R) .NET Global Assembly Cache Utility.  Version 2.0.50727.42
Copyright (c) Microsoft Corporation.  All rights reserved.

Assembly successfully added to the cache
Microsoft (R) .NET Global Assembly Cache Utility.  Version 2.0.50727.42
Copyright (c) Microsoft Corporation.  All rights reserved.

Assembly successfully added to the cache
Microsoft (R) .NET Framework Assembly Registration Utility 2.0.50727.42
Copyright (C) Microsoft Corporation 1998-2004.  All rights reserved.

Types registered successfully
Microsoft (R) .NET Global Assembly Cache Utility.  Version 2.0.50727.42
Copyright (c) Microsoft Corporation.  All rights reserved.

Assembly successfully added to the cache
Microsoft (R) .NET Global Assembly Cache Utility.  Version 2.0.50727.42
Copyright (c) Microsoft Corporation.  All rights reserved.

Assembly successfully added to the cache
Microsoft (R) .NET Global Assembly Cache Utility.  Version 2.0.50727.42
Copyright (c) Microsoft Corporation.  All rights reserved.

Assembly successfully added to the cache
Microsoft (R) .NET Global Assembly Cache Utility.  Version 2.0.50727.42
Copyright (c) Microsoft Corporation.  All rights reserved.

Assembly successfully added to the cache
Microsoft (R) .NET Global Assembly Cache Utility.  Version 2.0.50727.42
Copyright (c) Microsoft Corporation.  All rights reserved.

Assembly successfully added to the cache
Microsoft (R) .NET Global Assembly Cache Utility.  Version 2.0.50727.42
Copyright (c) Microsoft Corporation.  All rights reserved.

Assembly successfully added to the cache
Microsoft (R) .NET Global Assembly Cache Utility.  Version 2.0.50727.42
Copyright (c) Microsoft Corporation.  All rights reserved.

Assembly successfully added to the cache
Microsoft (R) .NET Framework Assembly Registration Utility 2.0.50727.42
Copyright (C) Microsoft Corporation 1998-2004.  All rights reserved.

Types registered successfully
Microsoft (R) .NET Framework Assembly Registration Utility 2.0.50727.42
Copyright (C) Microsoft Corporation 1998-2004.  All rights reserved.

Types registered successfully
Microsoft (R) .NET Global Assembly Cache Utility.  Version 2.0.50727.42
Copyright (c) Microsoft Corporation.  All rights reserved.

Assembly successfully added to the cache
Microsoft (R) .NET Framework Assembly Registration Utility 2.0.50727.42
Copyright (C) Microsoft Corporation 1998-2004.  All rights reserved.

Types registered successfully
Microsoft (R) .NET Global Assembly Cache Utility.  Version 2.0.50727.42
Copyright (c) Microsoft Corporation.  All rights reserved.

Assembly successfully added to the cache
Microsoft (R) .NET Global Assembly Cache Utility.  Version 2.0.50727.42
Copyright (c) Microsoft Corporation.  All rights reserved.

Assembly successfully added to the cache
Microsoft (R) .NET Framework Assembly Registration Utility 2.0.50727.42
Copyright (C) Microsoft Corporation 1998-2004.  All rights reserved.

Types registered successfully
Microsoft (R) .NET Global Assembly Cache Utility.  Version 2.0.50727.42
Copyright (c) Microsoft Corporation.  All rights reserved.

Assembly successfully added to the cache

---------------------------------------------
20-02-2018 22:03:54 Óäàëåíèå ñáîðîê èç GAC

C:\Program Files\NetCity2\Assemblies>gacutil /u NetCity.Components.Sms 
Microsoft (R) .NET Global Assembly Cache Utility.  Version 2.0.50727.42
Copyright (c) Microsoft Corporation.  All rights reserved.


Assembly: NetCity.Components.Sms, Version=3.10.32811.433, Culture=neutral, PublicKeyToken=ea3eeeb5c070719f, processorArchitecture=MSIL
Uninstalled: NetCity.Components.Sms, Version=3.10.32811.433, Culture=neutral, PublicKeyToken=ea3eeeb5c070719f, processorArchitecture=MSIL
Number of assemblies uninstalled = 1 
Number of failures = 0

C:\Program Files\NetCity2\Assemblies>regasm /u NetCity.Components.dll 
Microsoft (R) .NET Framework Assembly Registration Utility 2.0.50727.42
Copyright (C) Microsoft Corporation 1998-2004.  All rights reserved.

Types un-registered successfully

C:\Program Files\NetCity2\Assemblies>gacutil /u NetCity.Components 
Microsoft (R) .NET Global Assembly Cache Utility.  Version 2.0.50727.42
Copyright (c) Microsoft Corporation.  All rights reserved.


Assembly: NetCity.Components, Version=3.10.32811.433, Culture=neutral, PublicKeyToken=ea3eeeb5c070719f, processorArchitecture=MSIL
Uninstalled: NetCity.Components, Version=3.10.32811.433, Culture=neutral, PublicKeyToken=ea3eeeb5c070719f, processorArchitecture=MSIL
Number of assemblies uninstalled = 1 
Number of failures = 0

C:\Program Files\NetCity2\Assemblies>gacutil /u NetCity.Security 
Microsoft (R) .NET Global Assembly Cache Utility.  Version 2.0.50727.42
Copyright (c) Microsoft Corporation.  All rights reserved.

No assemblies found matching: NetCity.Security
Number of assemblies uninstalled = 0 
Number of failures = 0

C:\Program Files\NetCity2\Assemblies>regasm /u NetCity.ModulesWrapper.dll 
Microsoft (R) .NET Framework Assembly Registration Utility 2.0.50727.42
Copyright (C) Microsoft Corporation 1998-2004.  All rights reserved.

Types un-registered successfully

C:\Program Files\NetCity2\Assemblies>gacutil /u NetCity.ModulesWrapper 
Microsoft (R) .NET Global Assembly Cache Utility.  Version 2.0.50727.42
Copyright (c) Microsoft Corporation.  All rights reserved.


Assembly: NetCity.ModulesWrapper, Version=3.10.32811.433, Culture=neutral, PublicKeyToken=58cde374c02d628b, processorArchitecture=MSIL
Uninstalled: NetCity.ModulesWrapper, Version=3.10.32811.433, Culture=neutral, PublicKeyToken=58cde374c02d628b, processorArchitecture=MSIL
Number of assemblies uninstalled = 1 
Number of failures = 0

C:\Program Files\NetCity2\Assemblies>regasm /u NetCity.ReportManager.dll 
Microsoft (R) .NET Framework Assembly Registration Utility 2.0.50727.42
Copyright (C) Microsoft Corporation 1998-2004.  All rights reserved.

Types un-registered successfully

C:\Program Files\NetCity2\Assemblies>gacutil /u NetCity.ReportManager 
Microsoft (R) .NET Global Assembly Cache Utility.  Version 2.0.50727.42
Copyright (c) Microsoft Corporation.  All rights reserved.


Assembly: NetCity.ReportManager, Version=3.10.32811.433, Culture=neutral, PublicKeyToken=0b23b8b087f5f822, processorArchitecture=MSIL
Uninstalled: NetCity.ReportManager, Version=3.10.32811.433, Culture=neutral, PublicKeyToken=0b23b8b087f5f822, processorArchitecture=MSIL
Number of assemblies uninstalled = 1 
Number of failures = 0

C:\Program Files\NetCity2\Assemblies>regasm /u NS_DAComWrapper.dll 
Microsoft (R) .NET Framework Assembly Registration Utility 2.0.50727.42
Copyright (C) Microsoft Corporation 1998-2004.  All rights reserved.

Types un-registered successfully

C:\Program Files\NetCity2\Assemblies>gacutil /u NS_DAComWrapper 
Microsoft (R) .NET Global Assembly Cache Utility.  Version 2.0.50727.42
Copyright (c) Microsoft Corporation.  All rights reserved.


Assembly: NS_DAComWrapper, Version=3.10.32811.433, Culture=neutral, PublicKeyToken=7c29cd5f27c46013, processorArchitecture=MSIL
Uninstalled: NS_DAComWrapper, Version=3.10.32811.433, Culture=neutral, PublicKeyToken=7c29cd5f27c46013, processorArchitecture=MSIL
Number of assemblies uninstalled = 1 
Number of failures = 0

C:\Program Files\NetCity2\Assemblies>gacutil /u NS_DataAccess 
Microsoft (R) .NET Global Assembly Cache Utility.  Version 2.0.50727.42
Copyright (c) Microsoft Corporation.  All rights reserved.


Assembly: NS_DataAccess, Version=3.10.32811.433, Culture=neutral, PublicKeyToken=37219dd4803c165b, processorArchitecture=MSIL
Uninstalled: NS_DataAccess, Version=3.10.32811.433, Culture=neutral, PublicKeyToken=37219dd4803c165b, processorArchitecture=MSIL
Number of assemblies uninstalled = 1 
Number of failures = 0

C:\Program Files\NetCity2\Assemblies>gacutil /u NetCity.DataAccess.NHibernate 
Microsoft (R) .NET Global Assembly Cache Utility.  Version 2.0.50727.42
Copyright (c) Microsoft Corporation.  All rights reserved.


Assembly: NetCity.DataAccess.NHibernate, Version=3.10.32811.433, Culture=neutral, PublicKeyToken=ea3eeeb5c070719f, processorArchitecture=MSIL
Uninstalled: NetCity.DataAccess.NHibernate, Version=3.10.32811.433, Culture=neutral, PublicKeyToken=ea3eeeb5c070719f, processorArchitecture=MSIL
Number of assemblies uninstalled = 1 
Number of failures = 0

C:\Program Files\NetCity2\Assemblies>gacutil /u NetCity.DataAccess 
Microsoft (R) .NET Global Assembly Cache Utility.  Version 2.0.50727.42
Copyright (c) Microsoft Corporation.  All rights reserved.


Assembly: NetCity.DataAccess, Version=3.10.32811.433, Culture=neutral, PublicKeyToken=ea3eeeb5c070719f, processorArchitecture=MSIL
Uninstalled: NetCity.DataAccess, Version=3.10.32811.433, Culture=neutral, PublicKeyToken=ea3eeeb5c070719f, processorArchitecture=MSIL
Number of assemblies uninstalled = 1 
Number of failures = 0

C:\Program Files\NetCity2\Assemblies>gacutil /u NetCity.DataAccess.Common 
Microsoft (R) .NET Global Assembly Cache Utility.  Version 2.0.50727.42
Copyright (c) Microsoft Corporation.  All rights reserved.


Assembly: NetCity.DataAccess.Common, Version=3.10.32811.433, Culture=neutral, PublicKeyToken=ea3eeeb5c070719f, processorArchitecture=MSIL
Uninstalled: NetCity.DataAccess.Common, Version=3.10.32811.433, Culture=neutral, PublicKeyToken=ea3eeeb5c070719f, processorArchitecture=MSIL
Number of assemblies uninstalled = 1 
Number of failures = 0

C:\Program Files\NetCity2\Assemblies>gacutil /u NetCity.NHibernate.Mapping 
Microsoft (R) .NET Global Assembly Cache Utility.  Version 2.0.50727.42
Copyright (c) Microsoft Corporation.  All rights reserved.


Assembly: NetCity.NHibernate.Mapping, Version=3.10.32811.433, Culture=neutral, PublicKeyToken=ea3eeeb5c070719f, processorArchitecture=MSIL
Uninstalled: NetCity.NHibernate.Mapping, Version=3.10.32811.433, Culture=neutral, PublicKeyToken=ea3eeeb5c070719f, processorArchitecture=MSIL
Number of assemblies uninstalled = 1 
Number of failures = 0

C:\Program Files\NetCity2\Assemblies>gacutil /u NetCity.NHibernate 
Microsoft (R) .NET Global Assembly Cache Utility.  Version 2.0.50727.42
Copyright (c) Microsoft Corporation.  All rights reserved.


Assembly: NetCity.NHibernate, Version=3.10.32811.433, Culture=neutral, PublicKeyToken=ea3eeeb5c070719f, processorArchitecture=MSIL
Uninstalled: NetCity.NHibernate, Version=3.10.32811.433, Culture=neutral, PublicKeyToken=ea3eeeb5c070719f, processorArchitecture=MSIL
Number of assemblies uninstalled = 1 
Number of failures = 0

C:\Program Files\NetCity2\Assemblies>regasm /u NetCity.Language.dll 
Microsoft (R) .NET Framework Assembly Registration Utility 2.0.50727.42
Copyright (C) Microsoft Corporation 1998-2004.  All rights reserved.

Types un-registered successfully

C:\Program Files\NetCity2\Assemblies>gacutil /u NetCity.Language 
Microsoft (R) .NET Global Assembly Cache Utility.  Version 2.0.50727.42
Copyright (c) Microsoft Corporation.  All rights reserved.


Assembly: NetCity.Language, Version=3.10.32811.433, Culture=neutral, PublicKeyToken=8ff91c42a10d0af1, processorArchitecture=MSIL
Uninstalled: NetCity.Language, Version=3.10.32811.433, Culture=neutral, PublicKeyToken=8ff91c42a10d0af1, processorArchitecture=MSIL
Number of assemblies uninstalled = 1 
Number of failures = 0

C:\Program Files\NetCity2\Assemblies>gacutil /u NetCity.Common.Legacy 
Microsoft (R) .NET Global Assembly Cache Utility.  Version 2.0.50727.42
Copyright (c) Microsoft Corporation.  All rights reserved.


Assembly: NetCity.Common.Legacy, Version=3.10.32811.433, Culture=neutral, PublicKeyToken=ea3eeeb5c070719f, processorArchitecture=MSIL
Uninstalled: NetCity.Common.Legacy, Version=3.10.32811.433, Culture=neutral, PublicKeyToken=ea3eeeb5c070719f, processorArchitecture=MSIL
Number of assemblies uninstalled = 1 
Number of failures = 0

C:\Program Files\NetCity2\Assemblies>regasm /u NetCity.Common.dll 
Microsoft (R) .NET Framework Assembly Registration Utility 2.0.50727.42
Copyright (C) Microsoft Corporation 1998-2004.  All rights reserved.

Types un-registered successfully

C:\Program Files\NetCity2\Assemblies>gacutil /u NetCity.Common 
Microsoft (R) .NET Global Assembly Cache Utility.  Version 2.0.50727.42
Copyright (c) Microsoft Corporation.  All rights reserved.


Assembly: NetCity.Common, Version=3.10.32811.433, Culture=neutral, PublicKeyToken=ea3eeeb5c070719f, processorArchitecture=MSIL
Uninstalled: NetCity.Common, Version=3.10.32811.433, Culture=neutral, PublicKeyToken=ea3eeeb5c070719f, processorArchitecture=MSIL
Number of assemblies uninstalled = 1 
Number of failures = 0

C:\Program Files\NetCity2\Assemblies>regasm /u NetCity.Integration.LACC.dll 
Microsoft (R) .NET Framework Assembly Registration Utility 2.0.50727.42
Copyright (C) Microsoft Corporation 1998-2004.  All rights reserved.

Types un-registered successfully

C:\Program Files\NetCity2\Assemblies>reg.exe delete "HKEY_CLASSES_ROOT\TypeLib\{4825FF42-D8F9-4B30-9115-FE4445130FB6}" /f 
Ž¯¥à æ¨ï ãá¯¥è­® § ¢¥àè¥­ .

---------------------------------------------
20-02-2018 22:04:42 Ðåãèñòðàöèÿ ñáîðîê â GAC, v3.10.36146
Registering Assemblies...
Microsoft (R) .NET Global Assembly Cache Utility.  Version 2.0.50727.42
Copyright (c) Microsoft Corporation.  All rights reserved.

Assembly successfully added to the cache
Microsoft (R) .NET Global Assembly Cache Utility.  Version 2.0.50727.42
Copyright (c) Microsoft Corporation.  All rights reserved.

Assembly successfully added to the cache
Microsoft (R) .NET Global Assembly Cache Utility.  Version 2.0.50727.42
Copyright (c) Microsoft Corporation.  All rights reserved.

Assembly successfully added to the cache
Microsoft (R) .NET Global Assembly Cache Utility.  Version 2.0.50727.42
Copyright (c) Microsoft Corporation.  All rights reserved.

Assembly successfully added to the cache
Microsoft (R) .NET Global Assembly Cache Utility.  Version 2.0.50727.42
Copyright (c) Microsoft Corporation.  All rights reserved.

Assembly successfully added to the cache
Microsoft (R) .NET Global Assembly Cache Utility.  Version 2.0.50727.42
Copyright (c) Microsoft Corporation.  All rights reserved.

Assembly successfully added to the cache
Microsoft (R) .NET Global Assembly Cache Utility.  Version 2.0.50727.42
Copyright (c) Microsoft Corporation.  All rights reserved.

Assembly successfully added to the cache
Microsoft (R) .NET Global Assembly Cache Utility.  Version 2.0.50727.42
Copyright (c) Microsoft Corporation.  All rights reserved.

Assembly successfully added to the cache
Microsoft (R) .NET Global Assembly Cache Utility.  Version 2.0.50727.42
Copyright (c) Microsoft Corporation.  All rights reserved.

Assembly successfully added to the cache
Microsoft (R) .NET Global Assembly Cache Utility.  Version 2.0.50727.42
Copyright (c) Microsoft Corporation.  All rights reserved.

Assembly successfully added to the cache
Microsoft (R) .NET Global Assembly Cache Utility.  Version 2.0.50727.42
Copyright (c) Microsoft Corporation.  All rights reserved.

Assembly successfully added to the cache
Microsoft (R) .NET Global Assembly Cache Utility.  Version 2.0.50727.42
Copyright (c) Microsoft Corporation.  All rights reserved.

Assembly successfully added to the cache
Microsoft (R) .NET Global Assembly Cache Utility.  Version 2.0.50727.42
Copyright (c) Microsoft Corporation.  All rights reserved.

Assembly successfully added to the cache
Microsoft (R) .NET Global Assembly Cache Utility.  Version 2.0.50727.42
Copyright (c) Microsoft Corporation.  All rights reserved.

Assembly successfully added to the cache
Microsoft (R) .NET Global Assembly Cache Utility.  Version 2.0.50727.42
Copyright (c) Microsoft Corporation.  All rights reserved.

Assembly successfully added to the cache
Microsoft (R) .NET Global Assembly Cache Utility.  Version 2.0.50727.42
Copyright (c) Microsoft Corporation.  All rights reserved.

Assembly successfully added to the cache
Microsoft (R) .NET Framework Assembly Registration Utility 2.0.50727.42
Copyright (C) Microsoft Corporation 1998-2004.  All rights reserved.

Types registered successfully
à¥¤ã¯à¥¦¤¥­¨¥ ¯à®£à ¬¬ë íªá¯®àâ  ¡¨¡«¨®â¥ª â¨¯®¢ ¯à¨ ®¡à ¡®âª¥ "NetCity.Common.Enums.FlagsHelper+EnumHelper+EnumIntEqualityComparer`1, NetCity.Common".  à¥¤ã¯à¥¦¤¥­¨¥: à®£à ¬¬  íªá¯®àâ  ¡¨¡«¨®â¥ª â¨¯®¢ ®¡­ àã¦¨«  ¡ §®¢ë© â¨¯.  §®¢ë¥ ª« ááë ­¥ ¬®£ãâ ¡ëâì ¯à¥¤®áâ ¢«¥­ë COM.
Assembly exported to 'C:\Program Files\NetCity2\Assemblies\NetCity.Common.tlb', and the type library was registered successfully
Microsoft (R) .NET Framework Assembly Registration Utility 2.0.50727.42
Copyright (C) Microsoft Corporation 1998-2004.  All rights reserved.

RegAsm : warning RA0000 : Registering an unsigned assembly with /codebase can cause your assembly to interfere with other applications that may be installed on the same computer. The /codebase switch is intended to be used only with signed assemblies. Please give your assembly a strong name and re-register it.
Types registered successfully
Assembly exported to 'C:\Program Files\NetCity2\Assemblies\NetCity.Integration.LACC.tlb', and the type library was registered successfully
Microsoft (R) .NET Global Assembly Cache Utility.  Version 2.0.50727.42
Copyright (c) Microsoft Corporation.  All rights reserved.

Assembly successfully added to the cache
Microsoft (R) .NET Global Assembly Cache Utility.  Version 2.0.50727.42
Copyright (c) Microsoft Corporation.  All rights reserved.

Assembly successfully added to the cache
Microsoft (R) .NET Framework Assembly Registration Utility 2.0.50727.42
Copyright (C) Microsoft Corporation 1998-2004.  All rights reserved.

Types registered successfully
Microsoft (R) .NET Global Assembly Cache Utility.  Version 2.0.50727.42
Copyright (c) Microsoft Corporation.  All rights reserved.

Assembly successfully added to the cache
Microsoft (R) .NET Global Assembly Cache Utility.  Version 2.0.50727.42
Copyright (c) Microsoft Corporation.  All rights reserved.

Assembly successfully added to the cache
Microsoft (R) .NET Global Assembly Cache Utility.  Version 2.0.50727.42
Copyright (c) Microsoft Corporation.  All rights reserved.

Assembly successfully added to the cache
Microsoft (R) .NET Global Assembly Cache Utility.  Version 2.0.50727.42
Copyright (c) Microsoft Corporation.  All rights reserved.

Assembly successfully added to the cache
Microsoft (R) .NET Global Assembly Cache Utility.  Version 2.0.50727.42
Copyright (c) Microsoft Corporation.  All rights reserved.

Assembly successfully added to the cache
Microsoft (R) .NET Global Assembly Cache Utility.  Version 2.0.50727.42
Copyright (c) Microsoft Corporation.  All rights reserved.

Assembly successfully added to the cache
Microsoft (R) .NET Global Assembly Cache Utility.  Version 2.0.50727.42
Copyright (c) Microsoft Corporation.  All rights reserved.

Assembly successfully added to the cache
Microsoft (R) .NET Framework Assembly Registration Utility 2.0.50727.42
Copyright (C) Microsoft Corporation 1998-2004.  All rights reserved.

Types registered successfully
Microsoft (R) .NET Framework Assembly Registration Utility 2.0.50727.42
Copyright (C) Microsoft Corporation 1998-2004.  All rights reserved.

Types registered successfully
Microsoft (R) .NET Global Assembly Cache Utility.  Version 2.0.50727.42
Copyright (c) Microsoft Corporation.  All rights reserved.

Assembly successfully added to the cache
Microsoft (R) .NET Framework Assembly Registration Utility 2.0.50727.42
Copyright (C) Microsoft Corporation 1998-2004.  All rights reserved.

Types registered successfully
Microsoft (R) .NET Global Assembly Cache Utility.  Version 2.0.50727.42
Copyright (c) Microsoft Corporation.  All rights reserved.

Assembly successfully added to the cache
Microsoft (R) .NET Global Assembly Cache Utility.  Version 2.0.50727.42
Copyright (c) Microsoft Corporation.  All rights reserved.

Assembly successfully added to the cache
Microsoft (R) .NET Framework Assembly Registration Utility 2.0.50727.42
Copyright (C) Microsoft Corporation 1998-2004.  All rights reserved.

Types registered successfully
Microsoft (R) .NET Global Assembly Cache Utility.  Version 2.0.50727.42
Copyright (c) Microsoft Corporation.  All rights reserved.

Assembly successfully added to the cache

---------------------------------------------
20-02-2018 22:14:46 Óäàëåíèå ñáîðîê èç GAC

C:\Program Files\NetCity2\Assemblies>regasm /u /nologo NetCity.Components.dll 
Types un-registered successfully

C:\Program Files\NetCity2\Assemblies>regasm /u /nologo NetCity.ModulesWrapper.dll 
Types un-registered successfully

C:\Program Files\NetCity2\Assemblies>regasm /u /nologo NetCity.ReportManager.dll 
Types un-registered successfully

C:\Program Files\NetCity2\Assemblies>regasm /u /nologo NS_DAComWrapper.dll 
Types un-registered successfully

C:\Program Files\NetCity2\Assemblies>regasm /u /nologo NetCity.Language.dll 
Types un-registered successfully

C:\Program Files\NetCity2\Assemblies>gacutil /nologo /u NetCity.Language 

Assembly: NetCity.Language, Version=3.10.36146.833, Culture=neutral, PublicKeyToken=8ff91c42a10d0af1, processorArchitecture=MSIL
Uninstalled: NetCity.Language, Version=3.10.36146.833, Culture=neutral, PublicKeyToken=8ff91c42a10d0af1, processorArchitecture=MSIL
Number of assemblies uninstalled = 1 
Number of failures = 0

C:\Program Files\NetCity2\Assemblies>regasm /u /nologo NetCity.Common.dll 
Types un-registered successfully

C:\Program Files\NetCity2\Assemblies>gacutil /nologo /u NetCity.Common 

Assembly: NetCity.Common, Version=3.10.36146.833, Culture=neutral, PublicKeyToken=ea3eeeb5c070719f, processorArchitecture=MSIL
Uninstalled: NetCity.Common, Version=3.10.36146.833, Culture=neutral, PublicKeyToken=ea3eeeb5c070719f, processorArchitecture=MSIL
Number of assemblies uninstalled = 1 
Number of failures = 0

C:\Program Files\NetCity2\Assemblies>regasm /u /nologo NetCity.Integration.LACC.dll 
Types un-registered successfully

C:\Program Files\NetCity2\Assemblies>gacutil /nologo /u FluentNHibernate 

Assembly: FluentNHibernate, Version=1.3.0.733, Culture=neutral, PublicKeyToken=8aa435e3cb308880, processorArchitecture=MSIL
Uninstalled: FluentNHibernate, Version=1.3.0.733, Culture=neutral, PublicKeyToken=8aa435e3cb308880, processorArchitecture=MSIL

Assembly: FluentNHibernate, Version=1.4.0.0, Culture=neutral, PublicKeyToken=8aa435e3cb308880, processorArchitecture=MSIL
Uninstalled: FluentNHibernate, Version=1.4.0.0, Culture=neutral, PublicKeyToken=8aa435e3cb308880, processorArchitecture=MSIL

Assembly: FluentNHibernate, Version=1.5.1.0, Culture=neutral, PublicKeyToken=8aa435e3cb308880, processorArchitecture=MSIL
Uninstalled: FluentNHibernate, Version=1.5.1.0, Culture=neutral, PublicKeyToken=8aa435e3cb308880, processorArchitecture=MSIL
Number of assemblies uninstalled = 3 
Number of failures = 0

C:\Program Files\NetCity2\Assemblies>gacutil /nologo /u NHibernate 

Assembly: NHibernate, Version=3.3.1.4000, Culture=neutral, PublicKeyToken=aa95f207798dfdb4, processorArchitecture=MSIL
Uninstalled: NHibernate, Version=3.3.1.4000, Culture=neutral, PublicKeyToken=aa95f207798dfdb4, processorArchitecture=MSIL

Assembly: NHibernate, Version=3.4.0.0, Culture=neutral, PublicKeyToken=aa95f207798dfdb4, processorArchitecture=MSIL
Uninstalled: NHibernate, Version=3.4.0.0, Culture=neutral, PublicKeyToken=aa95f207798dfdb4, processorArchitecture=MSIL
Number of assemblies uninstalled = 2 
Number of failures = 0

C:\Program Files\NetCity2\Assemblies>reg.exe delete "HKEY_CLASSES_ROOT\TypeLib\{4825FF42-D8F9-4B30-9115-FE4445130FB6}" /f 
Ž¯¥à æ¨ï ãá¯¥è­® § ¢¥àè¥­ .

---------------------------------------------
20-02-2018 22:15:36 Óäàëåíèå èíôîðìàöèè v3.0 èç ðååñòðà

C:\Program Files\NetCity2\DB\Update\DevTool>"C:\Program Files\NetCity2\DB\Update\DevTool\devtool.exe" -cr -cg 
  NetCity Developer Tool Utility. Version 1.0
  c 2007-2016 IRTech. All rights reserved.

‡ ¯ãáª ¯à®æ¥¤ãàë ®ç¨áâª¨ à¥¥áâà 
  “¤ «¥­® 1367 ª«îç¥©
‡ ¯ãáª ¯à®æ¥¤ãàë ®ç¨áâª¨ £«®¡ «ì­®£® ªíè  á¡®à®ª
  “¤ «¥­® 13 á¡®à®ª

---------------------------------------------
20-02-2018 22:15:38 Ðåãèñòðàöèÿ ñáîðîê â GAC, v4.05.39144

C:\Program Files\NetCity2\Assemblies>echo Registering third party libraries... 
Registering third party libraries...

C:\Program Files\NetCity2\Assemblies>gacutil /nologo /i adodb.dll 

C:\Program Files\NetCity2\Assemblies>gacutil /nologo /i log4net.dll 

C:\Program Files\NetCity2\Assemblies>gacutil /nologo /i Castle.Windsor.dll 

C:\Program Files\NetCity2\Assemblies>gacutil /nologo /i Castle.Core.dll 

C:\Program Files\NetCity2\Assemblies>gacutil /nologo /i Newtonsoft.Json.dll 

C:\Program Files\NetCity2\Assemblies>gacutil /nologo /i Interop.ASPTypeLibrary.dll 

C:\Program Files\NetCity2\Assemblies>gacutil /nologo /i NPOI.dll 

C:\Program Files\NetCity2\Assemblies>gacutil /nologo /i System.Threading.dll 

C:\Program Files\NetCity2\Assemblies>gacutil /nologo /i ICSharpCode.SharpZipLib.dll 

C:\Program Files\NetCity2\Assemblies>gacutil /nologo /i Iesi.Collections.dll 

C:\Program Files\NetCity2\Assemblies>gacutil /nologo /i FirebirdSql.Data.FirebirdClient.dll 

C:\Program Files\NetCity2\Assemblies>gacutil /nologo /i JamaaTech.Smpp.Net.Client.v1.4.dll 

C:\Program Files\NetCity2\Assemblies>gacutil /nologo /i JamaaTech.Smpp.Net.Lib.v1.4.dll 

C:\Program Files\NetCity2\Assemblies>echo Registering Assemblies... 
Registering Assemblies...

C:\Program Files\NetCity2\Assemblies>regasm /nologo /codebase /tlb NetCity.Common.dll 
Types registered successfully
Type library exporter warning processing 'NetCity.Common.ValueObjects.Users.Documents.Validators.IDocTypeValidator`1, NetCity.Common'. Warning: Type library exporter encountered a generic type. Generic classes may not be exposed to COM.
Type library exporter warning processing 'NetCity.Common.ValueObjects.Menu.Builders.DisplayRulesBuilder`1, NetCity.Common'. Warning: Type library exporter encountered a generic type. Generic classes may not be exposed to COM.
Type library exporter warning processing 'NetCity.Common.Specs.AndSpecification`1, NetCity.Common'. Warning: Type library exporter encountered a generic type. Generic classes may not be exposed to COM.
Type library exporter warning processing 'NetCity.Common.Specs.FalseSpecification`1, NetCity.Common'. Warning: Type library exporter encountered a generic type. Generic classes may not be exposed to COM.
Type library exporter warning processing 'NetCity.Common.Specs.ISpecification`1, NetCity.Common'. Warning: Type library exporter encountered a generic type. Generic classes may not be exposed to COM.
Type library exporter warning processing 'NetCity.Common.Specs.NotSpecification`1, NetCity.Common'. Warning: Type library exporter encountered a generic type. Generic classes may not be exposed to COM.
Type library exporter warning processing 'NetCity.Common.Specs.OrSpecification`1, NetCity.Common'. Warning: Type library exporter encountered a generic type. Generic classes may not be exposed to COM.
Type library exporter warning processing 'NetCity.Common.Specs.SimpleSpec`1, NetCity.Common'. Warning: Type library exporter encountered a generic type. Generic classes may not be exposed to COM.
Type library exporter warning processing 'NetCity.Common.Specs.TrueSpecification`1, NetCity.Common'. Warning: Type library exporter encountered a generic type. Generic classes may not be exposed to COM.
Type library exporter warning processing 'NetCity.Common.Helpers.Comparer.PropertyState`1, NetCity.Common'. Warning: Type library exporter encountered a generic type. Generic classes may not be exposed to COM.
Type library exporter warning processing 'NetCity.Common.Helpers.Comparer.DeepPropertyState`1, NetCity.Common'. Warning: Type library exporter encountered a generic type. Generic classes may not be exposed to COM.
Type library exporter warning processing 'NetCity.Common.Helpers.Comparer.State`1, NetCity.Common'. Warning: Type library exporter encountered a generic type. Generic classes may not be exposed to COM.
Type library exporter warning processing 'NetCity.Common.Helpers.Comparer.Variation`1, NetCity.Common'. Warning: Type library exporter encountered a generic type. Generic classes may not be exposed to COM.
Type library exporter warning processing 'NetCity.Common.Components.Abstraction.TaskProcessorWithCtx`1, NetCity.Common'. Warning: Type library exporter encountered a generic type. Generic classes may not be exposed to COM.
Type library exporter warning processing 'NetCity.Common.ObjectModel.Nhibernate.Entity+IdEqualityComparer`1, NetCity.Common'. Warning: Type library exporter encountered a generic type. Generic classes may not be exposed to COM.
Type library exporter warning processing 'NetCity.Common.ValueObjects.Menu.Builders.MenuItemBuilder+MenuItemDisplayRulesBuilder, NetCity.Common'. Warning: Type library exporter encountered a type that derives from a generic class and is not marked as [ClassInterface(ClassInterfaceType.None)]. Class interfaces cannot be exposed for such types. Consider marking the type with [ClassInterface(ClassInterfaceType.None)] and exposing an explicit interface as the default interface to COM using the ComDefaultInterface attribute.
Type library exporter warning processing 'NetCity.Common.ValueObjects.Menu.Builders.MenuItemBuilder+TabItemBuilder+TabItemDisplayRulesBuilder, NetCity.Common'. Warning: Type library exporter encountered a type that derives from a generic class and is not marked as [ClassInterface(ClassInterfaceType.None)]. Class interfaces cannot be exposed for such types. Consider marking the type with [ClassInterface(ClassInterfaceType.None)] and exposing an explicit interface as the default interface to COM using the ComDefaultInterface attribute.
Type library exporter warning processing 'NetCity.Infrastructure.Common.Enums.EnumHelper+EnumIntEqualityComparer`1, NetCity.Infrastructure.Common'. Warning: Type library exporter encountered a generic type. Generic classes may not be exposed to COM.
Type library exporter warning processing 'NetCity.Common.Helpers.ICacheActualization.GetAll(#0), NetCity.Common'. Warning: Type library exporter encountered a generic type instance in a signature. Generic code may not be exported to COM.
Type library exporter warning processing 'NetCity.Common.Events.Data.IAuthorEventData.get_AuthorLoginEventId(#0), NetCity.Common'. Warning: Type library exporter encountered a generic type instance in a signature. Generic code may not be exported to COM.
Type library exporter warning processing 'NetCity.Common.Components.Abstraction.IGradingManager.InitManualYearSettings(weight), NetCity.Common'. Warning: Type library exporter encountered a generic type instance in a signature. Generic code may not be exported to COM.
Type library exporter warning processing 'NetCity.Common.Components.Abstraction.IGradingManager.CalcAvgMarks(#0), NetCity.Common'. Warning: Type library exporter encountered a generic type instance in a signature. Generic code may not be exported to COM.
Type library exporter warning processing 'NetCity.Common.Components.Abstraction.IGradingManager.GetTotalsGradingFunc(#0), NetCity.Common'. Warning: Type library exporter encountered a generic type instance in a signature. Generic code may not be exported to COM.
Type library exporter warning processing 'NetCity.Common.Components.Abstraction.IReportsComponent.GetAchievementsTalentStudents(sportTitle), NetCity.Common'. Warning: Type library exporter encountered a generic type instance in a signature. Generic code may not be exported to COM.
Type library exporter warning processing 'NetCity.Common.Components.Abstraction.IReportsComponent.GetTalentStudentsEvents(sportTitle), NetCity.Common'. Warning: Type library exporter encountered a generic type instance in a signature. Generic code may not be exported to COM.
Type library exporter warning processing 'NetCity.Common.Filters.Description.Context.BaseFilterCtxDataInitializer`1, NetCity.Common.Filters'. Warning: Type library exporter encountered a generic type. Generic classes may not be exposed to COM.
Type library exporter warning processing 'NetCity.Common.Filters.Description.Context.FilterCtxConstantInitializer, NetCity.Common.Filters'. Warning: Type library exporter encountered a type that derives from a generic class and is not marked as [ClassInterface(ClassInterfaceType.None)]. Class interfaces cannot be exposed for such types. Consider marking the type with [ClassInterface(ClassInterfaceType.None)] and exposing an explicit interface as the default interface to COM using the ComDefaultInterface attribute.
Type library exporter warning processing 'NetCity.Common.Filters.Description.Context.FilterCtxDataInitializer, NetCity.Common.Filters'. Warning: Type library exporter encountered a type that derives from a generic class and is not marked as [ClassInterface(ClassInterfaceType.None)]. Class interfaces cannot be exposed for such types. Consider marking the type with [ClassInterface(ClassInterfaceType.None)] and exposing an explicit interface as the default interface to COM using the ComDefaultInterface attribute.
Type library exporter warning processing 'NetCity.Common.Components.Abstraction.IFileAttachmentsComponent.CreateFileAttachment(userId), NetCity.Common'. Warning: Type library exporter encountered a generic type instance in a signature. Generic code may not be exported to COM.
Type library exporter warning processing 'NetCity.Common.Components.Abstraction.IServerSettingsComponent.SaveUserAuthorizationSettings(noticeStartDate), NetCity.Common'. Warning: Type library exporter encountered a generic type instance in a signature. Generic code may not be exported to COM.
Type library exporter warning processing 'NetCity.Common.Abstraction.WebObjects.IResponse.SetCookie(expireDate), NetCity.Common'. Warning: Type library exporter encountered a generic type instance in a signature. Generic code may not be exported to COM.
Assembly exported to 'C:\Program Files\NetCity2\Assemblies\NetCity.Common.tlb', and the type library was registered successfully

C:\Program Files\NetCity2\Assemblies>regasm /nologo /codebase NetCity.Language.dll 
Types registered successfully

C:\Program Files\NetCity2\Assemblies>regasm /nologo /codebase NS_DAComWrapper.dll 
Types registered successfully

C:\Program Files\NetCity2\Assemblies>regasm /nologo /codebase NetCity.ReportManager.dll 
Types registered successfully

C:\Program Files\NetCity2\Assemblies>regasm /nologo /codebase NetCity.ModulesWrapper.dll 
Types registered successfully

C:\Program Files\NetCity2\Assemblies>regasm /nologo /codebase NetCity.Components.dll 
Types registered successfully

C:\Program Files\NetCity2\Assemblies>regasm /nologo /codebase /tlb NetCity.Integration.LACC.dll 
RegAsm : warning RA0000 : Registering an unsigned assembly with /codebase can cause your assembly to interfere with other applications that may be installed on the same computer. The /codebase switch is intended to be used only with signed assemblies. Please give your assembly a strong name and re-register it.
Types registered successfully
Assembly exported to 'C:\Program Files\NetCity2\Assemblies\NetCity.Integration.LACC.tlb', and the type library was registered successfully

---------------------------------------------
07-03-2018 18:11:54 Óäàëåíèå ñáîðîê èç GAC

C:\Program Files\NetCity2\Assemblies>regasm /u /nologo NetCity.Components.dll 
Types un-registered successfully

C:\Program Files\NetCity2\Assemblies>regasm /u /nologo NetCity.ModulesWrapper.dll 
Types un-registered successfully

C:\Program Files\NetCity2\Assemblies>regasm /u /nologo NetCity.ReportManager.dll 
Types un-registered successfully

C:\Program Files\NetCity2\Assemblies>regasm /u /nologo NS_DAComWrapper.dll 
Types un-registered successfully

C:\Program Files\NetCity2\Assemblies>regasm /u /nologo NetCity.Language.dll 
Types un-registered successfully

C:\Program Files\NetCity2\Assemblies>gacutil /nologo /u NetCity.Language 

C:\Program Files\NetCity2\Assemblies>regasm /u /nologo NetCity.Common.dll 
Types un-registered successfully

C:\Program Files\NetCity2\Assemblies>gacutil /nologo /u NetCity.Common 

C:\Program Files\NetCity2\Assemblies>regasm /u /nologo NetCity.Integration.LACC.dll 
Types un-registered successfully

C:\Program Files\NetCity2\Assemblies>gacutil /nologo /u FluentNHibernate 

C:\Program Files\NetCity2\Assemblies>gacutil /nologo /u NHibernate 

C:\Program Files\NetCity2\Assemblies>reg.exe delete "HKEY_CLASSES_ROOT\TypeLib\{4825FF42-D8F9-4B30-9115-FE4445130FB6}" /f 
Ž¯¥à æ¨ï ãá¯¥è­® § ¢¥àè¥­ .

---------------------------------------------
07-03-2018 18:13:49 Ðåãèñòðàöèÿ ñáîðîê â GAC, v4.10.39900

C:\Program Files\NetCity2\Assemblies>echo Registering third party libraries... 
Registering third party libraries...

C:\Program Files\NetCity2\Assemblies>gacutil /nologo /i adodb.dll 

C:\Program Files\NetCity2\Assemblies>gacutil /nologo /i log4net.dll 

C:\Program Files\NetCity2\Assemblies>gacutil /nologo /i Castle.Windsor.dll 

C:\Program Files\NetCity2\Assemblies>gacutil /nologo /i Castle.Core.dll 

C:\Program Files\NetCity2\Assemblies>gacutil /nologo /i Newtonsoft.Json.dll 

C:\Program Files\NetCity2\Assemblies>gacutil /nologo /i Interop.ASPTypeLibrary.dll 

C:\Program Files\NetCity2\Assemblies>gacutil /nologo /i NPOI.dll 

C:\Program Files\NetCity2\Assemblies>gacutil /nologo /i System.Threading.dll 

C:\Program Files\NetCity2\Assemblies>gacutil /nologo /i ICSharpCode.SharpZipLib.dll 

C:\Program Files\NetCity2\Assemblies>gacutil /nologo /i Iesi.Collections.dll 

C:\Program Files\NetCity2\Assemblies>gacutil /nologo /i FirebirdSql.Data.FirebirdClient.dll 

C:\Program Files\NetCity2\Assemblies>gacutil /nologo /i JamaaTech.Smpp.Net.Client.v1.4.dll 

C:\Program Files\NetCity2\Assemblies>gacutil /nologo /i JamaaTech.Smpp.Net.Lib.v1.4.dll 

C:\Program Files\NetCity2\Assemblies>echo Registering Assemblies... 
Registering Assemblies...

C:\Program Files\NetCity2\Assemblies>regasm /nologo /codebase /tlb NetCity.Common.dll 
Types registered successfully
Type library exporter warning processing 'NetCity.Common.ValueObjects.Users.Documents.Validators.IDocTypeValidator`1, NetCity.Common'. Warning: Type library exporter encountered a generic type. Generic classes may not be exposed to COM.
Type library exporter warning processing 'NetCity.Common.ValueObjects.Menu.Builders.DisplayRulesBuilder`1, NetCity.Common'. Warning: Type library exporter encountered a generic type. Generic classes may not be exposed to COM.
Type library exporter warning processing 'NetCity.Common.Specs.AndSpecification`1, NetCity.Common'. Warning: Type library exporter encountered a generic type. Generic classes may not be exposed to COM.
Type library exporter warning processing 'NetCity.Common.Specs.FalseSpecification`1, NetCity.Common'. Warning: Type library exporter encountered a generic type. Generic classes may not be exposed to COM.
Type library exporter warning processing 'NetCity.Common.Specs.ISpecification`1, NetCity.Common'. Warning: Type library exporter encountered a generic type. Generic classes may not be exposed to COM.
Type library exporter warning processing 'NetCity.Common.Specs.NotSpecification`1, NetCity.Common'. Warning: Type library exporter encountered a generic type. Generic classes may not be exposed to COM.
Type library exporter warning processing 'NetCity.Common.Specs.OrSpecification`1, NetCity.Common'. Warning: Type library exporter encountered a generic type. Generic classes may not be exposed to COM.
Type library exporter warning processing 'NetCity.Common.Specs.SimpleSpec`1, NetCity.Common'. Warning: Type library exporter encountered a generic type. Generic classes may not be exposed to COM.
Type library exporter warning processing 'NetCity.Common.Specs.TrueSpecification`1, NetCity.Common'. Warning: Type library exporter encountered a generic type. Generic classes may not be exposed to COM.
Type library exporter warning processing 'NetCity.Common.Helpers.Comparer.PropertyState`1, NetCity.Common'. Warning: Type library exporter encountered a generic type. Generic classes may not be exposed to COM.
Type library exporter warning processing 'NetCity.Common.Helpers.Comparer.DeepPropertyState`1, NetCity.Common'. Warning: Type library exporter encountered a generic type. Generic classes may not be exposed to COM.
Type library exporter warning processing 'NetCity.Common.Helpers.Comparer.State`1, NetCity.Common'. Warning: Type library exporter encountered a generic type. Generic classes may not be exposed to COM.
Type library exporter warning processing 'NetCity.Common.Helpers.Comparer.Variation`1, NetCity.Common'. Warning: Type library exporter encountered a generic type. Generic classes may not be exposed to COM.
Type library exporter warning processing 'NetCity.Common.Components.Abstraction.TaskProcessorWithCtx`1, NetCity.Common'. Warning: Type library exporter encountered a generic type. Generic classes may not be exposed to COM.
Type library exporter warning processing 'NetCity.Common.ObjectModel.Nhibernate.Entity+IdEqualityComparer`1, NetCity.Common'. Warning: Type library exporter encountered a generic type. Generic classes may not be exposed to COM.
Type library exporter warning processing 'NetCity.Common.ValueObjects.Menu.Builders.MenuItemBuilder+MenuItemDisplayRulesBuilder, NetCity.Common'. Warning: Type library exporter encountered a type that derives from a generic class and is not marked as [ClassInterface(ClassInterfaceType.None)]. Class interfaces cannot be exposed for such types. Consider marking the type with [ClassInterface(ClassInterfaceType.None)] and exposing an explicit interface as the default interface to COM using the ComDefaultInterface attribute.
Type library exporter warning processing 'NetCity.Common.ValueObjects.Menu.Builders.MenuItemBuilder+TabItemBuilder+TabItemDisplayRulesBuilder, NetCity.Common'. Warning: Type library exporter encountered a type that derives from a generic class and is not marked as [ClassInterface(ClassInterfaceType.None)]. Class interfaces cannot be exposed for such types. Consider marking the type with [ClassInterface(ClassInterfaceType.None)] and exposing an explicit interface as the default interface to COM using the ComDefaultInterface attribute.
Type library exporter warning processing 'NetCity.Common.Helpers.ICacheActualization.GetAll(#0), NetCity.Common'. Warning: Type library exporter encountered a generic type instance in a signature. Generic code may not be exported to COM.
Type library exporter warning processing 'NetCity.Common.Events.Data.IAuthorEventData.get_AuthorLoginEventId(#0), NetCity.Common'. Warning: Type library exporter encountered a generic type instance in a signature. Generic code may not be exported to COM.
Type library exporter warning processing 'NetCity.Common.Components.Abstraction.IGradingManager.InitManualYearSettings(weight), NetCity.Common'. Warning: Type library exporter encountered a generic type instance in a signature. Generic code may not be exported to COM.
Type library exporter warning processing 'NetCity.Common.Components.Abstraction.IGradingManager.CalcAvgMarks(#0), NetCity.Common'. Warning: Type library exporter encountered a generic type instance in a signature. Generic code may not be exported to COM.
Type library exporter warning processing 'NetCity.Common.Components.Abstraction.IGradingManager.CalcAvgMark(#0), NetCity.Common'. Warning: Type library exporter encountered a generic type instance in a signature. Generic code may not be exported to COM.
Type library exporter warning processing 'NetCity.Common.Components.Abstraction.IGradingManager.GetTotalsGradingFunc(#0), NetCity.Common'. Warning: Type library exporter encountered a generic type instance in a signature. Generic code may not be exported to COM.
Type library exporter warning processing 'NetCity.Common.Components.Abstraction.IReportsComponent.GetAchievementsTalentStudents(sportTitle), NetCity.Common'. Warning: Type library exporter encountered a generic type instance in a signature. Generic code may not be exported to COM.
Type library exporter warning processing 'NetCity.Common.Components.Abstraction.IReportsComponent.GetTalentStudentsEvents(sportTitle), NetCity.Common'. Warning: Type library exporter encountered a generic type instance in a signature. Generic code may not be exported to COM.
Type library exporter warning processing 'NetCity.Common.Components.Abstraction.IFileAttachmentsComponent.CreateFileAttachment(userId), NetCity.Common'. Warning: Type library exporter encountered a generic type instance in a signature. Generic code may not be exported to COM.
Type library exporter warning processing 'NetCity.Common.Components.Abstraction.IServerSettingsComponent.SaveUserAuthorizationSettings(noticeStartDate), NetCity.Common'. Warning: Type library exporter encountered a generic type instance in a signature. Generic code may not be exported to COM.
Type library exporter warning processing 'NetCity.Common.Abstraction.WebObjects.IResponse.SetCookie(expireDate), NetCity.Common'. Warning: Type library exporter encountered a generic type instance in a signature. Generic code may not be exported to COM.
Assembly exported to 'C:\Program Files\NetCity2\Assemblies\NetCity.Common.tlb', and the type library was registered successfully

C:\Program Files\NetCity2\Assemblies>regasm /nologo /codebase NetCity.Language.dll 
Types registered successfully

C:\Program Files\NetCity2\Assemblies>regasm /nologo /codebase NS_DAComWrapper.dll 
Types registered successfully

C:\Program Files\NetCity2\Assemblies>regasm /nologo /codebase NetCity.ReportManager.dll 
Types registered successfully

C:\Program Files\NetCity2\Assemblies>regasm /nologo /codebase NetCity.ModulesWrapper.dll 
Types registered successfully

C:\Program Files\NetCity2\Assemblies>regasm /nologo /codebase NetCity.Components.dll 
RegAsm : warning RA0000 : Registering an unsigned assembly with /codebase can cause your assembly to interfere with other applications that may be installed on the same computer. The /codebase switch is intended to be used only with signed assemblies. Please give your assembly a strong name and re-register it.
Types registered successfully

C:\Program Files\NetCity2\Assemblies>regasm /nologo /codebase /tlb NetCity.Integration.LACC.dll 
RegAsm : warning RA0000 : Registering an unsigned assembly with /codebase can cause your assembly to interfere with other applications that may be installed on the same computer. The /codebase switch is intended to be used only with signed assemblies. Please give your assembly a strong name and re-register it.
Types registered successfully
Assembly exported to 'C:\Program Files\NetCity2\Assemblies\NetCity.Integration.LACC.tlb', and the type library was registered successfully

---------------------------------------------
21-03-2018 18:58:01 Óäàëåíèå ñáîðîê èç GAC

C:\Program Files\NetCity2\Assemblies>regasm /u /nologo NetCity.Components.dll 
Types un-registered successfully

C:\Program Files\NetCity2\Assemblies>regasm /u /nologo NetCity.ModulesWrapper.dll 
Types un-registered successfully

C:\Program Files\NetCity2\Assemblies>regasm /u /nologo NetCity.ReportManager.dll 
Types un-registered successfully

C:\Program Files\NetCity2\Assemblies>regasm /u /nologo NS_DAComWrapper.dll 
Types un-registered successfully

C:\Program Files\NetCity2\Assemblies>regasm /u /nologo NetCity.Language.dll 
Types un-registered successfully

C:\Program Files\NetCity2\Assemblies>gacutil /nologo /u NetCity.Language 

C:\Program Files\NetCity2\Assemblies>regasm /u /nologo NetCity.Common.dll 
Types un-registered successfully

C:\Program Files\NetCity2\Assemblies>gacutil /nologo /u NetCity.Common 

C:\Program Files\NetCity2\Assemblies>regasm /u /nologo NetCity.Integration.LACC.dll 
Types un-registered successfully

C:\Program Files\NetCity2\Assemblies>gacutil /nologo /u FluentNHibernate 

C:\Program Files\NetCity2\Assemblies>gacutil /nologo /u NHibernate 

C:\Program Files\NetCity2\Assemblies>reg.exe delete "HKEY_CLASSES_ROOT\TypeLib\{4825FF42-D8F9-4B30-9115-FE4445130FB6}" /f 
Ž¯¥à æ¨ï ãá¯¥è­® § ¢¥àè¥­ .

---------------------------------------------
21-03-2018 19:00:26 Ðåãèñòðàöèÿ ñáîðîê â GAC, v4.10.40029

C:\Program Files\NetCity2\Assemblies>echo Registering third party libraries... 
Registering third party libraries...

C:\Program Files\NetCity2\Assemblies>gacutil /nologo /i adodb.dll 

C:\Program Files\NetCity2\Assemblies>gacutil /nologo /i log4net.dll 

C:\Program Files\NetCity2\Assemblies>gacutil /nologo /i Castle.Windsor.dll 

C:\Program Files\NetCity2\Assemblies>gacutil /nologo /i Castle.Core.dll 

C:\Program Files\NetCity2\Assemblies>gacutil /nologo /i Newtonsoft.Json.dll 

C:\Program Files\NetCity2\Assemblies>gacutil /nologo /i Interop.ASPTypeLibrary.dll 

C:\Program Files\NetCity2\Assemblies>gacutil /nologo /i NPOI.dll 

C:\Program Files\NetCity2\Assemblies>gacutil /nologo /i System.Threading.dll 

C:\Program Files\NetCity2\Assemblies>gacutil /nologo /i ICSharpCode.SharpZipLib.dll 

C:\Program Files\NetCity2\Assemblies>gacutil /nologo /i Iesi.Collections.dll 

C:\Program Files\NetCity2\Assemblies>gacutil /nologo /i FirebirdSql.Data.FirebirdClient.dll 

C:\Program Files\NetCity2\Assemblies>gacutil /nologo /i JamaaTech.Smpp.Net.Client.v1.4.dll 

C:\Program Files\NetCity2\Assemblies>gacutil /nologo /i JamaaTech.Smpp.Net.Lib.v1.4.dll 

C:\Program Files\NetCity2\Assemblies>echo Registering Assemblies... 
Registering Assemblies...

C:\Program Files\NetCity2\Assemblies>regasm /nologo /codebase /tlb NetCity.Common.dll 
Types registered successfully
Type library exporter warning processing 'NetCity.Common.ValueObjects.Users.Documents.Validators.IDocTypeValidator`1, NetCity.Common'. Warning: Type library exporter encountered a generic type. Generic classes may not be exposed to COM.
Type library exporter warning processing 'NetCity.Common.ValueObjects.Menu.Builders.DisplayRulesBuilder`1, NetCity.Common'. Warning: Type library exporter encountered a generic type. Generic classes may not be exposed to COM.
Type library exporter warning processing 'NetCity.Common.Specs.AndSpecification`1, NetCity.Common'. Warning: Type library exporter encountered a generic type. Generic classes may not be exposed to COM.
Type library exporter warning processing 'NetCity.Common.Specs.FalseSpecification`1, NetCity.Common'. Warning: Type library exporter encountered a generic type. Generic classes may not be exposed to COM.
Type library exporter warning processing 'NetCity.Common.Specs.ISpecification`1, NetCity.Common'. Warning: Type library exporter encountered a generic type. Generic classes may not be exposed to COM.
Type library exporter warning processing 'NetCity.Common.Specs.NotSpecification`1, NetCity.Common'. Warning: Type library exporter encountered a generic type. Generic classes may not be exposed to COM.
Type library exporter warning processing 'NetCity.Common.Specs.OrSpecification`1, NetCity.Common'. Warning: Type library exporter encountered a generic type. Generic classes may not be exposed to COM.
Type library exporter warning processing 'NetCity.Common.Specs.SimpleSpec`1, NetCity.Common'. Warning: Type library exporter encountered a generic type. Generic classes may not be exposed to COM.
Type library exporter warning processing 'NetCity.Common.Specs.TrueSpecification`1, NetCity.Common'. Warning: Type library exporter encountered a generic type. Generic classes may not be exposed to COM.
Type library exporter warning processing 'NetCity.Common.Helpers.Comparer.PropertyState`1, NetCity.Common'. Warning: Type library exporter encountered a generic type. Generic classes may not be exposed to COM.
Type library exporter warning processing 'NetCity.Common.Helpers.Comparer.DeepPropertyState`1, NetCity.Common'. Warning: Type library exporter encountered a generic type. Generic classes may not be exposed to COM.
Type library exporter warning processing 'NetCity.Common.Helpers.Comparer.State`1, NetCity.Common'. Warning: Type library exporter encountered a generic type. Generic classes may not be exposed to COM.
Type library exporter warning processing 'NetCity.Common.Helpers.Comparer.Variation`1, NetCity.Common'. Warning: Type library exporter encountered a generic type. Generic classes may not be exposed to COM.
Type library exporter warning processing 'NetCity.Common.Components.Abstraction.TaskProcessorWithCtx`1, NetCity.Common'. Warning: Type library exporter encountered a generic type. Generic classes may not be exposed to COM.
Type library exporter warning processing 'NetCity.Common.ObjectModel.Nhibernate.Entity+IdEqualityComparer`1, NetCity.Common'. Warning: Type library exporter encountered a generic type. Generic classes may not be exposed to COM.
Type library exporter warning processing 'NetCity.Common.ValueObjects.Menu.Builders.MenuItemBuilder+MenuItemDisplayRulesBuilder, NetCity.Common'. Warning: Type library exporter encountered a type that derives from a generic class and is not marked as [ClassInterface(ClassInterfaceType.None)]. Class interfaces cannot be exposed for such types. Consider marking the type with [ClassInterface(ClassInterfaceType.None)] and exposing an explicit interface as the default interface to COM using the ComDefaultInterface attribute.
Type library exporter warning processing 'NetCity.Common.ValueObjects.Menu.Builders.MenuItemBuilder+TabItemBuilder+TabItemDisplayRulesBuilder, NetCity.Common'. Warning: Type library exporter encountered a type that derives from a generic class and is not marked as [ClassInterface(ClassInterfaceType.None)]. Class interfaces cannot be exposed for such types. Consider marking the type with [ClassInterface(ClassInterfaceType.None)] and exposing an explicit interface as the default interface to COM using the ComDefaultInterface attribute.
Type library exporter warning processing 'NetCity.Common.Helpers.ICacheActualization.GetAll(#0), NetCity.Common'. Warning: Type library exporter encountered a generic type instance in a signature. Generic code may not be exported to COM.
Type library exporter warning processing 'NetCity.Common.Events.Data.IAuthorEventData.get_AuthorLoginEventId(#0), NetCity.Common'. Warning: Type library exporter encountered a generic type instance in a signature. Generic code may not be exported to COM.
Type library exporter warning processing 'NetCity.Common.Components.Abstraction.IGradingManager.InitManualYearSettings(weight), NetCity.Common'. Warning: Type library exporter encountered a generic type instance in a signature. Generic code may not be exported to COM.
Type library exporter warning processing 'NetCity.Common.Components.Abstraction.IGradingManager.CalcAvgMarks(#0), NetCity.Common'. Warning: Type library exporter encountered a generic type instance in a signature. Generic code may not be exported to COM.
Type library exporter warning processing 'NetCity.Common.Components.Abstraction.IGradingManager.CalcAvgMark(#0), NetCity.Common'. Warning: Type library exporter encountered a generic type instance in a signature. Generic code may not be exported to COM.
Type library exporter warning processing 'NetCity.Common.Components.Abstraction.IGradingManager.GetTotalsGradingFunc(#0), NetCity.Common'. Warning: Type library exporter encountered a generic type instance in a signature. Generic code may not be exported to COM.
Type library exporter warning processing 'NetCity.Common.Components.Abstraction.IReportsComponent.GetAchievementsTalentStudents(sportTitle), NetCity.Common'. Warning: Type library exporter encountered a generic type instance in a signature. Generic code may not be exported to COM.
Type library exporter warning processing 'NetCity.Common.Components.Abstraction.IReportsComponent.GetTalentStudentsEvents(sportTitle), NetCity.Common'. Warning: Type library exporter encountered a generic type instance in a signature. Generic code may not be exported to COM.
Type library exporter warning processing 'NetCity.Common.Components.Abstraction.IFileAttachmentsComponent.CreateFileAttachment(userId), NetCity.Common'. Warning: Type library exporter encountered a generic type instance in a signature. Generic code may not be exported to COM.
Type library exporter warning processing 'NetCity.Common.Components.Abstraction.IServerSettingsComponent.SaveUserAuthorizationSettings(noticeStartDate), NetCity.Common'. Warning: Type library exporter encountered a generic type instance in a signature. Generic code may not be exported to COM.
Type library exporter warning processing 'NetCity.Common.Abstraction.WebObjects.IResponse.SetCookie(expireDate), NetCity.Common'. Warning: Type library exporter encountered a generic type instance in a signature. Generic code may not be exported to COM.
Assembly exported to 'C:\Program Files\NetCity2\Assemblies\NetCity.Common.tlb', and the type library was registered successfully

C:\Program Files\NetCity2\Assemblies>regasm /nologo /codebase NetCity.Language.dll 
Types registered successfully

C:\Program Files\NetCity2\Assemblies>regasm /nologo /codebase NS_DAComWrapper.dll 
Types registered successfully

C:\Program Files\NetCity2\Assemblies>regasm /nologo /codebase NetCity.ReportManager.dll 
Types registered successfully

C:\Program Files\NetCity2\Assemblies>regasm /nologo /codebase NetCity.ModulesWrapper.dll 
Types registered successfully

C:\Program Files\NetCity2\Assemblies>regasm /nologo /codebase NetCity.Components.dll 
RegAsm : warning RA0000 : Registering an unsigned assembly with /codebase can cause your assembly to interfere with other applications that may be installed on the same computer. The /codebase switch is intended to be used only with signed assemblies. Please give your assembly a strong name and re-register it.
Types registered successfully

C:\Program Files\NetCity2\Assemblies>regasm /nologo /codebase /tlb NetCity.Integration.LACC.dll 
RegAsm : warning RA0000 : Registering an unsigned assembly with /codebase can cause your assembly to interfere with other applications that may be installed on the same computer. The /codebase switch is intended to be used only with signed assemblies. Please give your assembly a strong name and re-register it.
Types registered successfully
Assembly exported to 'C:\Program Files\NetCity2\Assemblies\NetCity.Integration.LACC.tlb', and the type library was registered successfully

---------------------------------------------
23-08-2018 16:48:17 Óäàëåíèå ñáîðîê èç GAC

C:\Program Files\NetCity2\Assemblies>regasm /u /nologo NetCity.Components.dll 
Types un-registered successfully

C:\Program Files\NetCity2\Assemblies>regasm /u /nologo NetCity.ModulesWrapper.dll 
Types un-registered successfully

C:\Program Files\NetCity2\Assemblies>regasm /u /nologo NetCity.ReportManager.dll 
Types un-registered successfully

C:\Program Files\NetCity2\Assemblies>regasm /u /nologo NS_DAComWrapper.dll 
Types un-registered successfully

C:\Program Files\NetCity2\Assemblies>regasm /u /nologo NetCity.Language.dll 
Types un-registered successfully

C:\Program Files\NetCity2\Assemblies>gacutil /nologo /u NetCity.Language 

C:\Program Files\NetCity2\Assemblies>regasm /u /nologo NetCity.Common.dll 
Types un-registered successfully

C:\Program Files\NetCity2\Assemblies>gacutil /nologo /u NetCity.Common 

C:\Program Files\NetCity2\Assemblies>regasm /u /nologo NetCity.Integration.LACC.dll 
Types un-registered successfully

C:\Program Files\NetCity2\Assemblies>gacutil /nologo /u FluentNHibernate 

C:\Program Files\NetCity2\Assemblies>gacutil /nologo /u NHibernate 

C:\Program Files\NetCity2\Assemblies>reg.exe delete "HKEY_CLASSES_ROOT\TypeLib\{4825FF42-D8F9-4B30-9115-FE4445130FB6}" /f 
Ž¯¥à æ¨ï ãá¯¥è­® § ¢¥àè¥­ .

---------------------------------------------
23-08-2018 16:49:55 Ðåãèñòðàöèÿ ñáîðîê â GAC, v4.30.42240

C:\Program Files\NetCity2\Assemblies>echo Registering third party libraries... 
Registering third party libraries...

C:\Program Files\NetCity2\Assemblies>gacutil /nologo /i adodb.dll 

C:\Program Files\NetCity2\Assemblies>gacutil /nologo /i log4net.dll 

C:\Program Files\NetCity2\Assemblies>gacutil /nologo /i Castle.Windsor.dll 

C:\Program Files\NetCity2\Assemblies>gacutil /nologo /i Castle.Core.dll 

C:\Program Files\NetCity2\Assemblies>gacutil /nologo /i Newtonsoft.Json.dll 

C:\Program Files\NetCity2\Assemblies>gacutil /nologo /i Interop.ASPTypeLibrary.dll 

C:\Program Files\NetCity2\Assemblies>gacutil /nologo /i NPOI.dll 

C:\Program Files\NetCity2\Assemblies>gacutil /nologo /i System.Threading.dll 

C:\Program Files\NetCity2\Assemblies>gacutil /nologo /i ICSharpCode.SharpZipLib.dll 

C:\Program Files\NetCity2\Assemblies>gacutil /nologo /i Iesi.Collections.dll 

C:\Program Files\NetCity2\Assemblies>gacutil /nologo /i FirebirdSql.Data.FirebirdClient.dll 

C:\Program Files\NetCity2\Assemblies>gacutil /nologo /i JamaaTech.Smpp.Net.Client.v1.4.dll 

C:\Program Files\NetCity2\Assemblies>gacutil /nologo /i JamaaTech.Smpp.Net.Lib.v1.4.dll 

C:\Program Files\NetCity2\Assemblies>echo Registering Assemblies... 
Registering Assemblies...

C:\Program Files\NetCity2\Assemblies>regasm /nologo /codebase /tlb NetCity.Common.dll 
Types registered successfully
Type library exporter warning processing 'NetCity.Common.ValueObjects.Users.Documents.Validators.IDocTypeValidator`1, NetCity.Common'. Warning: Type library exporter encountered a generic type. Generic classes may not be exposed to COM.
Type library exporter warning processing 'NetCity.Common.ValueObjects.Menu.Builders.DisplayRulesBuilder`1, NetCity.Common'. Warning: Type library exporter encountered a generic type. Generic classes may not be exposed to COM.
Type library exporter warning processing 'NetCity.Common.Specs.AndSpecification`1, NetCity.Common'. Warning: Type library exporter encountered a generic type. Generic classes may not be exposed to COM.
Type library exporter warning processing 'NetCity.Common.Specs.FalseSpecification`1, NetCity.Common'. Warning: Type library exporter encountered a generic type. Generic classes may not be exposed to COM.
Type library exporter warning processing 'NetCity.Common.Specs.ISpecification`1, NetCity.Common'. Warning: Type library exporter encountered a generic type. Generic classes may not be exposed to COM.
Type library exporter warning processing 'NetCity.Common.Specs.NotSpecification`1, NetCity.Common'. Warning: Type library exporter encountered a generic type. Generic classes may not be exposed to COM.
Type library exporter warning processing 'NetCity.Common.Specs.OrSpecification`1, NetCity.Common'. Warning: Type library exporter encountered a generic type. Generic classes may not be exposed to COM.
Type library exporter warning processing 'NetCity.Common.Specs.SimpleSpec`1, NetCity.Common'. Warning: Type library exporter encountered a generic type. Generic classes may not be exposed to COM.
Type library exporter warning processing 'NetCity.Common.Specs.TrueSpecification`1, NetCity.Common'. Warning: Type library exporter encountered a generic type. Generic classes may not be exposed to COM.
Type library exporter warning processing 'NetCity.Common.Helpers.Comparer.PropertyState`1, NetCity.Common'. Warning: Type library exporter encountered a generic type. Generic classes may not be exposed to COM.
Type library exporter warning processing 'NetCity.Common.Helpers.Comparer.DeepPropertyState`1, NetCity.Common'. Warning: Type library exporter encountered a generic type. Generic classes may not be exposed to COM.
Type library exporter warning processing 'NetCity.Common.Helpers.Comparer.State`1, NetCity.Common'. Warning: Type library exporter encountered a generic type. Generic classes may not be exposed to COM.
Type library exporter warning processing 'NetCity.Common.Helpers.Comparer.Variation`1, NetCity.Common'. Warning: Type library exporter encountered a generic type. Generic classes may not be exposed to COM.
Type library exporter warning processing 'NetCity.Common.ObjectModel.Nhibernate.Entity+IdEqualityComparer`1, NetCity.Common'. Warning: Type library exporter encountered a generic type. Generic classes may not be exposed to COM.
Type library exporter warning processing 'NetCity.Common.ValueObjects.Menu.Builders.MenuItemBuilder+MenuItemDisplayRulesBuilder, NetCity.Common'. Warning: Type library exporter encountered a type that derives from a generic class and is not marked as [ClassInterface(ClassInterfaceType.None)]. Class interfaces cannot be exposed for such types. Consider marking the type with [ClassInterface(ClassInterfaceType.None)] and exposing an explicit interface as the default interface to COM using the ComDefaultInterface attribute.
Type library exporter warning processing 'NetCity.Common.ValueObjects.Menu.Builders.MenuItemBuilder+TabItemBuilder+TabItemDisplayRulesBuilder, NetCity.Common'. Warning: Type library exporter encountered a type that derives from a generic class and is not marked as [ClassInterface(ClassInterfaceType.None)]. Class interfaces cannot be exposed for such types. Consider marking the type with [ClassInterface(ClassInterfaceType.None)] and exposing an explicit interface as the default interface to COM using the ComDefaultInterface attribute.
Type library exporter warning processing 'NetCity.Common.ObjectModel.Nhibernate.Address.IFiasCoded.get_Fias(#0), NetCity.Common'. Warning: Type library exporter encountered a generic type instance in a signature. Generic code may not be exported to COM.
Type library exporter warning processing 'NetCity.Common.Helpers.ICacheActualization.GetAll(#0), NetCity.Common'. Warning: Type library exporter encountered a generic type instance in a signature. Generic code may not be exported to COM.
Type library exporter warning processing 'NetCity.Common.Events.Data.IAuthorEventData.get_AuthorLoginEventId(#0), NetCity.Common'. Warning: Type library exporter encountered a generic type instance in a signature. Generic code may not be exported to COM.
Type library exporter warning processing 'NetCity.Common.Events.Data.Performance.Base.IClassmeetingBindedEventData.get_ClassmeetingId(#0), NetCity.Common'. Warning: Type library exporter encountered a generic type instance in a signature. Generic code may not be exported to COM.
Type library exporter warning processing 'NetCity.Common.Events.Data.Performance.Base.IClassmeetingBindedEventData.get_ClassmeetingDay(#0), NetCity.Common'. Warning: Type library exporter encountered a generic type instance in a signature. Generic code may not be exported to COM.
Type library exporter warning processing 'NetCity.Common.Components.Abstraction.IGradingManager.InitManualYearSettings(weight), NetCity.Common'. Warning: Type library exporter encountered a generic type instance in a signature. Generic code may not be exported to COM.
Type library exporter warning processing 'NetCity.Common.Components.Abstraction.IGradingManager.CalcAvgMarks(#0), NetCity.Common'. Warning: Type library exporter encountered a generic type instance in a signature. Generic code may not be exported to COM.
Type library exporter warning processing 'NetCity.Common.Components.Abstraction.IGradingManager.GetTotalsGradingFunc(#0), NetCity.Common'. Warning: Type library exporter encountered a generic type instance in a signature. Generic code may not be exported to COM.
Type library exporter warning processing 'NetCity.Common.Components.Abstraction.IReportsComponent.GetAchievementsTalentStudents(sportTitle), NetCity.Common'. Warning: Type library exporter encountered a generic type instance in a signature. Generic code may not be exported to COM.
Type library exporter warning processing 'NetCity.Common.Components.Abstraction.IReportsComponent.GetTalentStudentsEvents(sportTitle), NetCity.Common'. Warning: Type library exporter encountered a generic type instance in a signature. Generic code may not be exported to COM.
Type library exporter warning processing 'NetCity.Common.Components.Abstraction.IGradingComponent.GetJournalFilters(#0), NetCity.Common'. Warning: Type library exporter encountered a generic type instance in a signature. Generic code may not be exported to COM.
Type library exporter warning processing 'NetCity.Common.Components.Abstraction.IGiaComponent.GetEgePersons(#0), NetCity.Common'. Warning: Type library exporter encountered a generic type instance in a signature. Generic code may not be exported to COM.
Type library exporter warning processing 'NetCity.Common.Components.Abstraction.IGiaComponent.GetGiaResultsFilters(#0), NetCity.Common'. Warning: Type library exporter encountered a generic type instance in a signature. Generic code may not be exported to COM.
Type library exporter warning processing 'NetCity.Common.Components.Abstraction.IGiaComponent.GetEmGiaResultsFilters(#0), NetCity.Common'. Warning: Type library exporter encountered a generic type instance in a signature. Generic code may not be exported to COM.
Type library exporter warning processing 'NetCity.Common.Components.Abstraction.IFileAttachmentsComponent.CreateFileAttachment(userId), NetCity.Common'. Warning: Type library exporter encountered a generic type instance in a signature. Generic code may not be exported to COM.
Type library exporter warning processing 'NetCity.Common.Components.Abstraction.IServerSettingsComponent.SaveUserAuthorizationSettings(noticeStartDate), NetCity.Common'. Warning: Type library exporter encountered a generic type instance in a signature. Generic code may not be exported to COM.
Type library exporter warning processing 'NetCity.Common.Abstraction.WebObjects.IResponse.SetCookie(expireDate), NetCity.Common'. Warning: Type library exporter encountered a generic type instance in a signature. Generic code may not be exported to COM.
Assembly exported to 'C:\Program Files\NetCity2\Assemblies\NetCity.Common.tlb', and the type library was registered successfully

C:\Program Files\NetCity2\Assemblies>regasm /nologo /codebase NetCity.Language.dll 
Types registered successfully

C:\Program Files\NetCity2\Assemblies>regasm /nologo /codebase NS_DAComWrapper.dll 
Types registered successfully

C:\Program Files\NetCity2\Assemblies>regasm /nologo /codebase NetCity.ReportManager.dll 
Types registered successfully

C:\Program Files\NetCity2\Assemblies>regasm /nologo /codebase NetCity.ModulesWrapper.dll 
Types registered successfully

C:\Program Files\NetCity2\Assemblies>regasm /nologo /codebase NetCity.Components.dll 
RegAsm : warning RA0000 : Registering an unsigned assembly with /codebase can cause your assembly to interfere with other applications that may be installed on the same computer. The /codebase switch is intended to be used only with signed assemblies. Please give your assembly a strong name and re-register it.
Types registered successfully

C:\Program Files\NetCity2\Assemblies>regasm /nologo /codebase /tlb NetCity.Integration.LACC.dll 
RegAsm : warning RA0000 : Registering an unsigned assembly with /codebase can cause your assembly to interfere with other applications that may be installed on the same computer. The /codebase switch is intended to be used only with signed assemblies. Please give your assembly a strong name and re-register it.
Types registered successfully
Assembly exported to 'C:\Program Files\NetCity2\Assemblies\NetCity.Integration.LACC.tlb', and the type library was registered successfully

---------------------------------------------
18-09-2018 22:34:02 Óäàëåíèå ñáîðîê èç GAC

C:\Program Files\NetCity2\Assemblies>regasm /u /nologo NetCity.Components.dll 
Types un-registered successfully

C:\Program Files\NetCity2\Assemblies>regasm /u /nologo NetCity.ModulesWrapper.dll 
Types un-registered successfully

C:\Program Files\NetCity2\Assemblies>regasm /u /nologo NetCity.ReportManager.dll 
Types un-registered successfully

C:\Program Files\NetCity2\Assemblies>regasm /u /nologo NS_DAComWrapper.dll 
Types un-registered successfully

C:\Program Files\NetCity2\Assemblies>regasm /u /nologo NetCity.Language.dll 
Types un-registered successfully

C:\Program Files\NetCity2\Assemblies>gacutil /nologo /u NetCity.Language 

C:\Program Files\NetCity2\Assemblies>regasm /u /nologo NetCity.Common.dll 
Types un-registered successfully

C:\Program Files\NetCity2\Assemblies>gacutil /nologo /u NetCity.Common 

C:\Program Files\NetCity2\Assemblies>regasm /u /nologo NetCity.Integration.LACC.dll 
Types un-registered successfully

C:\Program Files\NetCity2\Assemblies>gacutil /nologo /u FluentNHibernate 

C:\Program Files\NetCity2\Assemblies>gacutil /nologo /u NHibernate 

C:\Program Files\NetCity2\Assemblies>reg.exe delete "HKEY_CLASSES_ROOT\TypeLib\{4825FF42-D8F9-4B30-9115-FE4445130FB6}" /f 
Ž¯¥à æ¨ï ãá¯¥è­® § ¢¥àè¥­ .

---------------------------------------------
18-09-2018 22:37:14 Ðåãèñòðàöèÿ ñáîðîê â GAC, v4.30.42654

C:\Program Files\NetCity2\Assemblies>echo Registering third party libraries... 
Registering third party libraries...

C:\Program Files\NetCity2\Assemblies>gacutil /nologo /i adodb.dll 

C:\Program Files\NetCity2\Assemblies>gacutil /nologo /i log4net.dll 

C:\Program Files\NetCity2\Assemblies>gacutil /nologo /i Castle.Windsor.dll 

C:\Program Files\NetCity2\Assemblies>gacutil /nologo /i Castle.Core.dll 

C:\Program Files\NetCity2\Assemblies>gacutil /nologo /i Newtonsoft.Json.dll 

C:\Program Files\NetCity2\Assemblies>gacutil /nologo /i Interop.ASPTypeLibrary.dll 

C:\Program Files\NetCity2\Assemblies>gacutil /nologo /i NPOI.dll 

C:\Program Files\NetCity2\Assemblies>gacutil /nologo /i System.Threading.dll 

C:\Program Files\NetCity2\Assemblies>gacutil /nologo /i ICSharpCode.SharpZipLib.dll 

C:\Program Files\NetCity2\Assemblies>gacutil /nologo /i Iesi.Collections.dll 

C:\Program Files\NetCity2\Assemblies>gacutil /nologo /i FirebirdSql.Data.FirebirdClient.dll 

C:\Program Files\NetCity2\Assemblies>gacutil /nologo /i JamaaTech.Smpp.Net.Client.v1.4.dll 

C:\Program Files\NetCity2\Assemblies>gacutil /nologo /i JamaaTech.Smpp.Net.Lib.v1.4.dll 

C:\Program Files\NetCity2\Assemblies>echo Registering Assemblies... 
Registering Assemblies...

C:\Program Files\NetCity2\Assemblies>regasm /nologo /codebase /tlb NetCity.Common.dll 
Types registered successfully
Type library exporter warning processing 'NetCity.Common.ValueObjects.Users.Documents.Validators.IDocTypeValidator`1, NetCity.Common'. Warning: Type library exporter encountered a generic type. Generic classes may not be exposed to COM.
Type library exporter warning processing 'NetCity.Common.ValueObjects.Menu.Builders.DisplayRulesBuilder`1, NetCity.Common'. Warning: Type library exporter encountered a generic type. Generic classes may not be exposed to COM.
Type library exporter warning processing 'NetCity.Common.Specs.AndSpecification`1, NetCity.Common'. Warning: Type library exporter encountered a generic type. Generic classes may not be exposed to COM.
Type library exporter warning processing 'NetCity.Common.Specs.FalseSpecification`1, NetCity.Common'. Warning: Type library exporter encountered a generic type. Generic classes may not be exposed to COM.
Type library exporter warning processing 'NetCity.Common.Specs.ISpecification`1, NetCity.Common'. Warning: Type library exporter encountered a generic type. Generic classes may not be exposed to COM.
Type library exporter warning processing 'NetCity.Common.Specs.NotSpecification`1, NetCity.Common'. Warning: Type library exporter encountered a generic type. Generic classes may not be exposed to COM.
Type library exporter warning processing 'NetCity.Common.Specs.OrSpecification`1, NetCity.Common'. Warning: Type library exporter encountered a generic type. Generic classes may not be exposed to COM.
Type library exporter warning processing 'NetCity.Common.Specs.SimpleSpec`1, NetCity.Common'. Warning: Type library exporter encountered a generic type. Generic classes may not be exposed to COM.
Type library exporter warning processing 'NetCity.Common.Specs.TrueSpecification`1, NetCity.Common'. Warning: Type library exporter encountered a generic type. Generic classes may not be exposed to COM.
Type library exporter warning processing 'NetCity.Common.Helpers.Comparer.PropertyState`1, NetCity.Common'. Warning: Type library exporter encountered a generic type. Generic classes may not be exposed to COM.
Type library exporter warning processing 'NetCity.Common.Helpers.Comparer.DeepPropertyState`1, NetCity.Common'. Warning: Type library exporter encountered a generic type. Generic classes may not be exposed to COM.
Type library exporter warning processing 'NetCity.Common.Helpers.Comparer.State`1, NetCity.Common'. Warning: Type library exporter encountered a generic type. Generic classes may not be exposed to COM.
Type library exporter warning processing 'NetCity.Common.Helpers.Comparer.Variation`1, NetCity.Common'. Warning: Type library exporter encountered a generic type. Generic classes may not be exposed to COM.
Type library exporter warning processing 'NetCity.Common.ObjectModel.Nhibernate.Entity+IdEqualityComparer`1, NetCity.Common'. Warning: Type library exporter encountered a generic type. Generic classes may not be exposed to COM.
Type library exporter warning processing 'NetCity.Common.ValueObjects.Menu.Builders.MenuItemBuilder+MenuItemDisplayRulesBuilder, NetCity.Common'. Warning: Type library exporter encountered a type that derives from a generic class and is not marked as [ClassInterface(ClassInterfaceType.None)]. Class interfaces cannot be exposed for such types. Consider marking the type with [ClassInterface(ClassInterfaceType.None)] and exposing an explicit interface as the default interface to COM using the ComDefaultInterface attribute.
Type library exporter warning processing 'NetCity.Common.ValueObjects.Menu.Builders.MenuItemBuilder+TabItemBuilder+TabItemDisplayRulesBuilder, NetCity.Common'. Warning: Type library exporter encountered a type that derives from a generic class and is not marked as [ClassInterface(ClassInterfaceType.None)]. Class interfaces cannot be exposed for such types. Consider marking the type with [ClassInterface(ClassInterfaceType.None)] and exposing an explicit interface as the default interface to COM using the ComDefaultInterface attribute.
Type library exporter warning processing 'NetCity.Common.ObjectModel.Nhibernate.Address.IFiasCoded.get_Fias(#0), NetCity.Common'. Warning: Type library exporter encountered a generic type instance in a signature. Generic code may not be exported to COM.
Type library exporter warning processing 'NetCity.Common.Helpers.ICacheActualization.GetAll(#0), NetCity.Common'. Warning: Type library exporter encountered a generic type instance in a signature. Generic code may not be exported to COM.
Type library exporter warning processing 'NetCity.Common.Events.Data.IAuthorEventData.get_AuthorLoginEventId(#0), NetCity.Common'. Warning: Type library exporter encountered a generic type instance in a signature. Generic code may not be exported to COM.
Type library exporter warning processing 'NetCity.Common.Events.Data.Performance.Base.IClassmeetingBindedEventData.get_ClassmeetingId(#0), NetCity.Common'. Warning: Type library exporter encountered a generic type instance in a signature. Generic code may not be exported to COM.
Type library exporter warning processing 'NetCity.Common.Events.Data.Performance.Base.IClassmeetingBindedEventData.get_ClassmeetingDay(#0), NetCity.Common'. Warning: Type library exporter encountered a generic type instance in a signature. Generic code may not be exported to COM.
Type library exporter warning processing 'NetCity.Common.Components.Abstraction.IGradingManager.InitManualYearSettings(weight), NetCity.Common'. Warning: Type library exporter encountered a generic type instance in a signature. Generic code may not be exported to COM.
Type library exporter warning processing 'NetCity.Common.Components.Abstraction.IGradingManager.CalcAvgMarks(#0), NetCity.Common'. Warning: Type library exporter encountered a generic type instance in a signature. Generic code may not be exported to COM.
Type library exporter warning processing 'NetCity.Common.Components.Abstraction.IGradingManager.GetTotalsGradingFunc(#0), NetCity.Common'. Warning: Type library exporter encountered a generic type instance in a signature. Generic code may not be exported to COM.
Type library exporter warning processing 'NetCity.Common.Components.Abstraction.IReportsComponent.GetAchievementsTalentStudents(sportTitle), NetCity.Common'. Warning: Type library exporter encountered a generic type instance in a signature. Generic code may not be exported to COM.
Type library exporter warning processing 'NetCity.Common.Components.Abstraction.IReportsComponent.GetTalentStudentsEvents(sportTitle), NetCity.Common'. Warning: Type library exporter encountered a generic type instance in a signature. Generic code may not be exported to COM.
Type library exporter warning processing 'NetCity.Common.Components.Abstraction.IGradingComponent.GetJournalFilters(#0), NetCity.Common'. Warning: Type library exporter encountered a generic type instance in a signature. Generic code may not be exported to COM.
Type library exporter warning processing 'NetCity.Common.Components.Abstraction.IGiaComponent.GetEgePersons(#0), NetCity.Common'. Warning: Type library exporter encountered a generic type instance in a signature. Generic code may not be exported to COM.
Type library exporter warning processing 'NetCity.Common.Components.Abstraction.IGiaComponent.GetGiaResultsFilters(#0), NetCity.Common'. Warning: Type library exporter encountered a generic type instance in a signature. Generic code may not be exported to COM.
Type library exporter warning processing 'NetCity.Common.Components.Abstraction.IGiaComponent.GetEmGiaResultsFilters(#0), NetCity.Common'. Warning: Type library exporter encountered a generic type instance in a signature. Generic code may not be exported to COM.
Type library exporter warning processing 'NetCity.Common.Components.Abstraction.IFileAttachmentsComponent.CreateFileAttachment(userId), NetCity.Common'. Warning: Type library exporter encountered a generic type instance in a signature. Generic code may not be exported to COM.
Type library exporter warning processing 'NetCity.Common.Components.Abstraction.IServerSettingsComponent.SaveUserAuthorizationSettings(noticeStartDate), NetCity.Common'. Warning: Type library exporter encountered a generic type instance in a signature. Generic code may not be exported to COM.
Type library exporter warning processing 'NetCity.Common.Abstraction.WebObjects.IResponse.SetCookie(expireDate), NetCity.Common'. Warning: Type library exporter encountered a generic type instance in a signature. Generic code may not be exported to COM.
Assembly exported to 'C:\Program Files\NetCity2\Assemblies\NetCity.Common.tlb', and the type library was registered successfully

C:\Program Files\NetCity2\Assemblies>regasm /nologo /codebase NetCity.Language.dll 
Types registered successfully

C:\Program Files\NetCity2\Assemblies>regasm /nologo /codebase NS_DAComWrapper.dll 
Types registered successfully

C:\Program Files\NetCity2\Assemblies>regasm /nologo /codebase NetCity.ReportManager.dll 
Types registered successfully

C:\Program Files\NetCity2\Assemblies>regasm /nologo /codebase NetCity.ModulesWrapper.dll 
Types registered successfully

C:\Program Files\NetCity2\Assemblies>regasm /nologo /codebase NetCity.Components.dll 
RegAsm : warning RA0000 : Registering an unsigned assembly with /codebase can cause your assembly to interfere with other applications that may be installed on the same computer. The /codebase switch is intended to be used only with signed assemblies. Please give your assembly a strong name and re-register it.
Types registered successfully

C:\Program Files\NetCity2\Assemblies>regasm /nologo /codebase /tlb NetCity.Integration.LACC.dll 
RegAsm : warning RA0000 : Registering an unsigned assembly with /codebase can cause your assembly to interfere with other applications that may be installed on the same computer. The /codebase switch is intended to be used only with signed assemblies. Please give your assembly a strong name and re-register it.
Types registered successfully
Assembly exported to 'C:\Program Files\NetCity2\Assemblies\NetCity.Integration.LACC.tlb', and the type library was registered successfully

---------------------------------------------
26-09-2018 23:22:52 Óäàëåíèå ñáîðîê èç GAC

C:\Program Files\NetCity2\Assemblies>regasm /u /nologo NetCity.Components.dll 
Types un-registered successfully

C:\Program Files\NetCity2\Assemblies>regasm /u /nologo NetCity.ModulesWrapper.dll 
Types un-registered successfully

C:\Program Files\NetCity2\Assemblies>regasm /u /nologo NetCity.ReportManager.dll 
Types un-registered successfully

C:\Program Files\NetCity2\Assemblies>regasm /u /nologo NS_DAComWrapper.dll 
Types un-registered successfully

C:\Program Files\NetCity2\Assemblies>regasm /u /nologo NetCity.Language.dll 
Types un-registered successfully

C:\Program Files\NetCity2\Assemblies>gacutil /nologo /u NetCity.Language 

C:\Program Files\NetCity2\Assemblies>regasm /u /nologo NetCity.Common.dll 
Types un-registered successfully

C:\Program Files\NetCity2\Assemblies>gacutil /nologo /u NetCity.Common 

C:\Program Files\NetCity2\Assemblies>regasm /u /nologo NetCity.Integration.LACC.dll 
Types un-registered successfully

C:\Program Files\NetCity2\Assemblies>gacutil /nologo /u FluentNHibernate 

C:\Program Files\NetCity2\Assemblies>gacutil /nologo /u NHibernate 

C:\Program Files\NetCity2\Assemblies>reg.exe delete "HKEY_CLASSES_ROOT\TypeLib\{4825FF42-D8F9-4B30-9115-FE4445130FB6}" /f 
Ž¯¥à æ¨ï ãá¯¥è­® § ¢¥àè¥­ .

---------------------------------------------
26-09-2018 23:24:40 Ðåãèñòðàöèÿ ñáîðîê â GAC, v4.30.42697

C:\Program Files\NetCity2\Assemblies>echo Registering third party libraries... 
Registering third party libraries...

C:\Program Files\NetCity2\Assemblies>gacutil /nologo /i adodb.dll 

C:\Program Files\NetCity2\Assemblies>gacutil /nologo /i log4net.dll 

C:\Program Files\NetCity2\Assemblies>gacutil /nologo /i Castle.Windsor.dll 

C:\Program Files\NetCity2\Assemblies>gacutil /nologo /i Castle.Core.dll 

C:\Program Files\NetCity2\Assemblies>gacutil /nologo /i Newtonsoft.Json.dll 

C:\Program Files\NetCity2\Assemblies>gacutil /nologo /i Interop.ASPTypeLibrary.dll 

C:\Program Files\NetCity2\Assemblies>gacutil /nologo /i NPOI.dll 

C:\Program Files\NetCity2\Assemblies>gacutil /nologo /i System.Threading.dll 

C:\Program Files\NetCity2\Assemblies>gacutil /nologo /i ICSharpCode.SharpZipLib.dll 

C:\Program Files\NetCity2\Assemblies>gacutil /nologo /i Iesi.Collections.dll 

C:\Program Files\NetCity2\Assemblies>gacutil /nologo /i FirebirdSql.Data.FirebirdClient.dll 

C:\Program Files\NetCity2\Assemblies>gacutil /nologo /i JamaaTech.Smpp.Net.Client.v1.4.dll 

C:\Program Files\NetCity2\Assemblies>gacutil /nologo /i JamaaTech.Smpp.Net.Lib.v1.4.dll 

C:\Program Files\NetCity2\Assemblies>echo Registering Assemblies... 
Registering Assemblies...

C:\Program Files\NetCity2\Assemblies>regasm /nologo /codebase /tlb NetCity.Common.dll 
Types registered successfully
Type library exporter warning processing 'NetCity.Common.ValueObjects.Users.Documents.Validators.IDocTypeValidator`1, NetCity.Common'. Warning: Type library exporter encountered a generic type. Generic classes may not be exposed to COM.
Type library exporter warning processing 'NetCity.Common.ValueObjects.Menu.Builders.DisplayRulesBuilder`1, NetCity.Common'. Warning: Type library exporter encountered a generic type. Generic classes may not be exposed to COM.
Type library exporter warning processing 'NetCity.Common.Specs.AndSpecification`1, NetCity.Common'. Warning: Type library exporter encountered a generic type. Generic classes may not be exposed to COM.
Type library exporter warning processing 'NetCity.Common.Specs.FalseSpecification`1, NetCity.Common'. Warning: Type library exporter encountered a generic type. Generic classes may not be exposed to COM.
Type library exporter warning processing 'NetCity.Common.Specs.ISpecification`1, NetCity.Common'. Warning: Type library exporter encountered a generic type. Generic classes may not be exposed to COM.
Type library exporter warning processing 'NetCity.Common.Specs.NotSpecification`1, NetCity.Common'. Warning: Type library exporter encountered a generic type. Generic classes may not be exposed to COM.
Type library exporter warning processing 'NetCity.Common.Specs.OrSpecification`1, NetCity.Common'. Warning: Type library exporter encountered a generic type. Generic classes may not be exposed to COM.
Type library exporter warning processing 'NetCity.Common.Specs.SimpleSpec`1, NetCity.Common'. Warning: Type library exporter encountered a generic type. Generic classes may not be exposed to COM.
Type library exporter warning processing 'NetCity.Common.Specs.TrueSpecification`1, NetCity.Common'. Warning: Type library exporter encountered a generic type. Generic classes may not be exposed to COM.
Type library exporter warning processing 'NetCity.Common.Helpers.Comparer.PropertyState`1, NetCity.Common'. Warning: Type library exporter encountered a generic type. Generic classes may not be exposed to COM.
Type library exporter warning processing 'NetCity.Common.Helpers.Comparer.DeepPropertyState`1, NetCity.Common'. Warning: Type library exporter encountered a generic type. Generic classes may not be exposed to COM.
Type library exporter warning processing 'NetCity.Common.Helpers.Comparer.State`1, NetCity.Common'. Warning: Type library exporter encountered a generic type. Generic classes may not be exposed to COM.
Type library exporter warning processing 'NetCity.Common.Helpers.Comparer.Variation`1, NetCity.Common'. Warning: Type library exporter encountered a generic type. Generic classes may not be exposed to COM.
Type library exporter warning processing 'NetCity.Common.ObjectModel.Nhibernate.Entity+IdEqualityComparer`1, NetCity.Common'. Warning: Type library exporter encountered a generic type. Generic classes may not be exposed to COM.
Type library exporter warning processing 'NetCity.Common.ValueObjects.Menu.Builders.MenuItemBuilder+MenuItemDisplayRulesBuilder, NetCity.Common'. Warning: Type library exporter encountered a type that derives from a generic class and is not marked as [ClassInterface(ClassInterfaceType.None)]. Class interfaces cannot be exposed for such types. Consider marking the type with [ClassInterface(ClassInterfaceType.None)] and exposing an explicit interface as the default interface to COM using the ComDefaultInterface attribute.
Type library exporter warning processing 'NetCity.Common.ValueObjects.Menu.Builders.MenuItemBuilder+TabItemBuilder+TabItemDisplayRulesBuilder, NetCity.Common'. Warning: Type library exporter encountered a type that derives from a generic class and is not marked as [ClassInterface(ClassInterfaceType.None)]. Class interfaces cannot be exposed for such types. Consider marking the type with [ClassInterface(ClassInterfaceType.None)] and exposing an explicit interface as the default interface to COM using the ComDefaultInterface attribute.
Type library exporter warning processing 'NetCity.Common.ObjectModel.Nhibernate.Address.IFiasCoded.get_Fias(#0), NetCity.Common'. Warning: Type library exporter encountered a generic type instance in a signature. Generic code may not be exported to COM.
Type library exporter warning processing 'NetCity.Common.Helpers.ICacheActualization.GetAll(#0), NetCity.Common'. Warning: Type library exporter encountered a generic type instance in a signature. Generic code may not be exported to COM.
Type library exporter warning processing 'NetCity.Common.Events.Data.IAuthorEventData.get_AuthorLoginEventId(#0), NetCity.Common'. Warning: Type library exporter encountered a generic type instance in a signature. Generic code may not be exported to COM.
Type library exporter warning processing 'NetCity.Common.Events.Data.Performance.Base.IClassmeetingBindedEventData.get_ClassmeetingId(#0), NetCity.Common'. Warning: Type library exporter encountered a generic type instance in a signature. Generic code may not be exported to COM.
Type library exporter warning processing 'NetCity.Common.Events.Data.Performance.Base.IClassmeetingBindedEventData.get_ClassmeetingDay(#0), NetCity.Common'. Warning: Type library exporter encountered a generic type instance in a signature. Generic code may not be exported to COM.
Type library exporter warning processing 'NetCity.Common.Components.Abstraction.IGradingManager.InitManualYearSettings(weight), NetCity.Common'. Warning: Type library exporter encountered a generic type instance in a signature. Generic code may not be exported to COM.
Type library exporter warning processing 'NetCity.Common.Components.Abstraction.IGradingManager.CalcAvgMarks(#0), NetCity.Common'. Warning: Type library exporter encountered a generic type instance in a signature. Generic code may not be exported to COM.
Type library exporter warning processing 'NetCity.Common.Components.Abstraction.IGradingManager.GetTotalsGradingFunc(#0), NetCity.Common'. Warning: Type library exporter encountered a generic type instance in a signature. Generic code may not be exported to COM.
Type library exporter warning processing 'NetCity.Common.Components.Abstraction.IReportsComponent.GetAchievementsTalentStudents(sportTitle), NetCity.Common'. Warning: Type library exporter encountered a generic type instance in a signature. Generic code may not be exported to COM.
Type library exporter warning processing 'NetCity.Common.Components.Abstraction.IReportsComponent.GetTalentStudentsEvents(sportTitle), NetCity.Common'. Warning: Type library exporter encountered a generic type instance in a signature. Generic code may not be exported to COM.
Type library exporter warning processing 'NetCity.Common.Components.Abstraction.IGradingComponent.GetJournalFilters(#0), NetCity.Common'. Warning: Type library exporter encountered a generic type instance in a signature. Generic code may not be exported to COM.
Type library exporter warning processing 'NetCity.Common.Components.Abstraction.IGiaComponent.GetEgePersons(#0), NetCity.Common'. Warning: Type library exporter encountered a generic type instance in a signature. Generic code may not be exported to COM.
Type library exporter warning processing 'NetCity.Common.Components.Abstraction.IGiaComponent.GetGiaResultsFilters(#0), NetCity.Common'. Warning: Type library exporter encountered a generic type instance in a signature. Generic code may not be exported to COM.
Type library exporter warning processing 'NetCity.Common.Components.Abstraction.IGiaComponent.GetEmGiaResultsFilters(#0), NetCity.Common'. Warning: Type library exporter encountered a generic type instance in a signature. Generic code may not be exported to COM.
Type library exporter warning processing 'NetCity.Common.Components.Abstraction.IFileAttachmentsComponent.CreateFileAttachment(userId), NetCity.Common'. Warning: Type library exporter encountered a generic type instance in a signature. Generic code may not be exported to COM.
Type library exporter warning processing 'NetCity.Common.Components.Abstraction.IServerSettingsComponent.SaveUserAuthorizationSettings(noticeStartDate), NetCity.Common'. Warning: Type library exporter encountered a generic type instance in a signature. Generic code may not be exported to COM.
Type library exporter warning processing 'NetCity.Common.Abstraction.WebObjects.IResponse.SetCookie(expireDate), NetCity.Common'. Warning: Type library exporter encountered a generic type instance in a signature. Generic code may not be exported to COM.
Assembly exported to 'C:\Program Files\NetCity2\Assemblies\NetCity.Common.tlb', and the type library was registered successfully

C:\Program Files\NetCity2\Assemblies>regasm /nologo /codebase NetCity.Language.dll 
Types registered successfully

C:\Program Files\NetCity2\Assemblies>regasm /nologo /codebase NS_DAComWrapper.dll 
Types registered successfully

C:\Program Files\NetCity2\Assemblies>regasm /nologo /codebase NetCity.ReportManager.dll 
Types registered successfully

C:\Program Files\NetCity2\Assemblies>regasm /nologo /codebase NetCity.ModulesWrapper.dll 
Types registered successfully

C:\Program Files\NetCity2\Assemblies>regasm /nologo /codebase NetCity.Components.dll 
RegAsm : warning RA0000 : Registering an unsigned assembly with /codebase can cause your assembly to interfere with other applications that may be installed on the same computer. The /codebase switch is intended to be used only with signed assemblies. Please give your assembly a strong name and re-register it.
Types registered successfully

C:\Program Files\NetCity2\Assemblies>regasm /nologo /codebase /tlb NetCity.Integration.LACC.dll 
RegAsm : warning RA0000 : Registering an unsigned assembly with /codebase can cause your assembly to interfere with other applications that may be installed on the same computer. The /codebase switch is intended to be used only with signed assemblies. Please give your assembly a strong name and re-register it.
Types registered successfully
Assembly exported to 'C:\Program Files\NetCity2\Assemblies\NetCity.Integration.LACC.tlb', and the type library was registered successfully

---------------------------------------------
09-10-2018 20:19:09 Óäàëåíèå ñáîðîê èç GAC

C:\Program Files\NetCity2\Assemblies>regasm /u /nologo NetCity.Components.dll 
Types un-registered successfully

C:\Program Files\NetCity2\Assemblies>regasm /u /nologo NetCity.ModulesWrapper.dll 
Types un-registered successfully

C:\Program Files\NetCity2\Assemblies>regasm /u /nologo NetCity.ReportManager.dll 
Types un-registered successfully

C:\Program Files\NetCity2\Assemblies>regasm /u /nologo NS_DAComWrapper.dll 
Types un-registered successfully

C:\Program Files\NetCity2\Assemblies>regasm /u /nologo NetCity.Language.dll 
Types un-registered successfully

C:\Program Files\NetCity2\Assemblies>gacutil /nologo /u NetCity.Language 

C:\Program Files\NetCity2\Assemblies>regasm /u /nologo NetCity.Common.dll 
Types un-registered successfully

C:\Program Files\NetCity2\Assemblies>gacutil /nologo /u NetCity.Common 

C:\Program Files\NetCity2\Assemblies>regasm /u /nologo NetCity.Integration.LACC.dll 
Types un-registered successfully

C:\Program Files\NetCity2\Assemblies>gacutil /nologo /u FluentNHibernate 

C:\Program Files\NetCity2\Assemblies>gacutil /nologo /u NHibernate 

C:\Program Files\NetCity2\Assemblies>reg.exe delete "HKEY_CLASSES_ROOT\TypeLib\{4825FF42-D8F9-4B30-9115-FE4445130FB6}" /f 
Ž¯¥à æ¨ï ãá¯¥è­® § ¢¥àè¥­ .

---------------------------------------------
09-10-2018 20:21:40 Ðåãèñòðàöèÿ ñáîðîê â GAC, v4.30.42805

C:\Program Files\NetCity2\Assemblies>echo Registering third party libraries... 
Registering third party libraries...

C:\Program Files\NetCity2\Assemblies>gacutil /nologo /i adodb.dll 

C:\Program Files\NetCity2\Assemblies>gacutil /nologo /i log4net.dll 

C:\Program Files\NetCity2\Assemblies>gacutil /nologo /i Castle.Windsor.dll 

C:\Program Files\NetCity2\Assemblies>gacutil /nologo /i Castle.Core.dll 

C:\Program Files\NetCity2\Assemblies>gacutil /nologo /i Newtonsoft.Json.dll 

C:\Program Files\NetCity2\Assemblies>gacutil /nologo /i Interop.ASPTypeLibrary.dll 

C:\Program Files\NetCity2\Assemblies>gacutil /nologo /i NPOI.dll 

C:\Program Files\NetCity2\Assemblies>gacutil /nologo /i System.Threading.dll 

C:\Program Files\NetCity2\Assemblies>gacutil /nologo /i ICSharpCode.SharpZipLib.dll 

C:\Program Files\NetCity2\Assemblies>gacutil /nologo /i Iesi.Collections.dll 

C:\Program Files\NetCity2\Assemblies>gacutil /nologo /i FirebirdSql.Data.FirebirdClient.dll 

C:\Program Files\NetCity2\Assemblies>gacutil /nologo /i JamaaTech.Smpp.Net.Client.v1.4.dll 

C:\Program Files\NetCity2\Assemblies>gacutil /nologo /i JamaaTech.Smpp.Net.Lib.v1.4.dll 

C:\Program Files\NetCity2\Assemblies>echo Registering Assemblies... 
Registering Assemblies...

C:\Program Files\NetCity2\Assemblies>regasm /nologo /codebase /tlb NetCity.Common.dll 
Types registered successfully
Type library exporter warning processing 'NetCity.Common.ValueObjects.Users.Documents.Validators.IDocTypeValidator`1, NetCity.Common'. Warning: Type library exporter encountered a generic type. Generic classes may not be exposed to COM.
Type library exporter warning processing 'NetCity.Common.ValueObjects.Menu.Builders.DisplayRulesBuilder`1, NetCity.Common'. Warning: Type library exporter encountered a generic type. Generic classes may not be exposed to COM.
Type library exporter warning processing 'NetCity.Common.Specs.AndSpecification`1, NetCity.Common'. Warning: Type library exporter encountered a generic type. Generic classes may not be exposed to COM.
Type library exporter warning processing 'NetCity.Common.Specs.FalseSpecification`1, NetCity.Common'. Warning: Type library exporter encountered a generic type. Generic classes may not be exposed to COM.
Type library exporter warning processing 'NetCity.Common.Specs.ISpecification`1, NetCity.Common'. Warning: Type library exporter encountered a generic type. Generic classes may not be exposed to COM.
Type library exporter warning processing 'NetCity.Common.Specs.NotSpecification`1, NetCity.Common'. Warning: Type library exporter encountered a generic type. Generic classes may not be exposed to COM.
Type library exporter warning processing 'NetCity.Common.Specs.OrSpecification`1, NetCity.Common'. Warning: Type library exporter encountered a generic type. Generic classes may not be exposed to COM.
Type library exporter warning processing 'NetCity.Common.Specs.SimpleSpec`1, NetCity.Common'. Warning: Type library exporter encountered a generic type. Generic classes may not be exposed to COM.
Type library exporter warning processing 'NetCity.Common.Specs.TrueSpecification`1, NetCity.Common'. Warning: Type library exporter encountered a generic type. Generic classes may not be exposed to COM.
Type library exporter warning processing 'NetCity.Common.StorageTypes.AbstractCache`2, NetCity.Common'. Warning: Type library exporter encountered a generic type. Generic classes may not be exposed to COM.
Type library exporter warning processing 'NetCity.Common.StorageTypes.CommonCache`1, NetCity.Common'. Warning: Type library exporter encountered a generic type. Generic classes may not be exposed to COM.
Type library exporter warning processing 'NetCity.Common.Helpers.Comparer.PropertyState`1, NetCity.Common'. Warning: Type library exporter encountered a generic type. Generic classes may not be exposed to COM.
Type library exporter warning processing 'NetCity.Common.Helpers.Comparer.DeepPropertyState`1, NetCity.Common'. Warning: Type library exporter encountered a generic type. Generic classes may not be exposed to COM.
Type library exporter warning processing 'NetCity.Common.Helpers.Comparer.State`1, NetCity.Common'. Warning: Type library exporter encountered a generic type. Generic classes may not be exposed to COM.
Type library exporter warning processing 'NetCity.Common.Helpers.Comparer.Variation`1, NetCity.Common'. Warning: Type library exporter encountered a generic type. Generic classes may not be exposed to COM.
Type library exporter warning processing 'NetCity.Common.ObjectModel.Nhibernate.Entity+IdEqualityComparer`1, NetCity.Common'. Warning: Type library exporter encountered a generic type. Generic classes may not be exposed to COM.
Type library exporter warning processing 'NetCity.Common.ValueObjects.Menu.Builders.MenuItemBuilder+MenuItemDisplayRulesBuilder, NetCity.Common'. Warning: Type library exporter encountered a type that derives from a generic class and is not marked as [ClassInterface(ClassInterfaceType.None)]. Class interfaces cannot be exposed for such types. Consider marking the type with [ClassInterface(ClassInterfaceType.None)] and exposing an explicit interface as the default interface to COM using the ComDefaultInterface attribute.
Type library exporter warning processing 'NetCity.Common.ValueObjects.Menu.Builders.MenuItemBuilder+TabItemBuilder+TabItemDisplayRulesBuilder, NetCity.Common'. Warning: Type library exporter encountered a type that derives from a generic class and is not marked as [ClassInterface(ClassInterfaceType.None)]. Class interfaces cannot be exposed for such types. Consider marking the type with [ClassInterface(ClassInterfaceType.None)] and exposing an explicit interface as the default interface to COM using the ComDefaultInterface attribute.
Type library exporter warning processing 'NetCity.Common.ObjectModel.Nhibernate.Address.IFiasCoded.get_Fias(#0), NetCity.Common'. Warning: Type library exporter encountered a generic type instance in a signature. Generic code may not be exported to COM.
Type library exporter warning processing 'NetCity.Common.Helpers.ICacheActualization.GetAll(#0), NetCity.Common'. Warning: Type library exporter encountered a generic type instance in a signature. Generic code may not be exported to COM.
Type library exporter warning processing 'NetCity.Common.Events.Data.IAuthorEventData.get_AuthorLoginEventId(#0), NetCity.Common'. Warning: Type library exporter encountered a generic type instance in a signature. Generic code may not be exported to COM.
Type library exporter warning processing 'NetCity.Common.Events.Data.Performance.Base.IClassmeetingBindedEventData.get_ClassmeetingId(#0), NetCity.Common'. Warning: Type library exporter encountered a generic type instance in a signature. Generic code may not be exported to COM.
Type library exporter warning processing 'NetCity.Common.Events.Data.Performance.Base.IClassmeetingBindedEventData.get_ClassmeetingDay(#0), NetCity.Common'. Warning: Type library exporter encountered a generic type instance in a signature. Generic code may not be exported to COM.
Type library exporter warning processing 'NetCity.Common.Components.Abstraction.IGradingManager.InitManualYearSettings(weight), NetCity.Common'. Warning: Type library exporter encountered a generic type instance in a signature. Generic code may not be exported to COM.
Type library exporter warning processing 'NetCity.Common.Components.Abstraction.IGradingManager.CalcAvgMarks(#0), NetCity.Common'. Warning: Type library exporter encountered a generic type instance in a signature. Generic code may not be exported to COM.
Type library exporter warning processing 'NetCity.Common.Components.Abstraction.IGradingManager.GetTotalsGradingFunc(#0), NetCity.Common'. Warning: Type library exporter encountered a generic type instance in a signature. Generic code may not be exported to COM.
Type library exporter warning processing 'NetCity.Common.Components.Abstraction.IReportsComponent.GetAchievementsTalentStudents(sportTitle), NetCity.Common'. Warning: Type library exporter encountered a generic type instance in a signature. Generic code may not be exported to COM.
Type library exporter warning processing 'NetCity.Common.Components.Abstraction.IReportsComponent.GetTalentStudentsEvents(sportTitle), NetCity.Common'. Warning: Type library exporter encountered a generic type instance in a signature. Generic code may not be exported to COM.
Type library exporter warning processing 'NetCity.Common.Components.Abstraction.IGradingComponent.GetJournalFilters(#0), NetCity.Common'. Warning: Type library exporter encountered a generic type instance in a signature. Generic code may not be exported to COM.
Type library exporter warning processing 'NetCity.Common.Components.Abstraction.IGiaComponent.GetEgePersons(#0), NetCity.Common'. Warning: Type library exporter encountered a generic type instance in a signature. Generic code may not be exported to COM.
Type library exporter warning processing 'NetCity.Common.Components.Abstraction.IGiaComponent.GetGiaResultsFilters(#0), NetCity.Common'. Warning: Type library exporter encountered a generic type instance in a signature. Generic code may not be exported to COM.
Type library exporter warning processing 'NetCity.Common.Components.Abstraction.IGiaComponent.GetEmGiaResultsFilters(#0), NetCity.Common'. Warning: Type library exporter encountered a generic type instance in a signature. Generic code may not be exported to COM.
Type library exporter warning processing 'NetCity.Common.Components.Abstraction.IFileAttachmentsComponent.CreateFileAttachment(userId), NetCity.Common'. Warning: Type library exporter encountered a generic type instance in a signature. Generic code may not be exported to COM.
Type library exporter warning processing 'NetCity.Common.Components.Abstraction.IServerSettingsComponent.SaveUserAuthorizationSettings(noticeStartDate), NetCity.Common'. Warning: Type library exporter encountered a generic type instance in a signature. Generic code may not be exported to COM.
Type library exporter warning processing 'NetCity.Common.Abstraction.WebObjects.IResponse.SetCookie(expireDate), NetCity.Common'. Warning: Type library exporter encountered a generic type instance in a signature. Generic code may not be exported to COM.
Assembly exported to 'C:\Program Files\NetCity2\Assemblies\NetCity.Common.tlb', and the type library was registered successfully

C:\Program Files\NetCity2\Assemblies>regasm /nologo /codebase NetCity.Language.dll 
Types registered successfully

C:\Program Files\NetCity2\Assemblies>regasm /nologo /codebase NS_DAComWrapper.dll 
Types registered successfully

C:\Program Files\NetCity2\Assemblies>regasm /nologo /codebase NetCity.ReportManager.dll 
Types registered successfully

C:\Program Files\NetCity2\Assemblies>regasm /nologo /codebase NetCity.ModulesWrapper.dll 
Types registered successfully

C:\Program Files\NetCity2\Assemblies>regasm /nologo /codebase NetCity.Components.dll 
RegAsm : warning RA0000 : Registering an unsigned assembly with /codebase can cause your assembly to interfere with other applications that may be installed on the same computer. The /codebase switch is intended to be used only with signed assemblies. Please give your assembly a strong name and re-register it.
Types registered successfully

C:\Program Files\NetCity2\Assemblies>regasm /nologo /codebase /tlb NetCity.Integration.LACC.dll 
RegAsm : warning RA0000 : Registering an unsigned assembly with /codebase can cause your assembly to interfere with other applications that may be installed on the same computer. The /codebase switch is intended to be used only with signed assemblies. Please give your assembly a strong name and re-register it.
Types registered successfully
Assembly exported to 'C:\Program Files\NetCity2\Assemblies\NetCity.Integration.LACC.tlb', and the type library was registered successfully

---------------------------------------------
06-06-2019 18:06:37 Óäàëåíèå ñáîðîê èç GAC

C:\Program Files\NetCity2\Assemblies>regasm /u /nologo NetCity.Components.dll 
RegAsm : error RA0000 : Unable to locate input assembly 'NetCity.Components.dll' or one of its dependencies.

C:\Program Files\NetCity2\Assemblies>regasm /u /nologo NetCity.ModulesWrapper.dll 
RegAsm : error RA0000 : Unable to locate input assembly 'NetCity.ModulesWrapper.dll' or one of its dependencies.

C:\Program Files\NetCity2\Assemblies>regasm /u /nologo NetCity.ReportManager.dll 
RegAsm : error RA0000 : Unable to locate input assembly 'NetCity.ReportManager.dll' or one of its dependencies.

C:\Program Files\NetCity2\Assemblies>regasm /u /nologo NS_DAComWrapper.dll 
RegAsm : error RA0000 : Unable to locate input assembly 'NS_DAComWrapper.dll' or one of its dependencies.

C:\Program Files\NetCity2\Assemblies>regasm /u /nologo NetCity.Language.dll 
RegAsm : error RA0000 : Unable to locate input assembly 'NetCity.Language.dll' or one of its dependencies.

C:\Program Files\NetCity2\Assemblies>gacutil /nologo /u NetCity.Language 

C:\Program Files\NetCity2\Assemblies>regasm /u /nologo NetCity.Common.dll 
RegAsm : error RA0000 : Unable to locate input assembly 'NetCity.Common.dll' or one of its dependencies.

C:\Program Files\NetCity2\Assemblies>gacutil /nologo /u NetCity.Common 

C:\Program Files\NetCity2\Assemblies>regasm /u /nologo NetCity.Integration.LACC.dll 
RegAsm : error RA0000 : Unable to locate input assembly 'NetCity.Integration.LACC.dll' or one of its dependencies.

C:\Program Files\NetCity2\Assemblies>gacutil /nologo /u FluentNHibernate 

C:\Program Files\NetCity2\Assemblies>gacutil /nologo /u NHibernate 

C:\Program Files\NetCity2\Assemblies>reg.exe delete "HKEY_CLASSES_ROOT\TypeLib\{4825FF42-D8F9-4B30-9115-FE4445130FB6}" /f 
Ž¯¥à æ¨ï ãá¯¥è­® § ¢¥àè¥­ .

---------------------------------------------
06-06-2019 18:11:35 Ðåãèñòðàöèÿ ñáîðîê â GAC, v4.40.46877

C:\Program Files\NetCity2\Assemblies>echo Registering third party libraries... 
Registering third party libraries...

C:\Program Files\NetCity2\Assemblies>gacutil /nologo /i adodb.dll 

C:\Program Files\NetCity2\Assemblies>gacutil /nologo /i log4net.dll 

C:\Program Files\NetCity2\Assemblies>gacutil /nologo /i Castle.Windsor.dll 

C:\Program Files\NetCity2\Assemblies>gacutil /nologo /i Castle.Core.dll 

C:\Program Files\NetCity2\Assemblies>gacutil /nologo /i Newtonsoft.Json.dll 

C:\Program Files\NetCity2\Assemblies>gacutil /nologo /i Interop.ASPTypeLibrary.dll 

C:\Program Files\NetCity2\Assemblies>gacutil /nologo /i NPOI.dll 

C:\Program Files\NetCity2\Assemblies>gacutil /nologo /i System.Threading.dll 

C:\Program Files\NetCity2\Assemblies>gacutil /nologo /i ICSharpCode.SharpZipLib.dll 

C:\Program Files\NetCity2\Assemblies>gacutil /nologo /i Iesi.Collections.dll 

C:\Program Files\NetCity2\Assemblies>gacutil /nologo /i FirebirdSql.Data.FirebirdClient.dll 

C:\Program Files\NetCity2\Assemblies>gacutil /nologo /i JamaaTech.Smpp.Net.Client.v1.4.dll 

C:\Program Files\NetCity2\Assemblies>gacutil /nologo /i JamaaTech.Smpp.Net.Lib.v1.4.dll 

C:\Program Files\NetCity2\Assemblies>echo Registering Assemblies... 
Registering Assemblies...

C:\Program Files\NetCity2\Assemblies>regasm /nologo /codebase /tlb NetCity.Common.dll 
Types registered successfully
Type library exporter warning processing 'NetCity.Common.ValueObjects.Users.Documents.Validators.IDocTypeValidator`1, NetCity.Common'. Warning: Type library exporter encountered a generic type. Generic classes may not be exposed to COM.
Type library exporter warning processing 'NetCity.Common.ValueObjects.Menu.Builders.DisplayRulesBuilder`1, NetCity.Common'. Warning: Type library exporter encountered a generic type. Generic classes may not be exposed to COM.
Type library exporter warning processing 'NetCity.Common.StorageTypes.AbstractCache`2, NetCity.Common'. Warning: Type library exporter encountered a generic type. Generic classes may not be exposed to COM.
Type library exporter warning processing 'NetCity.Common.StorageTypes.CommonCache`1, NetCity.Common'. Warning: Type library exporter encountered a generic type. Generic classes may not be exposed to COM.
Type library exporter warning processing 'NetCity.Common.Specs.AndSpecification`1, NetCity.Common'. Warning: Type library exporter encountered a generic type. Generic classes may not be exposed to COM.
Type library exporter warning processing 'NetCity.Common.Specs.FalseSpecification`1, NetCity.Common'. Warning: Type library exporter encountered a generic type. Generic classes may not be exposed to COM.
Type library exporter warning processing 'NetCity.Common.Specs.ISpecification`1, NetCity.Common'. Warning: Type library exporter encountered a generic type. Generic classes may not be exposed to COM.
Type library exporter warning processing 'NetCity.Common.Specs.NotSpecification`1, NetCity.Common'. Warning: Type library exporter encountered a generic type. Generic classes may not be exposed to COM.
Type library exporter warning processing 'NetCity.Common.Specs.OrSpecification`1, NetCity.Common'. Warning: Type library exporter encountered a generic type. Generic classes may not be exposed to COM.
Type library exporter warning processing 'NetCity.Common.Specs.SimpleSpec`1, NetCity.Common'. Warning: Type library exporter encountered a generic type. Generic classes may not be exposed to COM.
Type library exporter warning processing 'NetCity.Common.Specs.TrueSpecification`1, NetCity.Common'. Warning: Type library exporter encountered a generic type. Generic classes may not be exposed to COM.
Type library exporter warning processing 'NetCity.Common.Helpers.Comparer.PropertyState`1, NetCity.Common'. Warning: Type library exporter encountered a generic type. Generic classes may not be exposed to COM.
Type library exporter warning processing 'NetCity.Common.Helpers.Comparer.DeepPropertyState`1, NetCity.Common'. Warning: Type library exporter encountered a generic type. Generic classes may not be exposed to COM.
Type library exporter warning processing 'NetCity.Common.Helpers.Comparer.State`1, NetCity.Common'. Warning: Type library exporter encountered a generic type. Generic classes may not be exposed to COM.
Type library exporter warning processing 'NetCity.Common.Helpers.Comparer.Variation`1, NetCity.Common'. Warning: Type library exporter encountered a generic type. Generic classes may not be exposed to COM.
Type library exporter warning processing 'NetCity.Common.AccessLog.Common.IAccessLogRepository`1, NetCity.Common'. Warning: Type library exporter encountered a generic type. Generic classes may not be exposed to COM.
Type library exporter warning processing 'NetCity.Common.ObjectModel.Nhibernate.Entity+IdEqualityComparer`1, NetCity.Common'. Warning: Type library exporter encountered a generic type. Generic classes may not be exposed to COM.
Type library exporter warning processing 'NetCity.Common.ValueObjects.Menu.Builders.MenuItemBuilder+MenuItemDisplayRulesBuilder, NetCity.Common'. Warning: Type library exporter encountered a type that derives from a generic class and is not marked as [ClassInterface(ClassInterfaceType.None)]. Class interfaces cannot be exposed for such types. Consider marking the type with [ClassInterface(ClassInterfaceType.None)] and exposing an explicit interface as the default interface to COM using the ComDefaultInterface attribute.
Type library exporter warning processing 'NetCity.Common.ValueObjects.Menu.Builders.MenuItemBuilder+TabItemBuilder+TabItemDisplayRulesBuilder, NetCity.Common'. Warning: Type library exporter encountered a type that derives from a generic class and is not marked as [ClassInterface(ClassInterfaceType.None)]. Class interfaces cannot be exposed for such types. Consider marking the type with [ClassInterface(ClassInterfaceType.None)] and exposing an explicit interface as the default interface to COM using the ComDefaultInterface attribute.
Type library exporter warning processing 'NetCity.Common.ObjectModel.Nhibernate.Address.IFiasCoded.get_Fias(#0), NetCity.Common'. Warning: Type library exporter encountered a generic type instance in a signature. Generic code may not be exported to COM.
Type library exporter warning processing 'NetCity.Common.Helpers.ICacheActualization.GetAll(#0), NetCity.Common'. Warning: Type library exporter encountered a generic type instance in a signature. Generic code may not be exported to COM.
Type library exporter warning processing 'NetCity.Common.Events.Data.IAuthorEventData.get_AuthorLoginEventId(#0), NetCity.Common'. Warning: Type library exporter encountered a generic type instance in a signature. Generic code may not be exported to COM.
Type library exporter warning processing 'NetCity.Common.Events.Data.Performance.Base.IClassmeetingBindedEventData.get_ClassmeetingId(#0), NetCity.Common'. Warning: Type library exporter encountered a generic type instance in a signature. Generic code may not be exported to COM.
Type library exporter warning processing 'NetCity.Common.Events.Data.Performance.Base.IClassmeetingBindedEventData.get_ClassmeetingDay(#0), NetCity.Common'. Warning: Type library exporter encountered a generic type instance in a signature. Generic code may not be exported to COM.
Type library exporter warning processing 'NetCity.Common.Components.Abstraction.IFileAttachmentsComponent.CreateFileAttachment(userId), NetCity.Common'. Warning: Type library exporter encountered a generic type instance in a signature. Generic code may not be exported to COM.
Type library exporter warning processing 'NetCity.Common.Components.Abstraction.IGiaComponent.GetEgePersons(#0), NetCity.Common'. Warning: Type library exporter encountered a generic type instance in a signature. Generic code may not be exported to COM.
Type library exporter warning processing 'NetCity.Common.Components.Abstraction.IGiaComponent.GetGiaResultsFilters(#0), NetCity.Common'. Warning: Type library exporter encountered a generic type instance in a signature. Generic code may not be exported to COM.
Type library exporter warning processing 'NetCity.Common.Components.Abstraction.IGiaComponent.GetEmGiaResultsFilters(#0), NetCity.Common'. Warning: Type library exporter encountered a generic type instance in a signature. Generic code may not be exported to COM.
Type library exporter warning processing 'NetCity.Common.Components.Abstraction.IGradingComponent.GetJournalFilters(#0), NetCity.Common'. Warning: Type library exporter encountered a generic type instance in a signature. Generic code may not be exported to COM.
Type library exporter warning processing 'NetCity.Common.Components.Abstraction.IGradingManager.InitManualYearSettings(weight), NetCity.Common'. Warning: Type library exporter encountered a generic type instance in a signature. Generic code may not be exported to COM.
Type library exporter warning processing 'NetCity.Common.Components.Abstraction.IGradingManager.CalcAvgMarks(#0), NetCity.Common'. Warning: Type library exporter encountered a generic type instance in a signature. Generic code may not be exported to COM.
Type library exporter warning processing 'NetCity.Common.Components.Abstraction.IGradingManager.GetTotalsGradingFunc(#0), NetCity.Common'. Warning: Type library exporter encountered a generic type instance in a signature. Generic code may not be exported to COM.
Type library exporter warning processing 'NetCity.Common.Components.Abstraction.IReportsComponent.GetAchievementsTalentStudents(sportTitle), NetCity.Common'. Warning: Type library exporter encountered a generic type instance in a signature. Generic code may not be exported to COM.
Type library exporter warning processing 'NetCity.Common.Components.Abstraction.IReportsComponent.GetTalentStudentsEvents(sportTitle), NetCity.Common'. Warning: Type library exporter encountered a generic type instance in a signature. Generic code may not be exported to COM.
Type library exporter warning processing 'NetCity.Common.Components.Abstraction.IServerSettingsComponent.SaveUserAuthorizationSettings(noticeStartDate), NetCity.Common'. Warning: Type library exporter encountered a generic type instance in a signature. Generic code may not be exported to COM.
Type library exporter warning processing 'NetCity.Common.Components.Abstraction.IStatFormComponent.GetEmStatFormList(#0), NetCity.Common'. Warning: Type library exporter encountered a generic type instance in a signature. Generic code may not be exported to COM.
Type library exporter warning processing 'NetCity.Common.Components.Abstraction.UnitOfWorks.IEditUserInfoWork.SetCommonShortInfo(gender), NetCity.Common'. Warning: Type library exporter encountered a generic type instance in a signature. Generic code may not be exported to COM.
Type library exporter warning processing 'NetCity.Common.Abstraction.WebObjects.IResponse.SetCookie(expireDate), NetCity.Common'. Warning: Type library exporter encountered a generic type instance in a signature. Generic code may not be exported to COM.
Assembly exported to 'C:\Program Files\NetCity2\Assemblies\NetCity.Common.tlb', and the type library was registered successfully

C:\Program Files\NetCity2\Assemblies>regasm /nologo /codebase NetCity.Language.dll 
RegAsm : warning RA0000 : Registering an unsigned assembly with /codebase can cause your assembly to interfere with other applications that may be installed on the same computer. The /codebase switch is intended to be used only with signed assemblies. Please give your assembly a strong name and re-register it.
Types registered successfully

C:\Program Files\NetCity2\Assemblies>regasm /nologo /codebase NS_DAComWrapper.dll 
Types registered successfully

C:\Program Files\NetCity2\Assemblies>regasm /nologo /codebase NetCity.ReportManager.dll 
Types registered successfully

C:\Program Files\NetCity2\Assemblies>regasm /nologo /codebase NetCity.Components.dll 
RegAsm : warning RA0000 : Registering an unsigned assembly with /codebase can cause your assembly to interfere with other applications that may be installed on the same computer. The /codebase switch is intended to be used only with signed assemblies. Please give your assembly a strong name and re-register it.
Types registered successfully

C:\Program Files\NetCity2\Assemblies>regasm /nologo /codebase /tlb NetCity.Integration.LACC.dll 
RegAsm : warning RA0000 : Registering an unsigned assembly with /codebase can cause your assembly to interfere with other applications that may be installed on the same computer. The /codebase switch is intended to be used only with signed assemblies. Please give your assembly a strong name and re-register it.
Types registered successfully
Assembly exported to 'C:\Program Files\NetCity2\Assemblies\NetCity.Integration.LACC.tlb', and the type library was registered successfully

---------------------------------------------
05-09-2019 21:41:41 Óäàëåíèå ñáîðîê èç GAC

C:\Program Files\NetCity2\Assemblies>regasm /u /nologo NetCity.Components.dll 
RegAsm : error RA0000 : Unable to locate input assembly 'NetCity.Components.dll' or one of its dependencies.

C:\Program Files\NetCity2\Assemblies>regasm /u /nologo NetCity.ModulesWrapper.dll 
RegAsm : error RA0000 : Unable to locate input assembly 'NetCity.ModulesWrapper.dll' or one of its dependencies.

C:\Program Files\NetCity2\Assemblies>regasm /u /nologo NetCity.ReportManager.dll 
RegAsm : error RA0000 : Unable to locate input assembly 'NetCity.ReportManager.dll' or one of its dependencies.

C:\Program Files\NetCity2\Assemblies>regasm /u /nologo NS_DAComWrapper.dll 
RegAsm : error RA0000 : Unable to locate input assembly 'NS_DAComWrapper.dll' or one of its dependencies.

C:\Program Files\NetCity2\Assemblies>regasm /u /nologo NetCity.Language.dll 
RegAsm : error RA0000 : Unable to locate input assembly 'NetCity.Language.dll' or one of its dependencies.

C:\Program Files\NetCity2\Assemblies>gacutil /nologo /u NetCity.Language 

C:\Program Files\NetCity2\Assemblies>regasm /u /nologo NetCity.Common.dll 
RegAsm : error RA0000 : Unable to locate input assembly 'NetCity.Common.dll' or one of its dependencies.

C:\Program Files\NetCity2\Assemblies>gacutil /nologo /u NetCity.Common 

C:\Program Files\NetCity2\Assemblies>regasm /u /nologo NetCity.Integration.LACC.dll 
RegAsm : error RA0000 : Unable to locate input assembly 'NetCity.Integration.LACC.dll' or one of its dependencies.

C:\Program Files\NetCity2\Assemblies>gacutil /nologo /u FluentNHibernate 

C:\Program Files\NetCity2\Assemblies>gacutil /nologo /u NHibernate 

C:\Program Files\NetCity2\Assemblies>reg.exe delete "HKEY_CLASSES_ROOT\TypeLib\{4825FF42-D8F9-4B30-9115-FE4445130FB6}" /f 
Ž¯¥à æ¨ï ãá¯¥è­® § ¢¥àè¥­ .

---------------------------------------------
05-09-2019 21:44:34 Ðåãèñòðàöèÿ ñáîðîê â GAC, v4.50.47370

C:\Program Files\NetCity2\Assemblies>echo Registering third party libraries... 
Registering third party libraries...

C:\Program Files\NetCity2\Assemblies>gacutil /nologo /i adodb.dll 

C:\Program Files\NetCity2\Assemblies>gacutil /nologo /i log4net.dll 

C:\Program Files\NetCity2\Assemblies>gacutil /nologo /i Castle.Windsor.dll 

C:\Program Files\NetCity2\Assemblies>gacutil /nologo /i Castle.Core.dll 

C:\Program Files\NetCity2\Assemblies>gacutil /nologo /i Newtonsoft.Json.dll 

C:\Program Files\NetCity2\Assemblies>gacutil /nologo /i Interop.ASPTypeLibrary.dll 

C:\Program Files\NetCity2\Assemblies>gacutil /nologo /i NPOI.dll 

C:\Program Files\NetCity2\Assemblies>gacutil /nologo /i System.Threading.dll 

C:\Program Files\NetCity2\Assemblies>gacutil /nologo /i ICSharpCode.SharpZipLib.dll 

C:\Program Files\NetCity2\Assemblies>gacutil /nologo /i Iesi.Collections.dll 

C:\Program Files\NetCity2\Assemblies>gacutil /nologo /i FirebirdSql.Data.FirebirdClient.dll 

C:\Program Files\NetCity2\Assemblies>gacutil /nologo /i JamaaTech.Smpp.Net.Client.v1.4.dll 

C:\Program Files\NetCity2\Assemblies>gacutil /nologo /i JamaaTech.Smpp.Net.Lib.v1.4.dll 

C:\Program Files\NetCity2\Assemblies>echo Registering Assemblies... 
Registering Assemblies...

C:\Program Files\NetCity2\Assemblies>regasm /nologo /codebase /tlb NetCity.Common.dll 
Types registered successfully
Type library exporter warning processing 'NetCity.Common.ValueObjects.Users.Documents.Validators.IDocTypeValidator`1, NetCity.Common'. Warning: Type library exporter encountered a generic type. Generic classes may not be exposed to COM.
Type library exporter warning processing 'NetCity.Common.ValueObjects.Menu.Builders.DisplayRulesBuilder`1, NetCity.Common'. Warning: Type library exporter encountered a generic type. Generic classes may not be exposed to COM.
Type library exporter warning processing 'NetCity.Common.StorageTypes.AbstractCache`2, NetCity.Common'. Warning: Type library exporter encountered a generic type. Generic classes may not be exposed to COM.
Type library exporter warning processing 'NetCity.Common.StorageTypes.CommonCache`1, NetCity.Common'. Warning: Type library exporter encountered a generic type. Generic classes may not be exposed to COM.
Type library exporter warning processing 'NetCity.Common.Specs.AndSpecification`1, NetCity.Common'. Warning: Type library exporter encountered a generic type. Generic classes may not be exposed to COM.
Type library exporter warning processing 'NetCity.Common.Specs.FalseSpecification`1, NetCity.Common'. Warning: Type library exporter encountered a generic type. Generic classes may not be exposed to COM.
Type library exporter warning processing 'NetCity.Common.Specs.ISpecification`1, NetCity.Common'. Warning: Type library exporter encountered a generic type. Generic classes may not be exposed to COM.
Type library exporter warning processing 'NetCity.Common.Specs.NotSpecification`1, NetCity.Common'. Warning: Type library exporter encountered a generic type. Generic classes may not be exposed to COM.
Type library exporter warning processing 'NetCity.Common.Specs.OrSpecification`1, NetCity.Common'. Warning: Type library exporter encountered a generic type. Generic classes may not be exposed to COM.
Type library exporter warning processing 'NetCity.Common.Specs.SimpleSpec`1, NetCity.Common'. Warning: Type library exporter encountered a generic type. Generic classes may not be exposed to COM.
Type library exporter warning processing 'NetCity.Common.Specs.TrueSpecification`1, NetCity.Common'. Warning: Type library exporter encountered a generic type. Generic classes may not be exposed to COM.
Type library exporter warning processing 'NetCity.Common.Helpers.Comparer.PropertyState`1, NetCity.Common'. Warning: Type library exporter encountered a generic type. Generic classes may not be exposed to COM.
Type library exporter warning processing 'NetCity.Common.Helpers.Comparer.DeepPropertyState`1, NetCity.Common'. Warning: Type library exporter encountered a generic type. Generic classes may not be exposed to COM.
Type library exporter warning processing 'NetCity.Common.Helpers.Comparer.State`1, NetCity.Common'. Warning: Type library exporter encountered a generic type. Generic classes may not be exposed to COM.
Type library exporter warning processing 'NetCity.Common.Helpers.Comparer.Variation`1, NetCity.Common'. Warning: Type library exporter encountered a generic type. Generic classes may not be exposed to COM.
Type library exporter warning processing 'NetCity.Common.AccessLog.Common.IAccessLogRepository`1, NetCity.Common'. Warning: Type library exporter encountered a generic type. Generic classes may not be exposed to COM.
Type library exporter warning processing 'NetCity.Common.Abstraction.Commands.ICommand`1, NetCity.Common'. Warning: Type library exporter encountered a generic type. Generic classes may not be exposed to COM.
Type library exporter warning processing 'NetCity.Common.Abstraction.Commands.ICommandWithResult`2, NetCity.Common'. Warning: Type library exporter encountered a generic type. Generic classes may not be exposed to COM.
Type library exporter warning processing 'NetCity.Common.ObjectModel.Nhibernate.Entity+IdEqualityComparer`1, NetCity.Common'. Warning: Type library exporter encountered a generic type. Generic classes may not be exposed to COM.
Type library exporter warning processing 'NetCity.Common.ValueObjects.Menu.Builders.MenuItemBuilder+MenuItemDisplayRulesBuilder, NetCity.Common'. Warning: Type library exporter encountered a type that derives from a generic class and is not marked as [ClassInterface(ClassInterfaceType.None)]. Class interfaces cannot be exposed for such types. Consider marking the type with [ClassInterface(ClassInterfaceType.None)] and exposing an explicit interface as the default interface to COM using the ComDefaultInterface attribute.
Type library exporter warning processing 'NetCity.Common.ValueObjects.Menu.Builders.MenuItemBuilder+TabItemBuilder+TabItemDisplayRulesBuilder, NetCity.Common'. Warning: Type library exporter encountered a type that derives from a generic class and is not marked as [ClassInterface(ClassInterfaceType.None)]. Class interfaces cannot be exposed for such types. Consider marking the type with [ClassInterface(ClassInterfaceType.None)] and exposing an explicit interface as the default interface to COM using the ComDefaultInterface attribute.
Type library exporter warning processing 'NetCity.Common.ObjectModel.Nhibernate.QualityAssessment.IRegionBindedEntity.get_RegionGuid(#0), NetCity.Common'. Warning: Type library exporter encountered a generic type instance in a signature. Generic code may not be exported to COM.
Type library exporter warning processing 'NetCity.Common.ObjectModel.Nhibernate.QualityAssessment.IRegionBindedEntity.set_RegionGuid(value), NetCity.Common'. Warning: Type library exporter encountered a generic type instance in a signature. Generic code may not be exported to COM.
Type library exporter warning processing 'NetCity.Common.ObjectModel.Nhibernate.Address.IFiasCoded.get_Fias(#0), NetCity.Common'. Warning: Type library exporter encountered a generic type instance in a signature. Generic code may not be exported to COM.
Type library exporter warning processing 'NetCity.Common.Helpers.ICacheActualization.GetAll(#0), NetCity.Common'. Warning: Type library exporter encountered a generic type instance in a signature. Generic code may not be exported to COM.
Type library exporter warning processing 'NetCity.Common.Events.Data.IAuthorEventData.get_AuthorLoginEventId(#0), NetCity.Common'. Warning: Type library exporter encountered a generic type instance in a signature. Generic code may not be exported to COM.
Type library exporter warning processing 'NetCity.Common.Events.Data.Performance.Base.IClassmeetingBindedEventData.get_ClassmeetingId(#0), NetCity.Common'. Warning: Type library exporter encountered a generic type instance in a signature. Generic code may not be exported to COM.
Type library exporter warning processing 'NetCity.Common.Events.Data.Performance.Base.IClassmeetingBindedEventData.get_ClassmeetingDay(#0), NetCity.Common'. Warning: Type library exporter encountered a generic type instance in a signature. Generic code may not be exported to COM.
Type library exporter warning processing 'NetCity.Common.Components.Abstraction.IFileAttachmentsComponent.CreateFileAttachment(userId), NetCity.Common'. Warning: Type library exporter encountered a generic type instance in a signature. Generic code may not be exported to COM.
Type library exporter warning processing 'NetCity.Common.Components.Abstraction.IGiaComponent.GetEgePersons(#0), NetCity.Common'. Warning: Type library exporter encountered a generic type instance in a signature. Generic code may not be exported to COM.
Type library exporter warning processing 'NetCity.Common.Components.Abstraction.IGiaComponent.GetGiaResultsFilters(#0), NetCity.Common'. Warning: Type library exporter encountered a generic type instance in a signature. Generic code may not be exported to COM.
Type library exporter warning processing 'NetCity.Common.Components.Abstraction.IGiaComponent.GetEmGiaResultsFilters(#0), NetCity.Common'. Warning: Type library exporter encountered a generic type instance in a signature. Generic code may not be exported to COM.
Type library exporter warning processing 'NetCity.Common.Components.Abstraction.IGradingComponent.GetJournalFilters(#0), NetCity.Common'. Warning: Type library exporter encountered a generic type instance in a signature. Generic code may not be exported to COM.
Type library exporter warning processing 'NetCity.Common.Components.Abstraction.IGradingManager.InitManualYearSettings(weight), NetCity.Common'. Warning: Type library exporter encountered a generic type instance in a signature. Generic code may not be exported to COM.
Type library exporter warning processing 'NetCity.Common.Components.Abstraction.IGradingManager.CalcAvgMarks(#0), NetCity.Common'. Warning: Type library exporter encountered a generic type instance in a signature. Generic code may not be exported to COM.
Type library exporter warning processing 'NetCity.Common.Components.Abstraction.IGradingManager.GetTotalsGradingFunc(#0), NetCity.Common'. Warning: Type library exporter encountered a generic type instance in a signature. Generic code may not be exported to COM.
Type library exporter warning processing 'NetCity.Common.Components.Abstraction.IServerSettingsComponent.SaveUserAuthorizationSettings(noticeStartDate), NetCity.Common'. Warning: Type library exporter encountered a generic type instance in a signature. Generic code may not be exported to COM.
Type library exporter warning processing 'NetCity.Common.Components.Abstraction.IStatFormComponent.GetEmStatFormList(#0), NetCity.Common'. Warning: Type library exporter encountered a generic type instance in a signature. Generic code may not be exported to COM.
Type library exporter warning processing 'NetCity.Common.Components.Abstraction.UnitOfWorks.IEditUserInfoWork.SetCommonShortInfo(gender), NetCity.Common'. Warning: Type library exporter encountered a generic type instance in a signature. Generic code may not be exported to COM.
Type library exporter warning processing 'NetCity.Common.Abstraction.WebObjects.IResponse.SetCookie(expireDate), NetCity.Common'. Warning: Type library exporter encountered a generic type instance in a signature. Generic code may not be exported to COM.
Assembly exported to 'C:\Program Files\NetCity2\Assemblies\NetCity.Common.tlb', and the type library was registered successfully

C:\Program Files\NetCity2\Assemblies>regasm /nologo /codebase NetCity.Language.dll 
RegAsm : warning RA0000 : Registering an unsigned assembly with /codebase can cause your assembly to interfere with other applications that may be installed on the same computer. The /codebase switch is intended to be used only with signed assemblies. Please give your assembly a strong name and re-register it.
Types registered successfully

C:\Program Files\NetCity2\Assemblies>regasm /nologo /codebase NS_DAComWrapper.dll 
Types registered successfully

C:\Program Files\NetCity2\Assemblies>regasm /nologo /codebase NetCity.ReportManager.dll 
Types registered successfully

C:\Program Files\NetCity2\Assemblies>regasm /nologo /codebase NetCity.Components.dll 
RegAsm : warning RA0000 : Registering an unsigned assembly with /codebase can cause your assembly to interfere with other applications that may be installed on the same computer. The /codebase switch is intended to be used only with signed assemblies. Please give your assembly a strong name and re-register it.
Types registered successfully

C:\Program Files\NetCity2\Assemblies>regasm /nologo /codebase /tlb NetCity.Integration.LACC.dll 
RegAsm : warning RA0000 : Registering an unsigned assembly with /codebase can cause your assembly to interfere with other applications that may be installed on the same computer. The /codebase switch is intended to be used only with signed assemblies. Please give your assembly a strong name and re-register it.
Types registered successfully
Assembly exported to 'C:\Program Files\NetCity2\Assemblies\NetCity.Integration.LACC.tlb', and the type library was registered successfully

---------------------------------------------
01-11-2019 19:47:38 Óäàëåíèå ñáîðîê èç GAC

C:\Program Files\NetCity2\Assemblies>regasm /u /nologo NetCity.Components.dll 
RegAsm : error RA0000 : Unable to locate input assembly 'NetCity.Components.dll' or one of its dependencies.

C:\Program Files\NetCity2\Assemblies>regasm /u /nologo NetCity.ModulesWrapper.dll 
RegAsm : error RA0000 : Unable to locate input assembly 'NetCity.ModulesWrapper.dll' or one of its dependencies.

C:\Program Files\NetCity2\Assemblies>regasm /u /nologo NetCity.ReportManager.dll 
RegAsm : error RA0000 : Unable to locate input assembly 'NetCity.ReportManager.dll' or one of its dependencies.

C:\Program Files\NetCity2\Assemblies>regasm /u /nologo NS_DAComWrapper.dll 
RegAsm : error RA0000 : Unable to locate input assembly 'NS_DAComWrapper.dll' or one of its dependencies.

C:\Program Files\NetCity2\Assemblies>regasm /u /nologo NetCity.Language.dll 
RegAsm : error RA0000 : Unable to locate input assembly 'NetCity.Language.dll' or one of its dependencies.

C:\Program Files\NetCity2\Assemblies>gacutil /nologo /u NetCity.Language 

C:\Program Files\NetCity2\Assemblies>regasm /u /nologo NetCity.Common.dll 
RegAsm : error RA0000 : Unable to locate input assembly 'NetCity.Common.dll' or one of its dependencies.

C:\Program Files\NetCity2\Assemblies>gacutil /nologo /u NetCity.Common 

C:\Program Files\NetCity2\Assemblies>regasm /u /nologo NetCity.Integration.LACC.dll 
RegAsm : error RA0000 : Unable to locate input assembly 'NetCity.Integration.LACC.dll' or one of its dependencies.

C:\Program Files\NetCity2\Assemblies>gacutil /nologo /u FluentNHibernate 

C:\Program Files\NetCity2\Assemblies>gacutil /nologo /u NHibernate 

C:\Program Files\NetCity2\Assemblies>reg.exe delete "HKEY_CLASSES_ROOT\TypeLib\{4825FF42-D8F9-4B30-9115-FE4445130FB6}" /f 
Ž¯¥à æ¨ï ãá¯¥è­® § ¢¥àè¥­ .

---------------------------------------------
01-11-2019 19:51:14 Ðåãèñòðàöèÿ ñáîðîê â GAC, v4.50.48183

C:\Program Files\NetCity2\Assemblies>echo Registering third party libraries... 
Registering third party libraries...

C:\Program Files\NetCity2\Assemblies>gacutil /nologo /i adodb.dll 

C:\Program Files\NetCity2\Assemblies>gacutil /nologo /i log4net.dll 

C:\Program Files\NetCity2\Assemblies>gacutil /nologo /i Castle.Windsor.dll 

C:\Program Files\NetCity2\Assemblies>gacutil /nologo /i Castle.Core.dll 

C:\Program Files\NetCity2\Assemblies>gacutil /nologo /i Newtonsoft.Json.dll 

C:\Program Files\NetCity2\Assemblies>gacutil /nologo /i Interop.ASPTypeLibrary.dll 

C:\Program Files\NetCity2\Assemblies>gacutil /nologo /i NPOI.dll 

C:\Program Files\NetCity2\Assemblies>gacutil /nologo /i System.Threading.dll 

C:\Program Files\NetCity2\Assemblies>gacutil /nologo /i ICSharpCode.SharpZipLib.dll 

C:\Program Files\NetCity2\Assemblies>gacutil /nologo /i Iesi.Collections.dll 

C:\Program Files\NetCity2\Assemblies>gacutil /nologo /i FirebirdSql.Data.FirebirdClient.dll 

C:\Program Files\NetCity2\Assemblies>gacutil /nologo /i JamaaTech.Smpp.Net.Client.v1.4.dll 

C:\Program Files\NetCity2\Assemblies>gacutil /nologo /i JamaaTech.Smpp.Net.Lib.v1.4.dll 

C:\Program Files\NetCity2\Assemblies>echo Registering Assemblies... 
Registering Assemblies...

C:\Program Files\NetCity2\Assemblies>regasm /nologo /codebase /tlb NetCity.Common.dll 
Types registered successfully
Type library exporter warning processing 'NetCity.Common.ValueObjects.Users.Documents.Validators.IDocTypeValidator`1, NetCity.Common'. Warning: Type library exporter encountered a generic type. Generic classes may not be exposed to COM.
Type library exporter warning processing 'NetCity.Common.ValueObjects.Menu.Builders.DisplayRulesBuilder`1, NetCity.Common'. Warning: Type library exporter encountered a generic type. Generic classes may not be exposed to COM.
Type library exporter warning processing 'NetCity.Common.StorageTypes.AbstractCache`2, NetCity.Common'. Warning: Type library exporter encountered a generic type. Generic classes may not be exposed to COM.
Type library exporter warning processing 'NetCity.Common.StorageTypes.CommonCache`1, NetCity.Common'. Warning: Type library exporter encountered a generic type. Generic classes may not be exposed to COM.
Type library exporter warning processing 'NetCity.Common.Specs.AndSpecification`1, NetCity.Common'. Warning: Type library exporter encountered a generic type. Generic classes may not be exposed to COM.
Type library exporter warning processing 'NetCity.Common.Specs.FalseSpecification`1, NetCity.Common'. Warning: Type library exporter encountered a generic type. Generic classes may not be exposed to COM.
Type library exporter warning processing 'NetCity.Common.Specs.ISpecification`1, NetCity.Common'. Warning: Type library exporter encountered a generic type. Generic classes may not be exposed to COM.
Type library exporter warning processing 'NetCity.Common.Specs.NotSpecification`1, NetCity.Common'. Warning: Type library exporter encountered a generic type. Generic classes may not be exposed to COM.
Type library exporter warning processing 'NetCity.Common.Specs.OrSpecification`1, NetCity.Common'. Warning: Type library exporter encountered a generic type. Generic classes may not be exposed to COM.
Type library exporter warning processing 'NetCity.Common.Specs.SimpleSpec`1, NetCity.Common'. Warning: Type library exporter encountered a generic type. Generic classes may not be exposed to COM.
Type library exporter warning processing 'NetCity.Common.Specs.TrueSpecification`1, NetCity.Common'. Warning: Type library exporter encountered a generic type. Generic classes may not be exposed to COM.
Type library exporter warning processing 'NetCity.Common.Helpers.Comparer.PropertyState`1, NetCity.Common'. Warning: Type library exporter encountered a generic type. Generic classes may not be exposed to COM.
Type library exporter warning processing 'NetCity.Common.Helpers.Comparer.DeepPropertyState`1, NetCity.Common'. Warning: Type library exporter encountered a generic type. Generic classes may not be exposed to COM.
Type library exporter warning processing 'NetCity.Common.Helpers.Comparer.State`1, NetCity.Common'. Warning: Type library exporter encountered a generic type. Generic classes may not be exposed to COM.
Type library exporter warning processing 'NetCity.Common.Helpers.Comparer.Variation`1, NetCity.Common'. Warning: Type library exporter encountered a generic type. Generic classes may not be exposed to COM.
Type library exporter warning processing 'NetCity.Common.AccessLog.Common.IAccessLogRepository`1, NetCity.Common'. Warning: Type library exporter encountered a generic type. Generic classes may not be exposed to COM.
Type library exporter warning processing 'NetCity.Common.Abstraction.Commands.ICommand`1, NetCity.Common'. Warning: Type library exporter encountered a generic type. Generic classes may not be exposed to COM.
Type library exporter warning processing 'NetCity.Common.Abstraction.Commands.ICommandWithResult`2, NetCity.Common'. Warning: Type library exporter encountered a generic type. Generic classes may not be exposed to COM.
Type library exporter warning processing 'NetCity.Common.ObjectModel.Nhibernate.Entity+IdEqualityComparer`1, NetCity.Common'. Warning: Type library exporter encountered a generic type. Generic classes may not be exposed to COM.
Type library exporter warning processing 'NetCity.Common.ValueObjects.Menu.Builders.MenuItemBuilder+MenuItemDisplayRulesBuilder, NetCity.Common'. Warning: Type library exporter encountered a type that derives from a generic class and is not marked as [ClassInterface(ClassInterfaceType.None)]. Class interfaces cannot be exposed for such types. Consider marking the type with [ClassInterface(ClassInterfaceType.None)] and exposing an explicit interface as the default interface to COM using the ComDefaultInterface attribute.
Type library exporter warning processing 'NetCity.Common.ValueObjects.Menu.Builders.MenuItemBuilder+TabItemBuilder+TabItemDisplayRulesBuilder, NetCity.Common'. Warning: Type library exporter encountered a type that derives from a generic class and is not marked as [ClassInterface(ClassInterfaceType.None)]. Class interfaces cannot be exposed for such types. Consider marking the type with [ClassInterface(ClassInterfaceType.None)] and exposing an explicit interface as the default interface to COM using the ComDefaultInterface attribute.
Type library exporter warning processing 'NetCity.Common.ObjectModel.Nhibernate.QualityAssessment.IRegionBindedEntity.get_RegionGuid(#0), NetCity.Common'. Warning: Type library exporter encountered a generic type instance in a signature. Generic code may not be exported to COM.
Type library exporter warning processing 'NetCity.Common.ObjectModel.Nhibernate.QualityAssessment.IRegionBindedEntity.set_RegionGuid(value), NetCity.Common'. Warning: Type library exporter encountered a generic type instance in a signature. Generic code may not be exported to COM.
Type library exporter warning processing 'NetCity.Common.ObjectModel.Nhibernate.Address.IFiasCoded.get_Fias(#0), NetCity.Common'. Warning: Type library exporter encountered a generic type instance in a signature. Generic code may not be exported to COM.
Type library exporter warning processing 'NetCity.Common.Helpers.ICacheActualization.GetAll(#0), NetCity.Common'. Warning: Type library exporter encountered a generic type instance in a signature. Generic code may not be exported to COM.
Type library exporter warning processing 'NetCity.Common.Events.Data.IAuthorEventData.get_AuthorLoginEventId(#0), NetCity.Common'. Warning: Type library exporter encountered a generic type instance in a signature. Generic code may not be exported to COM.
Type library exporter warning processing 'NetCity.Common.Events.Data.Performance.Base.IClassmeetingBindedEventData.get_ClassmeetingId(#0), NetCity.Common'. Warning: Type library exporter encountered a generic type instance in a signature. Generic code may not be exported to COM.
Type library exporter warning processing 'NetCity.Common.Events.Data.Performance.Base.IClassmeetingBindedEventData.get_ClassmeetingDay(#0), NetCity.Common'. Warning: Type library exporter encountered a generic type instance in a signature. Generic code may not be exported to COM.
Type library exporter warning processing 'NetCity.Common.Components.Abstraction.IFileAttachmentsComponent.CreateFileAttachment(userId), NetCity.Common'. Warning: Type library exporter encountered a generic type instance in a signature. Generic code may not be exported to COM.
Type library exporter warning processing 'NetCity.Common.Components.Abstraction.IGiaComponent.GetEgePersons(#0), NetCity.Common'. Warning: Type library exporter encountered a generic type instance in a signature. Generic code may not be exported to COM.
Type library exporter warning processing 'NetCity.Common.Components.Abstraction.IGiaComponent.GetGiaResultsFilters(#0), NetCity.Common'. Warning: Type library exporter encountered a generic type instance in a signature. Generic code may not be exported to COM.
Type library exporter warning processing 'NetCity.Common.Components.Abstraction.IGiaComponent.GetEmGiaResultsFilters(#0), NetCity.Common'. Warning: Type library exporter encountered a generic type instance in a signature. Generic code may not be exported to COM.
Type library exporter warning processing 'NetCity.Common.Components.Abstraction.IGradingComponent.GetJournalFilters(#0), NetCity.Common'. Warning: Type library exporter encountered a generic type instance in a signature. Generic code may not be exported to COM.
Type library exporter warning processing 'NetCity.Common.Components.Abstraction.IGradingManager.InitManualYearSettings(weight), NetCity.Common'. Warning: Type library exporter encountered a generic type instance in a signature. Generic code may not be exported to COM.
Type library exporter warning processing 'NetCity.Common.Components.Abstraction.IGradingManager.CalcAvgMarks(#0), NetCity.Common'. Warning: Type library exporter encountered a generic type instance in a signature. Generic code may not be exported to COM.
Type library exporter warning processing 'NetCity.Common.Components.Abstraction.IGradingManager.GetTotalsGradingFunc(#0), NetCity.Common'. Warning: Type library exporter encountered a generic type instance in a signature. Generic code may not be exported to COM.
Type library exporter warning processing 'NetCity.Common.Components.Abstraction.IServerSettingsComponent.SaveUserAuthorizationSettings(noticeStartDate), NetCity.Common'. Warning: Type library exporter encountered a generic type instance in a signature. Generic code may not be exported to COM.
Type library exporter warning processing 'NetCity.Common.Components.Abstraction.IStatFormComponent.GetEmStatFormList(#0), NetCity.Common'. Warning: Type library exporter encountered a generic type instance in a signature. Generic code may not be exported to COM.
Type library exporter warning processing 'NetCity.Common.Components.Abstraction.UnitOfWorks.IEditUserInfoWork.SetCommonShortInfo(gender), NetCity.Common'. Warning: Type library exporter encountered a generic type instance in a signature. Generic code may not be exported to COM.
Type library exporter warning processing 'NetCity.Common.Abstraction.WebObjects.IResponse.SetCookie(expireDate), NetCity.Common'. Warning: Type library exporter encountered a generic type instance in a signature. Generic code may not be exported to COM.
Assembly exported to 'C:\Program Files\NetCity2\Assemblies\NetCity.Common.tlb', and the type library was registered successfully

C:\Program Files\NetCity2\Assemblies>regasm /nologo /codebase NetCity.Language.dll 
RegAsm : warning RA0000 : Registering an unsigned assembly with /codebase can cause your assembly to interfere with other applications that may be installed on the same computer. The /codebase switch is intended to be used only with signed assemblies. Please give your assembly a strong name and re-register it.
Types registered successfully

C:\Program Files\NetCity2\Assemblies>regasm /nologo /codebase NS_DAComWrapper.dll 
Types registered successfully

C:\Program Files\NetCity2\Assemblies>regasm /nologo /codebase NetCity.ReportManager.dll 
Types registered successfully

C:\Program Files\NetCity2\Assemblies>regasm /nologo /codebase NetCity.Components.dll 
RegAsm : warning RA0000 : Registering an unsigned assembly with /codebase can cause your assembly to interfere with other applications that may be installed on the same computer. The /codebase switch is intended to be used only with signed assemblies. Please give your assembly a strong name and re-register it.
Types registered successfully

C:\Program Files\NetCity2\Assemblies>regasm /nologo /codebase /tlb NetCity.Integration.LACC.dll 
RegAsm : warning RA0000 : Registering an unsigned assembly with /codebase can cause your assembly to interfere with other applications that may be installed on the same computer. The /codebase switch is intended to be used only with signed assemblies. Please give your assembly a strong name and re-register it.
Types registered successfully
Assembly exported to 'C:\Program Files\NetCity2\Assemblies\NetCity.Integration.LACC.tlb', and the type library was registered successfully

---------------------------------------------
01-04-2020 21:40:25 Óäàëåíèå ñáîðîê èç GAC

C:\Program Files\NetCity2\Assemblies>regasm /u /nologo NetCity.Components.dll 
RegAsm : error RA0000 : Unable to locate input assembly 'NetCity.Components.dll' or one of its dependencies.

C:\Program Files\NetCity2\Assemblies>regasm /u /nologo NetCity.ModulesWrapper.dll 
RegAsm : error RA0000 : Unable to locate input assembly 'NetCity.ModulesWrapper.dll' or one of its dependencies.

C:\Program Files\NetCity2\Assemblies>regasm /u /nologo NetCity.ReportManager.dll 
RegAsm : error RA0000 : Unable to locate input assembly 'NetCity.ReportManager.dll' or one of its dependencies.

C:\Program Files\NetCity2\Assemblies>regasm /u /nologo NS_DAComWrapper.dll 
RegAsm : error RA0000 : Unable to locate input assembly 'NS_DAComWrapper.dll' or one of its dependencies.

C:\Program Files\NetCity2\Assemblies>regasm /u /nologo NetCity.Language.dll 
RegAsm : error RA0000 : Unable to locate input assembly 'NetCity.Language.dll' or one of its dependencies.

C:\Program Files\NetCity2\Assemblies>gacutil /nologo /u NetCity.Language 

C:\Program Files\NetCity2\Assemblies>regasm /u /nologo NetCity.Common.dll 
RegAsm : error RA0000 : Unable to locate input assembly 'NetCity.Common.dll' or one of its dependencies.

C:\Program Files\NetCity2\Assemblies>gacutil /nologo /u NetCity.Common 

C:\Program Files\NetCity2\Assemblies>regasm /u /nologo NetCity.Integration.LACC.dll 
RegAsm : error RA0000 : Unable to locate input assembly 'NetCity.Integration.LACC.dll' or one of its dependencies.

C:\Program Files\NetCity2\Assemblies>gacutil /nologo /u FluentNHibernate 

C:\Program Files\NetCity2\Assemblies>gacutil /nologo /u NHibernate 

C:\Program Files\NetCity2\Assemblies>reg.exe delete "HKEY_CLASSES_ROOT\TypeLib\{4825FF42-D8F9-4B30-9115-FE4445130FB6}" /f 
Ž¯¥à æ¨ï ãá¯¥è­® § ¢¥àè¥­ .

---------------------------------------------
01-04-2020 21:45:28 Ðåãèñòðàöèÿ ñáîðîê â GAC, v4.55.51314

C:\Program Files\NetCity2\Assemblies>echo Registering third party libraries... 
Registering third party libraries...

C:\Program Files\NetCity2\Assemblies>gacutil /nologo /i adodb.dll 

C:\Program Files\NetCity2\Assemblies>gacutil /nologo /i log4net.dll 

C:\Program Files\NetCity2\Assemblies>gacutil /nologo /i Castle.Windsor.dll 

C:\Program Files\NetCity2\Assemblies>gacutil /nologo /i Castle.Core.dll 

C:\Program Files\NetCity2\Assemblies>gacutil /nologo /i Newtonsoft.Json.dll 

C:\Program Files\NetCity2\Assemblies>gacutil /nologo /i Interop.ASPTypeLibrary.dll 

C:\Program Files\NetCity2\Assemblies>gacutil /nologo /i NPOI.dll 

C:\Program Files\NetCity2\Assemblies>gacutil /nologo /i System.Threading.dll 

C:\Program Files\NetCity2\Assemblies>gacutil /nologo /i ICSharpCode.SharpZipLib.dll 

C:\Program Files\NetCity2\Assemblies>gacutil /nologo /i Iesi.Collections.dll 

C:\Program Files\NetCity2\Assemblies>gacutil /nologo /i FirebirdSql.Data.FirebirdClient.dll 

C:\Program Files\NetCity2\Assemblies>gacutil /nologo /i JamaaTech.Smpp.Net.Client.v1.4.dll 

C:\Program Files\NetCity2\Assemblies>gacutil /nologo /i JamaaTech.Smpp.Net.Lib.v1.4.dll 

C:\Program Files\NetCity2\Assemblies>echo Registering Assemblies... 
Registering Assemblies...

C:\Program Files\NetCity2\Assemblies>regasm /nologo /codebase /tlb NetCity.Infrastructure.Common.dll 
Types registered successfully
Type library exporter warning processing 'NetCity.Infrastructure.Common.Enums.EnumHelper+EnumIntEqualityComparer`1, NetCity.Infrastructure.Common'. Warning: Type library exporter encountered a generic type. Generic classes may not be exposed to COM.
Type library exporter warning processing 'NetCity.Common.Components.IComponentManager.ResolveAll(#0), NetCity.Infrastructure.Common'. Warning: Type library exporter encountered a generic type instance in a signature. Generic code may not be exported to COM.
Type library exporter warning processing 'NetCity.Infrastructure.Common.Helpers.AsyncHelpers+NoSynchronizationContextScope+Disposable._synchronizationContext, NetCity.Infrastructure.Common'. Warning: The public struct contains one or more non-public fields that will be exported.
Assembly exported to 'C:\Program Files\NetCity2\Assemblies\NetCity.Infrastructure.Common.tlb', and the type library was registered successfully

C:\Program Files\NetCity2\Assemblies>regasm /nologo /codebase /tlb NetCity.Common.dll 
Types registered successfully
Type library exporter warning processing 'NetCity.Common.ValueObjects.Users.Documents.Validators.IDocTypeValidator`1, NetCity.Common'. Warning: Type library exporter encountered a generic type. Generic classes may not be exposed to COM.
Type library exporter warning processing 'NetCity.Common.ValueObjects.Menu.Builders.DisplayRulesBuilder`1, NetCity.Common'. Warning: Type library exporter encountered a generic type. Generic classes may not be exposed to COM.
Type library exporter warning processing 'NetCity.Common.StorageTypes.AbstractCache`2, NetCity.Common'. Warning: Type library exporter encountered a generic type. Generic classes may not be exposed to COM.
Type library exporter warning processing 'NetCity.Common.StorageTypes.CommonCache`1, NetCity.Common'. Warning: Type library exporter encountered a generic type. Generic classes may not be exposed to COM.
Type library exporter warning processing 'NetCity.Common.Specs.AndSpecification`1, NetCity.Common'. Warning: Type library exporter encountered a generic type. Generic classes may not be exposed to COM.
Type library exporter warning processing 'NetCity.Common.Specs.RelatedSpecBuilder`1, NetCity.Common'. Warning: Type library exporter encountered a generic type. Generic classes may not be exposed to COM.
Type library exporter warning processing 'NetCity.Common.Specs.FalseSpecification`1, NetCity.Common'. Warning: Type library exporter encountered a generic type. Generic classes may not be exposed to COM.
Type library exporter warning processing 'NetCity.Common.Specs.ISpecification`1, NetCity.Common'. Warning: Type library exporter encountered a generic type. Generic classes may not be exposed to COM.
Type library exporter warning processing 'NetCity.Common.Specs.NotSpecification`1, NetCity.Common'. Warning: Type library exporter encountered a generic type. Generic classes may not be exposed to COM.
Type library exporter warning processing 'NetCity.Common.Specs.OrSpecification`1, NetCity.Common'. Warning: Type library exporter encountered a generic type. Generic classes may not be exposed to COM.
Type library exporter warning processing 'NetCity.Common.Specs.SimpleSpec`1, NetCity.Common'. Warning: Type library exporter encountered a generic type. Generic classes may not be exposed to COM.
Type library exporter warning processing 'NetCity.Common.Specs.TrueSpecification`1, NetCity.Common'. Warning: Type library exporter encountered a generic type. Generic classes may not be exposed to COM.
Type library exporter warning processing 'NetCity.Common.Helpers.Comparer.PropertyState`1, NetCity.Common'. Warning: Type library exporter encountered a generic type. Generic classes may not be exposed to COM.
Type library exporter warning processing 'NetCity.Common.Helpers.Comparer.DeepPropertyState`1, NetCity.Common'. Warning: Type library exporter encountered a generic type. Generic classes may not be exposed to COM.
Type library exporter warning processing 'NetCity.Common.Helpers.Comparer.State`1, NetCity.Common'. Warning: Type library exporter encountered a generic type. Generic classes may not be exposed to COM.
Type library exporter warning processing 'NetCity.Common.Helpers.Comparer.Variation`1, NetCity.Common'. Warning: Type library exporter encountered a generic type. Generic classes may not be exposed to COM.
Type library exporter warning processing 'NetCity.Common.AccessLog.Common.IAccessLogRepository`1, NetCity.Common'. Warning: Type library exporter encountered a generic type. Generic classes may not be exposed to COM.
Type library exporter warning processing 'NetCity.Common.Abstraction.Commands.ICommand`1, NetCity.Common'. Warning: Type library exporter encountered a generic type. Generic classes may not be exposed to COM.
Type library exporter warning processing 'NetCity.Common.Abstraction.Commands.ICommandWithResult`2, NetCity.Common'. Warning: Type library exporter encountered a generic type. Generic classes may not be exposed to COM.
Type library exporter warning processing 'NetCity.Common.ObjectModel.Nhibernate.Entity+IdEqualityComparer`1, NetCity.Common'. Warning: Type library exporter encountered a generic type. Generic classes may not be exposed to COM.
Type library exporter warning processing 'NetCity.Common.ValueObjects.Menu.Builders.MenuItemBuilder+MenuItemDisplayRulesBuilder, NetCity.Common'. Warning: Type library exporter encountered a type that derives from a generic class and is not marked as [ClassInterface(ClassInterfaceType.None)]. Class interfaces cannot be exposed for such types. Consider marking the type with [ClassInterface(ClassInterfaceType.None)] and exposing an explicit interface as the default interface to COM using the ComDefaultInterface attribute.
Type library exporter warning processing 'NetCity.Common.ValueObjects.Menu.Builders.MenuItemBuilder+TabItemBuilder+TabItemDisplayRulesBuilder, NetCity.Common'. Warning: Type library exporter encountered a type that derives from a generic class and is not marked as [ClassInterface(ClassInterfaceType.None)]. Class interfaces cannot be exposed for such types. Consider marking the type with [ClassInterface(ClassInterfaceType.None)] and exposing an explicit interface as the default interface to COM using the ComDefaultInterface attribute.
Type library exporter warning processing 'NetCity.Common.ValueObjects.TermTypes.TermTypeProfileGradeset.<TermTypeId>k__BackingField, NetCity.Common'. Warning: The public struct contains one or more non-public fields that will be exported.
Type library exporter warning processing 'NetCity.Common.ObjectModel.Nhibernate.QualityAssessment.IRegionBindedEntity.get_RegionGuid(#0), NetCity.Common'. Warning: Type library exporter encountered a generic type instance in a signature. Generic code may not be exported to COM.
Type library exporter warning processing 'NetCity.Common.ObjectModel.Nhibernate.QualityAssessment.IRegionBindedEntity.set_RegionGuid(value), NetCity.Common'. Warning: Type library exporter encountered a generic type instance in a signature. Generic code may not be exported to COM.
Type library exporter warning processing 'NetCity.Common.ObjectModel.Nhibernate.Address.IFiasCoded.get_Fias(#0), NetCity.Common'. Warning: Type library exporter encountered a generic type instance in a signature. Generic code may not be exported to COM.
Type library exporter warning processing 'NetCity.Common.Helpers.ICacheActualization.GetAll(#0), NetCity.Common'. Warning: Type library exporter encountered a generic type instance in a signature. Generic code may not be exported to COM.
Type library exporter warning processing 'NetCity.Common.Events.Data.IAuthorEventData.get_AuthorLoginEventId(#0), NetCity.Common'. Warning: Type library exporter encountered a generic type instance in a signature. Generic code may not be exported to COM.
Type library exporter warning processing 'NetCity.Common.Events.Data.Performance.Base.IClassmeetingBindedEventData.get_ClassmeetingId(#0), NetCity.Common'. Warning: Type library exporter encountered a generic type instance in a signature. Generic code may not be exported to COM.
Type library exporter warning processing 'NetCity.Common.Events.Data.Performance.Base.IClassmeetingBindedEventData.get_ClassmeetingDay(#0), NetCity.Common'. Warning: Type library exporter encountered a generic type instance in a signature. Generic code may not be exported to COM.
Type library exporter warning processing 'NetCity.Common.Configuration.Modules.IModule.GetTaskPoolDefinitions(#0), NetCity.Common'. Warning: Type library exporter encountered a generic type instance in a signature. Generic code may not be exported to COM.
Type library exporter warning processing 'NetCity.Common.Configuration.Modules.IModule.GetEmReports(#0), NetCity.Common'. Warning: Type library exporter encountered a generic type instance in a signature. Generic code may not be exported to COM.
Type library exporter warning processing 'NetCity.Common.Configuration.Modules.IModule.GetReports(#0), NetCity.Common'. Warning: Type library exporter encountered a generic type instance in a signature. Generic code may not be exported to COM.
Type library exporter warning processing 'NetCity.Common.Configuration.Modules.IModule.GetTabItems(#0), NetCity.Common'. Warning: Type library exporter encountered a generic type instance in a signature. Generic code may not be exported to COM.
Type library exporter warning processing 'NetCity.Common.Components.Abstraction.IFileAttachmentsComponent.CreateFileAttachment(userId), NetCity.Common'. Warning: Type library exporter encountered a generic type instance in a signature. Generic code may not be exported to COM.
Type library exporter warning processing 'NetCity.Common.Components.Abstraction.IGiaComponent.GetEgePersons(#0), NetCity.Common'. Warning: Type library exporter encountered a generic type instance in a signature. Generic code may not be exported to COM.
Type library exporter warning processing 'NetCity.Common.Components.Abstraction.IGiaComponent.GetGiaResultsFilters(#0), NetCity.Common'. Warning: Type library exporter encountered a generic type instance in a signature. Generic code may not be exported to COM.
Type library exporter warning processing 'NetCity.Common.Components.Abstraction.IGiaComponent.GetEmGiaResultsFilters(#0), NetCity.Common'. Warning: Type library exporter encountered a generic type instance in a signature. Generic code may not be exported to COM.
Type library exporter warning processing 'NetCity.Common.Components.Abstraction.IGradingComponent.GetJournalFilters(#0), NetCity.Common'. Warning: Type library exporter encountered a generic type instance in a signature. Generic code may not be exported to COM.
Type library exporter warning processing 'NetCity.Common.Components.Abstraction.IGradingManager.InitManualYearSettings(weight), NetCity.Common'. Warning: Type library exporter encountered a generic type instance in a signature. Generic code may not be exported to COM.
Type library exporter warning processing 'NetCity.Common.Components.Abstraction.IGradingManager.CalcAvgMarks(#0), NetCity.Common'. Warning: Type library exporter encountered a generic type instance in a signature. Generic code may not be exported to COM.
Type library exporter warning processing 'NetCity.Common.Components.Abstraction.IGradingManager.GetTotalsGradingFunc(#0), NetCity.Common'. Warning: Type library exporter encountered a generic type instance in a signature. Generic code may not be exported to COM.
Type library exporter warning processing 'NetCity.Common.Components.Abstraction.IServerSettingsComponent.SaveUserAuthorizationSettings(noticeStartDate), NetCity.Common'. Warning: Type library exporter encountered a generic type instance in a signature. Generic code may not be exported to COM.
Type library exporter warning processing 'NetCity.Common.Components.Abstraction.IStatFormComponent.GetEmStatFormList(#0), NetCity.Common'. Warning: Type library exporter encountered a generic type instance in a signature. Generic code may not be exported to COM.
Type library exporter warning processing 'NetCity.Common.Components.Abstraction.UnitOfWorks.IEditUserInfoWork.SetCommonShortInfo(gender), NetCity.Common'. Warning: Type library exporter encountered a generic type instance in a signature. Generic code may not be exported to COM.
Type library exporter warning processing 'NetCity.Common.Abstraction.WebObjects.IResponse.SetCookie(expireDate), NetCity.Common'. Warning: Type library exporter encountered a generic type instance in a signature. Generic code may not be exported to COM.
Type library exporter warning processing 'NetCity.Common.Abstraction.Security.IIdentityProviderClient.GetLoginUrl(queryParams), NetCity.Common'. Warning: Type library exporter encountered a generic type instance in a signature. Generic code may not be exported to COM.
Type library exporter warning processing 'NetCity.Common.Abstraction.Security.IIdentityProviderClient.GetAuthUrl(queryParams), NetCity.Common'. Warning: Type library exporter encountered a generic type instance in a signature. Generic code may not be exported to COM.
Assembly exported to 'C:\Program Files\NetCity2\Assemblies\NetCity.Common.tlb', and the type library was registered successfully

C:\Program Files\NetCity2\Assemblies>regasm /nologo /codebase /tlb NetCity.Common.Legacy.dll 
Types registered successfully
Type library exporter warning processing 'NHibernate.IQueryOver`1, NHibernate'. Warning: Type library exporter encountered a generic type. Generic classes may not be exposed to COM.
Type library exporter warning processing 'NHibernate.IQueryOver`2, NHibernate'. Warning: Type library exporter encountered a generic type. Generic classes may not be exposed to COM.
Type library exporter warning processing 'NHibernate.IFutureValue`1, NHibernate'. Warning: Type library exporter encountered a generic type. Generic classes may not be exposed to COM.
Type library exporter warning processing 'NHibernate.DebugHelpers.DictionaryProxy`2, NHibernate'. Warning: Type library exporter encountered a generic type. Generic classes may not be exposed to COM.
Type library exporter warning processing 'NHibernate.DebugHelpers.CollectionProxy`1, NHibernate'. Warning: Type library exporter encountered a generic type. Generic classes may not be exposed to COM.
Type library exporter warning processing 'NHibernate.Type.EnumStringType`1, NHibernate'. Warning: Type library exporter encountered a generic type. Generic classes may not be exposed to COM.
Type library exporter warning processing 'NHibernate.Type.EnumType`1, NHibernate'. Warning: Type library exporter encountered a generic type. Generic classes may not be exposed to COM.
Type library exporter warning processing 'NHibernate.Type.EnumCharType`1, NHibernate'. Warning: Type library exporter encountered a generic type. Generic classes may not be exposed to COM.
Type library exporter warning processing 'NHibernate.Type.GenericOrderedSetType`1, NHibernate'. Warning: Type library exporter encountered a generic type. Generic classes may not be exposed to COM.
Type library exporter warning processing 'NHibernate.Type.GenericSortedDictionaryType`2, NHibernate'. Warning: Type library exporter encountered a generic type. Generic classes may not be exposed to COM.
Type library exporter warning processing 'NHibernate.Type.GenericIdentifierBagType`1, NHibernate'. Warning: Type library exporter encountered a generic type. Generic classes may not be exposed to COM.
Type library exporter warning processing 'NHibernate.Type.GenericSortedListType`2, NHibernate'. Warning: Type library exporter encountered a generic type. Generic classes may not be exposed to COM.
Type library exporter warning processing 'NHibernate.Type.GenericSortedSetType`1, NHibernate'. Warning: Type library exporter encountered a generic type. Generic classes may not be exposed to COM.
Type library exporter warning processing 'NHibernate.Type.GenericSetType`1, NHibernate'. Warning: Type library exporter encountered a generic type. Generic classes may not be exposed to COM.
Type library exporter warning processing 'NHibernate.Type.GenericBagType`1, NHibernate'. Warning: Type library exporter encountered a generic type. Generic classes may not be exposed to COM.
Type library exporter warning processing 'NHibernate.Type.GenericListType`1, NHibernate'. Warning: Type library exporter encountered a generic type. Generic classes may not be exposed to COM.
Type library exporter warning processing 'NHibernate.Type.GenericMapType`2, NHibernate'. Warning: Type library exporter encountered a generic type. Generic classes may not be exposed to COM.
Type library exporter warning processing 'NHibernate.Mapping.IPersistentClassVisitor`1, NHibernate'. Warning: Type library exporter encountered a generic type. Generic classes may not be exposed to COM.
Type library exporter warning processing 'NHibernate.Mapping.IValueVisitor`1, NHibernate'. Warning: Type library exporter encountered a generic type. Generic classes may not be exposed to COM.
Type library exporter warning processing 'NHibernate.Mapping.ByCode.IComposedIdMapper`1, NHibernate'. Warning: Type library exporter encountered a generic type. Generic classes may not be exposed to COM.
Type library exporter warning processing 'NHibernate.Mapping.ByCode.IComponentAsIdAttributesMapper`1, NHibernate'. Warning: Type library exporter encountered a generic type. Generic classes may not be exposed to COM.
Type library exporter warning processing 'NHibernate.Mapping.ByCode.IComponentAsIdMapper`1, NHibernate'. Warning: Type library exporter encountered a generic type. Generic classes may not be exposed to COM.
Type library exporter warning processing 'NHibernate.Mapping.ByCode.IDynamicComponentAttributesMapper`1, NHibernate'. Warning: Type library exporter encountered a generic type. Generic classes may not be exposed to COM.
Type library exporter warning processing 'NHibernate.Mapping.ByCode.IDynamicComponentMapper`1, NHibernate'. Warning: Type library exporter encountered a generic type. Generic classes may not be exposed to COM.
Type library exporter warning processing 'NHibernate.Mapping.ByCode.ForClass`1, NHibernate'. Warning: Type library exporter encountered a generic type. Generic classes may not be exposed to COM.
Type library exporter warning processing 'NHibernate.Mapping.ByCode.IBagPropertiesMapper`2, NHibernate'. Warning: Type library exporter encountered a generic type. Generic classes may not be exposed to COM.
Type library exporter warning processing 'NHibernate.Mapping.ByCode.IClassAttributesMapper`1, NHibernate'. Warning: Type library exporter encountered a generic type. Generic classes may not be exposed to COM.
Type library exporter warning processing 'NHibernate.Mapping.ByCode.IClassMapper`1, NHibernate'. Warning: Type library exporter encountered a generic type. Generic classes may not be exposed to COM.
Type library exporter warning processing 'NHibernate.Mapping.ByCode.ICollectionElementRelation`1, NHibernate'. Warning: Type library exporter encountered a generic type. Generic classes may not be exposed to COM.
Type library exporter warning processing 'NHibernate.Mapping.ByCode.ICollectionPropertiesMapper`2, NHibernate'. Warning: Type library exporter encountered a generic type. Generic classes may not be exposed to COM.
Type library exporter warning processing 'NHibernate.Mapping.ByCode.IComponentElementMapper`1, NHibernate'. Warning: Type library exporter encountered a generic type. Generic classes may not be exposed to COM.
Type library exporter warning processing 'NHibernate.Mapping.ByCode.IComponentMapKeyMapper`1, NHibernate'. Warning: Type library exporter encountered a generic type. Generic classes may not be exposed to COM.
Type library exporter warning processing 'NHibernate.Mapping.ByCode.IComponentAttributesMapper`1, NHibernate'. Warning: Type library exporter encountered a generic type. Generic classes may not be exposed to COM.
Type library exporter warning processing 'NHibernate.Mapping.ByCode.IComponentMapper`1, NHibernate'. Warning: Type library exporter encountered a generic type. Generic classes may not be exposed to COM.
Type library exporter warning processing 'NHibernate.Mapping.ByCode.IIdBagPropertiesMapper`2, NHibernate'. Warning: Type library exporter encountered a generic type. Generic classes may not be exposed to COM.
Type library exporter warning processing 'NHibernate.Mapping.ByCode.IJoinedSubclassAttributesMapper`1, NHibernate'. Warning: Type library exporter encountered a generic type. Generic classes may not be exposed to COM.
Type library exporter warning processing 'NHibernate.Mapping.ByCode.IJoinedSubclassMapper`1, NHibernate'. Warning: Type library exporter encountered a generic type. Generic classes may not be exposed to COM.
Type library exporter warning processing 'NHibernate.Mapping.ByCode.IJoinAttributesMapper`1, NHibernate'. Warning: Type library exporter encountered a generic type. Generic classes may not be exposed to COM.
Type library exporter warning processing 'NHibernate.Mapping.ByCode.IJoinMapper`1, NHibernate'. Warning: Type library exporter encountered a generic type. Generic classes may not be exposed to COM.
Type library exporter warning processing 'NHibernate.Mapping.ByCode.IKeyMapper`1, NHibernate'. Warning: Type library exporter encountered a generic type. Generic classes may not be exposed to COM.
Type library exporter warning processing 'NHibernate.Mapping.ByCode.IListPropertiesMapper`2, NHibernate'. Warning: Type library exporter encountered a generic type. Generic classes may not be exposed to COM.
Type library exporter warning processing 'NHibernate.Mapping.ByCode.IMapKeyRelation`1, NHibernate'. Warning: Type library exporter encountered a generic type. Generic classes may not be exposed to COM.
Type library exporter warning processing 'NHibernate.Mapping.ByCode.IMapPropertiesMapper`3, NHibernate'. Warning: Type library exporter encountered a generic type. Generic classes may not be exposed to COM.
Type library exporter warning processing 'NHibernate.Mapping.ByCode.IOneToOneMapper`1, NHibernate'. Warning: Type library exporter encountered a generic type. Generic classes may not be exposed to COM.
Type library exporter warning processing 'NHibernate.Mapping.ByCode.IMinimalPlainPropertyContainerMapper`1, NHibernate'. Warning: Type library exporter encountered a generic type. Generic classes may not be exposed to COM.
Type library exporter warning processing 'NHibernate.Mapping.ByCode.IBasePlainPropertyContainerMapper`1, NHibernate'. Warning: Type library exporter encountered a generic type. Generic classes may not be exposed to COM.
Type library exporter warning processing 'NHibernate.Mapping.ByCode.IPlainPropertyContainerMapper`1, NHibernate'. Warning: Type library exporter encountered a generic type. Generic classes may not be exposed to COM.
Type library exporter warning processing 'NHibernate.Mapping.ByCode.ICollectionPropertiesContainerMapper`1, NHibernate'. Warning: Type library exporter encountered a generic type. Generic classes may not be exposed to COM.
Type library exporter warning processing 'NHibernate.Mapping.ByCode.IPropertyContainerMapper`1, NHibernate'. Warning: Type library exporter encountered a generic type. Generic classes may not be exposed to COM.
Type library exporter warning processing 'NHibernate.Mapping.ByCode.ISetPropertiesMapper`2, NHibernate'. Warning: Type library exporter encountered a generic type. Generic classes may not be exposed to COM.
Type library exporter warning processing 'NHibernate.Mapping.ByCode.ISubclassAttributesMapper`1, NHibernate'. Warning: Type library exporter encountered a generic type. Generic classes may not be exposed to COM.
Type library exporter warning processing 'NHibernate.Mapping.ByCode.ISubclassMapper`1, NHibernate'. Warning: Type library exporter encountered a generic type. Generic classes may not be exposed to COM.
Type library exporter warning processing 'NHibernate.Mapping.ByCode.IUnionSubclassAttributesMapper`1, NHibernate'. Warning: Type library exporter encountered a generic type. Generic classes may not be exposed to COM.
Type library exporter warning processing 'NHibernate.Mapping.ByCode.IUnionSubclassMapper`1, NHibernate'. Warning: Type library exporter encountered a generic type. Generic classes may not be exposed to COM.
Type library exporter warning processing 'NHibernate.Mapping.ByCode.Impl.OneToOneMapper`1, NHibernate'. Warning: Type library exporter encountered a generic type. Generic classes may not be exposed to COM.
Type library exporter warning processing 'NHibernate.Mapping.ByCode.Impl.CustomizersImpl.ComponentAsIdCustomizer`1, NHibernate'. Warning: Type library exporter encountered a generic type. Generic classes may not be exposed to COM.
Type library exporter warning processing 'NHibernate.Mapping.ByCode.Impl.CustomizersImpl.ComposedIdCustomizer`1, NHibernate'. Warning: Type library exporter encountered a generic type. Generic classes may not be exposed to COM.
Type library exporter warning processing 'NHibernate.Mapping.ByCode.Impl.CustomizersImpl.DynamicComponentCustomizer`1, NHibernate'. Warning: Type library exporter encountered a generic type. Generic classes may not be exposed to COM.
Type library exporter warning processing 'NHibernate.Mapping.ByCode.Impl.CustomizersImpl.BagPropertiesCustomizer`2, NHibernate'. Warning: Type library exporter encountered a generic type. Generic classes may not be exposed to COM.
Type library exporter warning processing 'NHibernate.Mapping.ByCode.Impl.CustomizersImpl.ClassCustomizer`1, NHibernate'. Warning: Type library exporter encountered a generic type. Generic classes may not be exposed to COM.
Type library exporter warning processing 'NHibernate.Mapping.ByCode.Impl.CustomizersImpl.CollectionElementRelationCustomizer`1, NHibernate'. Warning: Type library exporter encountered a generic type. Generic classes may not be exposed to COM.
Type library exporter warning processing 'NHibernate.Mapping.ByCode.Impl.CustomizersImpl.CollectionKeyCustomizer`1, NHibernate'. Warning: Type library exporter encountered a generic type. Generic classes may not be exposed to COM.
Type library exporter warning processing 'NHibernate.Mapping.ByCode.Impl.CustomizersImpl.CollectionPropertiesCustomizer`2, NHibernate'. Warning: Type library exporter encountered a generic type. Generic classes may not be exposed to COM.
Type library exporter warning processing 'NHibernate.Mapping.ByCode.Impl.CustomizersImpl.ComponentCustomizer`1, NHibernate'. Warning: Type library exporter encountered a generic type. Generic classes may not be exposed to COM.
Type library exporter warning processing 'NHibernate.Mapping.ByCode.Impl.CustomizersImpl.ComponentElementCustomizer`1, NHibernate'. Warning: Type library exporter encountered a generic type. Generic classes may not be exposed to COM.
Type library exporter warning processing 'NHibernate.Mapping.ByCode.Impl.CustomizersImpl.IdBagPropertiesCustomizer`2, NHibernate'. Warning: Type library exporter encountered a generic type. Generic classes may not be exposed to COM.
Type library exporter warning processing 'NHibernate.Mapping.ByCode.Impl.CustomizersImpl.JoinCustomizer`1, NHibernate'. Warning: Type library exporter encountered a generic type. Generic classes may not be exposed to COM.
Type library exporter warning processing 'NHibernate.Mapping.ByCode.Impl.CustomizersImpl.JoinedSubclassCustomizer`1, NHibernate'. Warning: Type library exporter encountered a generic type. Generic classes may not be exposed to COM.
Type library exporter warning processing 'NHibernate.Mapping.ByCode.Impl.CustomizersImpl.JoinedSubclassKeyCustomizer`1, NHibernate'. Warning: Type library exporter encountered a generic type. Generic classes may not be exposed to COM.
Type library exporter warning processing 'NHibernate.Mapping.ByCode.Impl.CustomizersImpl.JoinKeyCustomizer`1, NHibernate'. Warning: Type library exporter encountered a generic type. Generic classes may not be exposed to COM.
Type library exporter warning processing 'NHibernate.Mapping.ByCode.Impl.CustomizersImpl.ListPropertiesCustomizer`2, NHibernate'. Warning: Type library exporter encountered a generic type. Generic classes may not be exposed to COM.
Type library exporter warning processing 'NHibernate.Mapping.ByCode.Impl.CustomizersImpl.MapKeyComponentCustomizer`1, NHibernate'. Warning: Type library exporter encountered a generic type. Generic classes may not be exposed to COM.
Type library exporter warning processing 'NHibernate.Mapping.ByCode.Impl.CustomizersImpl.MapKeyRelationCustomizer`1, NHibernate'. Warning: Type library exporter encountered a generic type. Generic classes may not be exposed to COM.
Type library exporter warning processing 'NHibernate.Mapping.ByCode.Impl.CustomizersImpl.MapPropertiesCustomizer`3, NHibernate'. Warning: Type library exporter encountered a generic type. Generic classes may not be exposed to COM.
Type library exporter warning processing 'NHibernate.Mapping.ByCode.Impl.CustomizersImpl.NaturalIdCustomizer`1, NHibernate'. Warning: Type library exporter encountered a generic type. Generic classes may not be exposed to COM.
Type library exporter warning processing 'NHibernate.Mapping.ByCode.Impl.CustomizersImpl.PropertyContainerCustomizer`1, NHibernate'. Warning: Type library exporter encountered a generic type. Generic classes may not be exposed to COM.
Type library exporter warning processing 'NHibernate.Mapping.ByCode.Impl.CustomizersImpl.SetPropertiesCustomizer`2, NHibernate'. Warning: Type library exporter encountered a generic type. Generic classes may not be exposed to COM.
Type library exporter warning processing 'NHibernate.Mapping.ByCode.Impl.CustomizersImpl.SubclassCustomizer`1, NHibernate'. Warning: Type library exporter encountered a generic type. Generic classes may not be exposed to COM.
Type library exporter warning processing 'NHibernate.Mapping.ByCode.Impl.CustomizersImpl.UnionSubclassCustomizer`1, NHibernate'. Warning: Type library exporter encountered a generic type. Generic classes may not be exposed to COM.
Type library exporter warning processing 'NHibernate.Mapping.ByCode.Conformist.ClassMapping`1, NHibernate'. Warning: Type library exporter encountered a generic type. Generic classes may not be exposed to COM.
Type library exporter warning processing 'NHibernate.Mapping.ByCode.Conformist.ComponentMapping`1, NHibernate'. Warning: Type library exporter encountered a generic type. Generic classes may not be exposed to COM.
Type library exporter warning processing 'NHibernate.Mapping.ByCode.Conformist.JoinedSubclassMapping`1, NHibernate'. Warning: Type library exporter encountered a generic type. Generic classes may not be exposed to COM.
Type library exporter warning processing 'NHibernate.Mapping.ByCode.Conformist.SubclassMapping`1, NHibernate'. Warning: Type library exporter encountered a generic type. Generic classes may not be exposed to COM.
Type library exporter warning processing 'NHibernate.Mapping.ByCode.Conformist.UnionSubclassMapping`1, NHibernate'. Warning: Type library exporter encountered a generic type. Generic classes may not be exposed to COM.
Type library exporter warning processing 'NHibernate.Linq.INhFetchRequest`2, NHibernate'. Warning: Type library exporter encountered a generic type. Generic classes may not be exposed to COM.
Type library exporter warning processing 'NHibernate.Linq.NhFetchRequest`2, NHibernate'. Warning: Type library exporter encountered a generic type. Generic classes may not be exposed to COM.
Type library exporter warning processing 'NHibernate.Linq.NhQueryable`1, NHibernate'. Warning: Type library exporter encountered a generic type. Generic classes may not be exposed to COM.
Type library exporter warning processing 'NHibernate.Linq.Visitors.ResultOperatorProcessors.ResultOperatorProcessor`1, NHibernate'. Warning: Type library exporter encountered a generic type. Generic classes may not be exposed to COM.
Type library exporter warning processing 'NHibernate.Linq.Visitors.ResultOperatorProcessors.IResultOperatorProcessor`1, NHibernate'. Warning: Type library exporter encountered a generic type. Generic classes may not be exposed to COM.
Type library exporter warning processing 'NHibernate.Linq.Functions.ConvertToGenerator`1, NHibernate'. Warning: Type library exporter encountered a generic type. Generic classes may not be exposed to COM.
Type library exporter warning processing 'NHibernate.Linq.Functions.GenericDictionaryRuntimeMethodHqlGeneratorBase`1, NHibernate'. Warning: Type library exporter encountered a generic type. Generic classes may not be exposed to COM.
Type library exporter warning processing 'NHibernate.Linq.Functions.DictionaryRuntimeMethodHqlGeneratorBase`1, NHibernate'. Warning: Type library exporter encountered a generic type. Generic classes may not be exposed to COM.
Type library exporter warning processing 'NHibernate.Impl.FutureBatch`2, NHibernate'. Warning: Type library exporter encountered a generic type. Generic classes may not be exposed to COM.
Type library exporter warning processing 'NHibernate.Criterion.QueryOver`1, NHibernate'. Warning: Type library exporter encountered a generic type. Generic classes may not be exposed to COM.
Type library exporter warning processing 'NHibernate.Criterion.QueryOver`2, NHibernate'. Warning: Type library exporter encountered a generic type. Generic classes may not be exposed to COM.
Type library exporter warning processing 'NHibernate.Criterion.Lambda.QueryOverFetchBuilder`2, NHibernate'. Warning: Type library exporter encountered a generic type. Generic classes may not be exposed to COM.
Type library exporter warning processing 'NHibernate.Criterion.Lambda.IQueryOverFetchBuilder`2, NHibernate'. Warning: Type library exporter encountered a generic type. Generic classes may not be exposed to COM.
Type library exporter warning processing 'NHibernate.Criterion.Lambda.QueryOverFetchBuilderBase`3, NHibernate'. Warning: Type library exporter encountered a generic type. Generic classes may not be exposed to COM.
Type library exporter warning processing 'NHibernate.Criterion.Lambda.QueryOverJoinBuilder`2, NHibernate'. Warning: Type library exporter encountered a generic type. Generic classes may not be exposed to COM.
Type library exporter warning processing 'NHibernate.Criterion.Lambda.IQueryOverJoinBuilder`2, NHibernate'. Warning: Type library exporter encountered a generic type. Generic classes may not be exposed to COM.
Type library exporter warning processing 'NHibernate.Criterion.Lambda.QueryOverJoinBuilderBase`3, NHibernate'. Warning: Type library exporter encountered a generic type. Generic classes may not be exposed to COM.
Type library exporter warning processing 'NHibernate.Criterion.Lambda.QueryOverLockBuilder`2, NHibernate'. Warning: Type library exporter encountered a generic type. Generic classes may not be exposed to COM.
Type library exporter warning processing 'NHibernate.Criterion.Lambda.IQueryOverLockBuilder`2, NHibernate'. Warning: Type library exporter encountered a generic type. Generic classes may not be exposed to COM.
Type library exporter warning processing 'NHibernate.Criterion.Lambda.QueryOverLockBuilderBase`3, NHibernate'. Warning: Type library exporter encountered a generic type. Generic classes may not be exposed to COM.
Type library exporter warning processing 'NHibernate.Criterion.Lambda.QueryOverOrderBuilder`2, NHibernate'. Warning: Type library exporter encountered a generic type. Generic classes may not be exposed to COM.
Type library exporter warning processing 'NHibernate.Criterion.Lambda.IQueryOverOrderBuilder`2, NHibernate'. Warning: Type library exporter encountered a generic type. Generic classes may not be exposed to COM.
Type library exporter warning processing 'NHibernate.Criterion.Lambda.QueryOverOrderBuilderBase`3, NHibernate'. Warning: Type library exporter encountered a generic type. Generic classes may not be exposed to COM.
Type library exporter warning processing 'NHibernate.Criterion.Lambda.QueryOverProjectionBuilder`1, NHibernate'. Warning: Type library exporter encountered a generic type. Generic classes may not be exposed to COM.
Type library exporter warning processing 'NHibernate.Criterion.Lambda.QueryOverRestrictionBuilder`2, NHibernate'. Warning: Type library exporter encountered a generic type. Generic classes may not be exposed to COM.
Type library exporter warning processing 'NHibernate.Criterion.Lambda.IQueryOverRestrictionBuilder`2, NHibernate'. Warning: Type library exporter encountered a generic type. Generic classes may not be exposed to COM.
Type library exporter warning processing 'NHibernate.Criterion.Lambda.QueryOverRestrictionBuilderBase`3, NHibernate'. Warning: Type library exporter encountered a generic type. Generic classes may not be exposed to COM.
Type library exporter warning processing 'NHibernate.Criterion.Lambda.QueryOverRestrictionBuilderBase`3+LambdaBetweenBuilder, NHibernate'. Warning: Type library exporter encountered a generic type. Generic classes may not be exposed to COM.
Type library exporter warning processing 'NHibernate.Criterion.Lambda.QueryOverSubqueryBuilder`2, NHibernate'. Warning: Type library exporter encountered a generic type. Generic classes may not be exposed to COM.
Type library exporter warning processing 'NHibernate.Criterion.Lambda.IQueryOverSubqueryBuilder`2, NHibernate'. Warning: Type library exporter encountered a generic type. Generic classes may not be exposed to COM.
Type library exporter warning processing 'NHibernate.Criterion.Lambda.QueryOverSubqueryBuilderBase`4, NHibernate'. Warning: Type library exporter encountered a generic type. Generic classes may not be exposed to COM.
Type library exporter warning processing 'NHibernate.Criterion.Lambda.QueryOverSubqueryPropertyBuilder`2, NHibernate'. Warning: Type library exporter encountered a generic type. Generic classes may not be exposed to COM.
Type library exporter warning processing 'NHibernate.Criterion.Lambda.IQueryOverSubqueryPropertyBuilder`2, NHibernate'. Warning: Type library exporter encountered a generic type. Generic classes may not be exposed to COM.
Type library exporter warning processing 'NHibernate.Criterion.Lambda.QueryOverSubqueryPropertyBuilderBase`3, NHibernate'. Warning: Type library exporter encountered a generic type. Generic classes may not be exposed to COM.
Type library exporter warning processing 'NHibernate.Util.EnumeratorAdapter`1, NHibernate'. Warning: Type library exporter encountered a generic type. Generic classes may not be exposed to COM.
Type library exporter warning processing 'NHibernate.Util.JoinedEnumerable`1, NHibernate'. Warning: Type library exporter encountered a generic type. Generic classes may not be exposed to COM.
Type library exporter warning processing 'NHibernate.Util.NullableDictionary`2, NHibernate'. Warning: Type library exporter encountered a generic type. Generic classes may not be exposed to COM.
Type library exporter warning processing 'NHibernate.Util.CollectionHelper+EmptyEnumerableClass`1, NHibernate'. Warning: Type library exporter encountered a generic type. Generic classes may not be exposed to COM.
Type library exporter warning processing 'NHibernate.Util.CollectionHelper+EmptyMapClass`2, NHibernate'. Warning: Type library exporter encountered a generic type. Generic classes may not be exposed to COM.
Type library exporter warning processing 'NHibernate.Util.LinkedHashMap`2, NHibernate'. Warning: Type library exporter encountered a generic type. Generic classes may not be exposed to COM.
Type library exporter warning processing 'NHibernate.Util.SafetyEnumerable`1, NHibernate'. Warning: Type library exporter encountered a generic type. Generic classes may not be exposed to COM.
Type library exporter warning processing 'NHibernate.Util.SingletonEnumerable`1, NHibernate'. Warning: Type library exporter encountered a generic type. Generic classes may not be exposed to COM.
Type library exporter warning processing 'NHibernate.Util.ThreadSafeDictionary`2, NHibernate'. Warning: Type library exporter encountered a generic type. Generic classes may not be exposed to COM.
Type library exporter warning processing 'NHibernate.Util.UnmodifiableDictionary`2, NHibernate'. Warning: Type library exporter encountered a generic type. Generic classes may not be exposed to COM.
Type library exporter warning processing 'NHibernate.Collection.Generic.PersistentGenericSet`1, NHibernate'. Warning: Type library exporter encountered a generic type. Generic classes may not be exposed to COM.
Type library exporter warning processing 'NHibernate.Collection.Generic.PersistentGenericBag`1, NHibernate'. Warning: Type library exporter encountered a generic type. Generic classes may not be exposed to COM.
Type library exporter warning processing 'NHibernate.Collection.Generic.PersistentGenericList`1, NHibernate'. Warning: Type library exporter encountered a generic type. Generic classes may not be exposed to COM.
Type library exporter warning processing 'NHibernate.Collection.Generic.PersistentGenericMap`2, NHibernate'. Warning: Type library exporter encountered a generic type. Generic classes may not be exposed to COM.
Type library exporter warning processing 'NHibernate.Collection.Generic.PersistentIdentifierBag`1, NHibernate'. Warning: Type library exporter encountered a generic type. Generic classes may not be exposed to COM.
Type library exporter warning processing 'NHibernate.Cfg.Loquacious.IEntityCacheConfigurationProperties`1, NHibernate'. Warning: Type library exporter encountered a generic type. Generic classes may not be exposed to COM.
Type library exporter warning processing 'Remotion.Linq.Collections.ChangeResistantObservableCollectionEnumerator`1, NHibernate'. Warning: Type library exporter encountered a generic type. Generic classes may not be exposed to COM.
Type library exporter warning processing 'Remotion.Linq.Collections.MultiDictionary`2, NHibernate'. Warning: Type library exporter encountered a generic type. Generic classes may not be exposed to COM.
Type library exporter warning processing 'Remotion.Linq.Collections.ObservableCollection`1, NHibernate'. Warning: Type library exporter encountered a generic type. Generic classes may not be exposed to COM.
Type library exporter warning processing 'Remotion.Linq.Collections.ObservableCollection`1+IndexValuePair, NHibernate'. Warning: Type library exporter encountered a generic type. Generic classes may not be exposed to COM.
Type library exporter warning processing 'Remotion.Linq.Collections.ObservableCollectionChangedEventArgs`1, NHibernate'. Warning: Type library exporter encountered a generic type. Generic classes may not be exposed to COM.
Type library exporter warning processing 'Remotion.Linq.Parsing.ExpressionTreeVisitors.Transformation.IExpressionTransformer`1, NHibernate'. Warning: Type library exporter encountered a generic type. Generic classes may not be exposed to COM.
Type library exporter warning processing 'Remotion.Linq.Parsing.Structure.IntermediateModel.ResolvedExpressionCache`1, NHibernate'. Warning: Type library exporter encountered a generic type. Generic classes may not be exposed to COM.
Type library exporter warning processing 'Remotion.Linq.QueryableBase`1, NHibernate'. Warning: Type library exporter encountered a generic type. Generic classes may not be exposed to COM.
Type library exporter warning processing 'Remotion.Linq.EagerFetching.FluentFetchRequest`2, NHibernate'. Warning: Type library exporter encountered a generic type. Generic classes may not be exposed to COM.
Type library exporter warning processing 'Remotion.Linq.Utilities.RegistryBase`3, NHibernate'. Warning: Type library exporter encountered a generic type. Generic classes may not be exposed to COM.
Type library exporter warning processing 'NHibernate.Linq.Functions.ConvertToDateTimeGenerator, NHibernate'. Warning: Type library exporter encountered a type that derives from a generic class and is not marked as [ClassInterface(ClassInterfaceType.None)]. Class interfaces cannot be exposed for such types. Consider marking the type with [ClassInterface(ClassInterfaceType.None)] and exposing an explicit interface as the default interface to COM using the ComDefaultInterface attribute.
Type library exporter warning processing 'NHibernate.Linq.Functions.ConvertToBooleanGenerator, NHibernate'. Warning: Type library exporter encountered a type that derives from a generic class and is not marked as [ClassInterface(ClassInterfaceType.None)]. Class interfaces cannot be exposed for such types. Consider marking the type with [ClassInterface(ClassInterfaceType.None)] and exposing an explicit interface as the default interface to COM using the ComDefaultInterface attribute.
Type library exporter warning processing 'NHibernate.Linq.Functions.ConvertToInt32Generator, NHibernate'. Warning: Type library exporter encountered a type that derives from a generic class and is not marked as [ClassInterface(ClassInterfaceType.None)]. Class interfaces cannot be exposed for such types. Consider marking the type with [ClassInterface(ClassInterfaceType.None)] and exposing an explicit interface as the default interface to COM using the ComDefaultInterface attribute.
Type library exporter warning processing 'NHibernate.Linq.Functions.ConvertToDecimalGenerator, NHibernate'. Warning: Type library exporter encountered a type that derives from a generic class and is not marked as [ClassInterface(ClassInterfaceType.None)]. Class interfaces cannot be exposed for such types. Consider marking the type with [ClassInterface(ClassInterfaceType.None)] and exposing an explicit interface as the default interface to COM using the ComDefaultInterface attribute.
Type library exporter warning processing 'NHibernate.Linq.Functions.ConvertToDoubleGenerator, NHibernate'. Warning: Type library exporter encountered a type that derives from a generic class and is not marked as [ClassInterface(ClassInterfaceType.None)]. Class interfaces cannot be exposed for such types. Consider marking the type with [ClassInterface(ClassInterfaceType.None)] and exposing an explicit interface as the default interface to COM using the ComDefaultInterface attribute.
Type library exporter warning processing 'NHibernate.Linq.Functions.GenericDictionaryContainsKeyRuntimeHqlGenerator, NHibernate'. Warning: Type library exporter encountered a type that derives from a generic class and is not marked as [ClassInterface(ClassInterfaceType.None)]. Class interfaces cannot be exposed for such types. Consider marking the type with [ClassInterface(ClassInterfaceType.None)] and exposing an explicit interface as the default interface to COM using the ComDefaultInterface attribute.
Type library exporter warning processing 'NHibernate.Linq.Functions.DictionaryContainsKeyRuntimeHqlGenerator, NHibernate'. Warning: Type library exporter encountered a type that derives from a generic class and is not marked as [ClassInterface(ClassInterfaceType.None)]. Class interfaces cannot be exposed for such types. Consider marking the type with [ClassInterface(ClassInterfaceType.None)] and exposing an explicit interface as the default interface to COM using the ComDefaultInterface attribute.
Type library exporter warning processing 'NHibernate.Linq.Functions.DictionaryItemRuntimeHqlGenerator, NHibernate'. Warning: Type library exporter encountered a type that derives from a generic class and is not marked as [ClassInterface(ClassInterfaceType.None)]. Class interfaces cannot be exposed for such types. Consider marking the type with [ClassInterface(ClassInterfaceType.None)] and exposing an explicit interface as the default interface to COM using the ComDefaultInterface attribute.
Type library exporter warning processing 'NHibernate.Linq.Functions.GenericDictionaryItemRuntimeHqlGenerator, NHibernate'. Warning: Type library exporter encountered a type that derives from a generic class and is not marked as [ClassInterface(ClassInterfaceType.None)]. Class interfaces cannot be exposed for such types. Consider marking the type with [ClassInterface(ClassInterfaceType.None)] and exposing an explicit interface as the default interface to COM using the ComDefaultInterface attribute.
Type library exporter warning processing 'NHibernate.Impl.FutureQueryBatch, NHibernate'. Warning: Type library exporter encountered a type that derives from a generic class and is not marked as [ClassInterface(ClassInterfaceType.None)]. Class interfaces cannot be exposed for such types. Consider marking the type with [ClassInterface(ClassInterfaceType.None)] and exposing an explicit interface as the default interface to COM using the ComDefaultInterface attribute.
Type library exporter warning processing 'NHibernate.Impl.FutureCriteriaBatch, NHibernate'. Warning: Type library exporter encountered a type that derives from a generic class and is not marked as [ClassInterface(ClassInterfaceType.None)]. Class interfaces cannot be exposed for such types. Consider marking the type with [ClassInterface(ClassInterfaceType.None)] and exposing an explicit interface as the default interface to COM using the ComDefaultInterface attribute.
Type library exporter warning processing 'NHibernate.IInterceptor.IsTransient(#0), NHibernate'. Warning: Type library exporter encountered a generic type instance in a signature. Generic code may not be exported to COM.
Type library exporter warning processing 'NHibernate.IQuery.SetDateTimeOffset(val), NHibernate'. Warning: Non COM visible value type 'System.DateTimeOffset' is being referenced either from the type currently being exported or from one of its base types.
Type library exporter warning processing 'NHibernate.IQuery.SetDateTimeOffset(val), NHibernate'. Warning: Non COM visible value type 'System.DateTimeOffset' is being referenced either from the type currently being exported or from one of its base types.
Type library exporter warning processing 'NHibernate.ISession.BeginTransaction(isolationLevel), NHibernate'. Warning: Non COM visible value type 'System.Data.IsolationLevel' is being referenced either from the type currently being exported or from one of its base types.
Type library exporter warning processing 'NHibernate.ISessionFactory.GetAllClassMetadata(#0), NHibernate'. Warning: Type library exporter encountered a generic type instance in a signature. Generic code may not be exported to COM.
Type library exporter warning processing 'NHibernate.ISessionFactory.GetAllCollectionMetadata(#0), NHibernate'. Warning: Type library exporter encountered a generic type instance in a signature. Generic code may not be exported to COM.
Type library exporter warning processing 'NHibernate.ISessionFactory.get_DefinedFilterNames(#0), NHibernate'. Warning: Type library exporter encountered a generic type instance in a signature. Generic code may not be exported to COM.
Type library exporter warning processing 'NHibernate.ITransaction.Begin(isolationLevel), NHibernate'. Warning: Non COM visible value type 'System.Data.IsolationLevel' is being referenced either from the type currently being exported or from one of its base types.
Type library exporter warning processing 'NHibernate.IQueryExpression.get_ParameterDescriptors(#0), NHibernate'. Warning: Type library exporter encountered a generic type instance in a signature. Generic code may not be exported to COM.
Type library exporter warning processing 'NHibernate.IStatelessSession.BeginTransaction(isolationLevel), NHibernate'. Warning: Non COM visible value type 'System.Data.IsolationLevel' is being referenced either from the type currently being exported or from one of its base types.
Type library exporter warning processing 'NHibernate.IMultiQuery.SetDateTimeOffset(val), NHibernate'. Warning: Non COM visible value type 'System.DateTimeOffset' is being referenced either from the type currently being exported or from one of its base types.
Type library exporter warning processing 'NHibernate.UserTypes.IParameterizedType.SetParameterValues(parameters), NHibernate'. Warning: Type library exporter encountered a generic type instance in a signature. Generic code may not be exported to COM.
Type library exporter warning processing 'NHibernate.Stat.ISessionStatistics.get_EntityKeys(#0), NHibernate'. Warning: Type library exporter encountered a generic type instance in a signature. Generic code may not be exported to COM.
Type library exporter warning processing 'NHibernate.Stat.ISessionStatistics.get_CollectionKeys(#0), NHibernate'. Warning: Type library exporter encountered a generic type instance in a signature. Generic code may not be exported to COM.
Type library exporter warning processing 'NHibernate.Type.IAssociationType.GetOnCondition(enabledFilters), NHibernate'. Warning: Type library exporter encountered a generic type instance in a signature. Generic code may not be exported to COM.
Type library exporter warning processing 'NHibernate.Type.IType.Compare(entityMode), NHibernate'. Warning: Type library exporter encountered a generic type instance in a signature. Generic code may not be exported to COM.
Type library exporter warning processing 'NHibernate.Proxy.IProxyFactory.PostInstantiate(interfaces), NHibernate'. Warning: Type library exporter encountered a generic type instance in a signature. Generic code may not be exported to COM.
Type library exporter warning processing 'NHibernate.Proxy.IProxyValidator.ValidateType(#0), NHibernate'. Warning: Type library exporter encountered a generic type instance in a signature. Generic code may not be exported to COM.
Type library exporter warning processing 'NHibernate.Persister.Collection.ICollectionPersister.GetManyToManyFilterFragment(enabledFilters), NHibernate'. Warning: Type library exporter encountered a generic type instance in a signature. Generic code may not be exported to COM.
Type library exporter warning processing 'NHibernate.Persister.Entity.IEntityPersister.GuessEntityMode(#0), NHibernate'. Warning: Type library exporter encountered a generic type instance in a signature. Generic code may not be exported to COM.
Type library exporter warning processing 'NHibernate.Persister.Entity.IEntityPersister.IsTransient(#0), NHibernate'. Warning: Type library exporter encountered a generic type instance in a signature. Generic code may not be exported to COM.
Type library exporter warning processing 'NHibernate.Persister.Entity.IEntityPersister.IsUnsavedVersion(#0), NHibernate'. Warning: Type library exporter encountered a generic type instance in a signature. Generic code may not be exported to COM.
Type library exporter warning processing 'NHibernate.Persister.Entity.IJoinable.FilterFragment(enabledFilters), NHibernate'. Warning: Type library exporter encountered a generic type instance in a signature. Generic code may not be exported to COM.
Type library exporter warning processing 'NHibernate.Persister.Entity.ILoadable.Hydrate(suffixedPropertyColumns), NHibernate'. Warning: There is no marshaling support for nested arrays.
Type library exporter warning processing 'NHibernate.Persister.Entity.IQueryable.get_ContraintOrderedTableKeyColumnClosure(#0), NHibernate'. Warning: There is no marshaling support for nested arrays.
Type library exporter warning processing 'NHibernate.Param.IParameterSpecification.Bind(sqlQueryParametersList), NHibernate'. Warning: Type library exporter encountered a generic type instance in a signature. Generic code may not be exported to COM.
Type library exporter warning processing 'NHibernate.Param.IParameterSpecification.Bind(multiSqlQueryParametersList), NHibernate'. Warning: Type library exporter encountered a generic type instance in a signature. Generic code may not be exported to COM.
Type library exporter warning processing 'NHibernate.Param.IParameterSpecification.GetIdsForBackTrack(#0), NHibernate'. Warning: Type library exporter encountered a generic type instance in a signature. Generic code may not be exported to COM.
Type library exporter warning processing 'NHibernate.SqlCommand.ISqlCommand.Bind(commandQueryParametersList), NHibernate'. Warning: Type library exporter encountered a generic type instance in a signature. Generic code may not be exported to COM.
Type library exporter warning processing 'NHibernate.Mapping.IValue.get_ColumnIterator(#0), NHibernate'. Warning: Type library exporter encountered a generic type instance in a signature. Generic code may not be exported to COM.
Type library exporter warning processing 'NHibernate.Mapping.IMetaAttributable.get_MetaAttributes(#0), NHibernate'. Warning: Type library exporter encountered a generic type instance in a signature. Generic code may not be exported to COM.
Type library exporter warning processing 'NHibernate.Mapping.IMetaAttributable.set_MetaAttributes(value), NHibernate'. Warning: Type library exporter encountered a generic type instance in a signature. Generic code may not be exported to COM.
Type library exporter warning processing 'NHibernate.Mapping.IAuxiliaryDatabaseObject.SetParameterValues(parameters), NHibernate'. Warning: Type library exporter encountered a generic type instance in a signature. Generic code may not be exported to COM.
Type library exporter warning processing 'NHibernate.Mapping.IFilterable.get_FilterMap(#0), NHibernate'. Warning: Type library exporter encountered a generic type instance in a signature. Generic code may not be exported to COM.
Type library exporter warning processing 'NHibernate.Mapping.ByCode.IManyToAnyMapper.Columns(idColumnMapping), NHibernate'. Warning: Type library exporter encountered a generic type instance in a signature. Generic code may not be exported to COM.
Type library exporter warning processing 'NHibernate.Mapping.ByCode.IAnyMapper.Columns(idColumnMapping), NHibernate'. Warning: Type library exporter encountered a generic type instance in a signature. Generic code may not be exported to COM.
Type library exporter warning processing 'NHibernate.Mapping.ByCode.IClassAttributesMapper.Id(idMapper), NHibernate'. Warning: Type library exporter encountered a generic type instance in a signature. Generic code may not be exported to COM.
Type library exporter warning processing 'NHibernate.Mapping.ByCode.IClassAttributesMapper.Id(idMapper), NHibernate'. Warning: Type library exporter encountered a generic type instance in a signature. Generic code may not be exported to COM.
Type library exporter warning processing 'NHibernate.Mapping.ByCode.IClassAttributesMapper.ComponentAsId(idMapper), NHibernate'. Warning: Type library exporter encountered a generic type instance in a signature. Generic code may not be exported to COM.
Type library exporter warning processing 'NHibernate.Mapping.ByCode.IClassAttributesMapper.ComposedId(idPropertiesMapping), NHibernate'. Warning: Type library exporter encountered a generic type instance in a signature. Generic code may not be exported to COM.
Type library exporter warning processing 'NHibernate.Mapping.ByCode.IClassAttributesMapper.Discriminator(discriminatorMapping), NHibernate'. Warning: Type library exporter encountered a generic type instance in a signature. Generic code may not be exported to COM.
Type library exporter warning processing 'NHibernate.Mapping.ByCode.IClassAttributesMapper.Version(versionMapping), NHibernate'. Warning: Type library exporter encountered a generic type instance in a signature. Generic code may not be exported to COM.
Type library exporter warning processing 'NHibernate.Mapping.ByCode.IClassAttributesMapper.NaturalId(naturalIdMapping), NHibernate'. Warning: Type library exporter encountered a generic type instance in a signature. Generic code may not be exported to COM.
Type library exporter warning processing 'NHibernate.Mapping.ByCode.IClassAttributesMapper.Cache(cacheMapping), NHibernate'. Warning: Type library exporter encountered a generic type instance in a signature. Generic code may not be exported to COM.
Type library exporter warning processing 'NHibernate.Mapping.ByCode.IClassAttributesMapper.Filter(filterMapping), NHibernate'. Warning: Type library exporter encountered a generic type instance in a signature. Generic code may not be exported to COM.
Type library exporter warning processing 'NHibernate.Mapping.ByCode.IClassMapper.Join(splitMapping), NHibernate'. Warning: Type library exporter encountered a generic type instance in a signature. Generic code may not be exported to COM.
Type library exporter warning processing 'NHibernate.Mapping.ByCode.ICollectionElementRelation.Element(mapping), NHibernate'. Warning: Type library exporter encountered a generic type instance in a signature. Generic code may not be exported to COM.
Type library exporter warning processing 'NHibernate.Mapping.ByCode.ICollectionElementRelation.OneToMany(mapping), NHibernate'. Warning: Type library exporter encountered a generic type instance in a signature. Generic code may not be exported to COM.
Type library exporter warning processing 'NHibernate.Mapping.ByCode.ICollectionElementRelation.ManyToMany(mapping), NHibernate'. Warning: Type library exporter encountered a generic type instance in a signature. Generic code may not be exported to COM.
Type library exporter warning processing 'NHibernate.Mapping.ByCode.ICollectionElementRelation.Component(mapping), NHibernate'. Warning: Type library exporter encountered a generic type instance in a signature. Generic code may not be exported to COM.
Type library exporter warning processing 'NHibernate.Mapping.ByCode.ICollectionElementRelation.ManyToAny(mapping), NHibernate'. Warning: Type library exporter encountered a generic type instance in a signature. Generic code may not be exported to COM.
Type library exporter warning processing 'NHibernate.Mapping.ByCode.ICollectionIdMapper.Generator(generatorMapping), NHibernate'. Warning: Type library exporter encountered a generic type instance in a signature. Generic code may not be exported to COM.
Type library exporter warning processing 'NHibernate.Mapping.ByCode.ICollectionPropertiesMapper.Key(keyMapping), NHibernate'. Warning: Type library exporter encountered a generic type instance in a signature. Generic code may not be exported to COM.
Type library exporter warning processing 'NHibernate.Mapping.ByCode.ICollectionPropertiesMapper.Cache(cacheMapping), NHibernate'. Warning: Type library exporter encountered a generic type instance in a signature. Generic code may not be exported to COM.
Type library exporter warning processing 'NHibernate.Mapping.ByCode.ICollectionPropertiesMapper.Filter(filterMapping), NHibernate'. Warning: Type library exporter encountered a generic type instance in a signature. Generic code may not be exported to COM.
Type library exporter warning processing 'NHibernate.Mapping.ByCode.IColumnsMapper.Column(columnMapper), NHibernate'. Warning: Type library exporter encountered a generic type instance in a signature. Generic code may not be exported to COM.
Type library exporter warning processing 'NHibernate.Mapping.ByCode.IComponentElementMapper.Property(mapping), NHibernate'. Warning: Type library exporter encountered a generic type instance in a signature. Generic code may not be exported to COM.
Type library exporter warning processing 'NHibernate.Mapping.ByCode.IComponentElementMapper.Component(mapping), NHibernate'. Warning: Type library exporter encountered a generic type instance in a signature. Generic code may not be exported to COM.
Type library exporter warning processing 'NHibernate.Mapping.ByCode.IComponentElementMapper.ManyToOne(mapping), NHibernate'. Warning: Type library exporter encountered a generic type instance in a signature. Generic code may not be exported to COM.
Type library exporter warning processing 'NHibernate.Mapping.ByCode.IComponentMapKeyMapper.Property(mapping), NHibernate'. Warning: Type library exporter encountered a generic type instance in a signature. Generic code may not be exported to COM.
Type library exporter warning processing 'NHibernate.Mapping.ByCode.IComponentMapKeyMapper.ManyToOne(mapping), NHibernate'. Warning: Type library exporter encountered a generic type instance in a signature. Generic code may not be exported to COM.
Type library exporter warning processing 'NHibernate.Mapping.ByCode.IComponentAttributesMapper.Parent(parentMapping), NHibernate'. Warning: Type library exporter encountered a generic type instance in a signature. Generic code may not be exported to COM.
Type library exporter warning processing 'NHibernate.Mapping.ByCode.IDiscriminatorMapper.Column(columnMapper), NHibernate'. Warning: Type library exporter encountered a generic type instance in a signature. Generic code may not be exported to COM.
Type library exporter warning processing 'NHibernate.Mapping.ByCode.IGeneratorMapper.Params(generatorParameters), NHibernate'. Warning: Type library exporter encountered a generic type instance in a signature. Generic code may not be exported to COM.
Type library exporter warning processing 'NHibernate.Mapping.ByCode.IIdBagPropertiesMapper.Id(idMapping), NHibernate'. Warning: Type library exporter encountered a generic type instance in a signature. Generic code may not be exported to COM.
Type library exporter warning processing 'NHibernate.Mapping.ByCode.IIdMapper.Generator(generatorMapping), NHibernate'. Warning: Type library exporter encountered a generic type instance in a signature. Generic code may not be exported to COM.
Type library exporter warning processing 'NHibernate.Mapping.ByCode.IJoinedSubclassAttributesMapper.Key(keyMapping), NHibernate'. Warning: Type library exporter encountered a generic type instance in a signature. Generic code may not be exported to COM.
Type library exporter warning processing 'NHibernate.Mapping.ByCode.IJoinedSubclassAttributesMapper.Filter(filterMapping), NHibernate'. Warning: Type library exporter encountered a generic type instance in a signature. Generic code may not be exported to COM.
Type library exporter warning processing 'NHibernate.Mapping.ByCode.IJoinAttributesMapper.Key(keyMapping), NHibernate'. Warning: Type library exporter encountered a generic type instance in a signature. Generic code may not be exported to COM.
Type library exporter warning processing 'NHibernate.Mapping.ByCode.IListIndexMapper.Column(columnMapper), NHibernate'. Warning: Type library exporter encountered a generic type instance in a signature. Generic code may not be exported to COM.
Type library exporter warning processing 'NHibernate.Mapping.ByCode.IListPropertiesMapper.Index(listIndexMapping), NHibernate'. Warning: Type library exporter encountered a generic type instance in a signature. Generic code may not be exported to COM.
Type library exporter warning processing 'NHibernate.Mapping.ByCode.IMapKeyRelation.Element(mapping), NHibernate'. Warning: Type library exporter encountered a generic type instance in a signature. Generic code may not be exported to COM.
Type library exporter warning processing 'NHibernate.Mapping.ByCode.IMapKeyRelation.ManyToMany(mapping), NHibernate'. Warning: Type library exporter encountered a generic type instance in a signature. Generic code may not be exported to COM.
Type library exporter warning processing 'NHibernate.Mapping.ByCode.IMapKeyRelation.Component(mapping), NHibernate'. Warning: Type library exporter encountered a generic type instance in a signature. Generic code may not be exported to COM.
Type library exporter warning processing 'NHibernate.Mapping.ByCode.IModelExplicitDeclarationsHolder.get_RootEntities(#0), NHibernate'. Warning: Type library exporter encountered a generic type instance in a signature. Generic code may not be exported to COM.
Type library exporter warning processing 'NHibernate.Mapping.ByCode.IModelExplicitDeclarationsHolder.get_Components(#0), NHibernate'. Warning: Type library exporter encountered a generic type instance in a signature. Generic code may not be exported to COM.
Type library exporter warning processing 'NHibernate.Mapping.ByCode.IModelExplicitDeclarationsHolder.get_TablePerClassEntities(#0), NHibernate'. Warning: Type library exporter encountered a generic type instance in a signature. Generic code may not be exported to COM.
Type library exporter warning processing 'NHibernate.Mapping.ByCode.IModelExplicitDeclarationsHolder.get_TablePerClassHierarchyEntities(#0), NHibernate'. Warning: Type library exporter encountered a generic type instance in a signature. Generic code may not be exported to COM.
Type library exporter warning processing 'NHibernate.Mapping.ByCode.IModelExplicitDeclarationsHolder.get_TablePerConcreteClassEntities(#0), NHibernate'. Warning: Type library exporter encountered a generic type instance in a signature. Generic code may not be exported to COM.
Type library exporter warning processing 'NHibernate.Mapping.ByCode.IModelExplicitDeclarationsHolder.get_OneToOneRelations(#0), NHibernate'. Warning: Type library exporter encountered a generic type instance in a signature. Generic code may not be exported to COM.
Type library exporter warning processing 'NHibernate.Mapping.ByCode.IModelExplicitDeclarationsHolder.get_ManyToOneRelations(#0), NHibernate'. Warning: Type library exporter encountered a generic type instance in a signature. Generic code may not be exported to COM.
Type library exporter warning processing 'NHibernate.Mapping.ByCode.IModelExplicitDeclarationsHolder.get_KeyManyToManyRelations(#0), NHibernate'. Warning: Type library exporter encountered a generic type instance in a signature. Generic code may not be exported to COM.
Type library exporter warning processing 'NHibernate.Mapping.ByCode.IModelExplicitDeclarationsHolder.get_ItemManyToManyRelations(#0), NHibernate'. Warning: Type library exporter encountered a generic type instance in a signature. Generic code may not be exported to COM.
Type library exporter warning processing 'NHibernate.Mapping.ByCode.IModelExplicitDeclarationsHolder.get_OneToManyRelations(#0), NHibernate'. Warning: Type library exporter encountered a generic type instance in a signature. Generic code may not be exported to COM.
Type library exporter warning processing 'NHibernate.Mapping.ByCode.IModelExplicitDeclarationsHolder.get_ManyToAnyRelations(#0), NHibernate'. Warning: Type library exporter encountered a generic type instance in a signature. Generic code may not be exported to COM.
Type library exporter warning processing 'NHibernate.Mapping.ByCode.IModelExplicitDeclarationsHolder.get_Any(#0), NHibernate'. Warning: Type library exporter encountered a generic type instance in a signature. Generic code may not be exported to COM.
Type library exporter warning processing 'NHibernate.Mapping.ByCode.IModelExplicitDeclarationsHolder.get_Poids(#0), NHibernate'. Warning: Type library exporter encountered a generic type instance in a signature. Generic code may not be exported to COM.
Type library exporter warning processing 'NHibernate.Mapping.ByCode.IModelExplicitDeclarationsHolder.get_ComposedIds(#0), NHibernate'. Warning: Type library exporter encountered a generic type instance in a signature. Generic code may not be exported to COM.
Type library exporter warning processing 'NHibernate.Mapping.ByCode.IModelExplicitDeclarationsHolder.get_VersionProperties(#0), NHibernate'. Warning: Type library exporter encountered a generic type instance in a signature. Generic code may not be exported to COM.
Type library exporter warning processing 'NHibernate.Mapping.ByCode.IModelExplicitDeclarationsHolder.get_NaturalIds(#0), NHibernate'. Warning: Type library exporter encountered a generic type instance in a signature. Generic code may not be exported to COM.
Type library exporter warning processing 'NHibernate.Mapping.ByCode.IModelExplicitDeclarationsHolder.get_Sets(#0), NHibernate'. Warning: Type library exporter encountered a generic type instance in a signature. Generic code may not be exported to COM.
Type library exporter warning processing 'NHibernate.Mapping.ByCode.IModelExplicitDeclarationsHolder.get_Bags(#0), NHibernate'. Warning: Type library exporter encountered a generic type instance in a signature. Generic code may not be exported to COM.
Type library exporter warning processing 'NHibernate.Mapping.ByCode.IModelExplicitDeclarationsHolder.get_IdBags(#0), NHibernate'. Warning: Type library exporter encountered a generic type instance in a signature. Generic code may not be exported to COM.
Type library exporter warning processing 'NHibernate.Mapping.ByCode.IModelExplicitDeclarationsHolder.get_Lists(#0), NHibernate'. Warning: Type library exporter encountered a generic type instance in a signature. Generic code may not be exported to COM.
Type library exporter warning processing 'NHibernate.Mapping.ByCode.IModelExplicitDeclarationsHolder.get_Arrays(#0), NHibernate'. Warning: Type library exporter encountered a generic type instance in a signature. Generic code may not be exported to COM.
Type library exporter warning processing 'NHibernate.Mapping.ByCode.IModelExplicitDeclarationsHolder.get_Dictionaries(#0), NHibernate'. Warning: Type library exporter encountered a generic type instance in a signature. Generic code may not be exported to COM.
Type library exporter warning processing 'NHibernate.Mapping.ByCode.IModelExplicitDeclarationsHolder.get_Properties(#0), NHibernate'. Warning: Type library exporter encountered a generic type instance in a signature. Generic code may not be exported to COM.
Type library exporter warning processing 'NHibernate.Mapping.ByCode.IModelExplicitDeclarationsHolder.get_DynamicComponents(#0), NHibernate'. Warning: Type library exporter encountered a generic type instance in a signature. Generic code may not be exported to COM.
Type library exporter warning processing 'NHibernate.Mapping.ByCode.IModelExplicitDeclarationsHolder.get_PersistentMembers(#0), NHibernate'. Warning: Type library exporter encountered a generic type instance in a signature. Generic code may not be exported to COM.
Type library exporter warning processing 'NHibernate.Mapping.ByCode.IModelExplicitDeclarationsHolder.get_SplitDefinitions(#0), NHibernate'. Warning: Type library exporter encountered a generic type instance in a signature. Generic code may not be exported to COM.
Type library exporter warning processing 'NHibernate.Mapping.ByCode.IModelExplicitDeclarationsHolder.GetSplitGroupsFor(#0), NHibernate'. Warning: Type library exporter encountered a generic type instance in a signature. Generic code may not be exported to COM.
Type library exporter warning processing 'NHibernate.Mapping.ByCode.IModelInspector.GetPropertiesSplits(#0), NHibernate'. Warning: Type library exporter encountered a generic type instance in a signature. Generic code may not be exported to COM.
Type library exporter warning processing 'NHibernate.Mapping.ByCode.IMinimalPlainPropertyContainerMapper.Property(mapping), NHibernate'. Warning: Type library exporter encountered a generic type instance in a signature. Generic code may not be exported to COM.
Type library exporter warning processing 'NHibernate.Mapping.ByCode.IMinimalPlainPropertyContainerMapper.ManyToOne(mapping), NHibernate'. Warning: Type library exporter encountered a generic type instance in a signature. Generic code may not be exported to COM.
Type library exporter warning processing 'NHibernate.Mapping.ByCode.IBasePlainPropertyContainerMapper.Component(mapping), NHibernate'. Warning: Type library exporter encountered a generic type instance in a signature. Generic code may not be exported to COM.
Type library exporter warning processing 'NHibernate.Mapping.ByCode.IBasePlainPropertyContainerMapper.Component(mapping), NHibernate'. Warning: Type library exporter encountered a generic type instance in a signature. Generic code may not be exported to COM.
Type library exporter warning processing 'NHibernate.Mapping.ByCode.IBasePlainPropertyContainerMapper.Any(mapping), NHibernate'. Warning: Type library exporter encountered a generic type instance in a signature. Generic code may not be exported to COM.
Type library exporter warning processing 'NHibernate.Mapping.ByCode.IPlainPropertyContainerMapper.OneToOne(mapping), NHibernate'. Warning: Type library exporter encountered a generic type instance in a signature. Generic code may not be exported to COM.
Type library exporter warning processing 'NHibernate.Mapping.ByCode.ICollectionPropertiesContainerMapper.Set(collectionMapping), NHibernate'. Warning: Type library exporter encountered a generic type instance in a signature. Generic code may not be exported to COM.
Type library exporter warning processing 'NHibernate.Mapping.ByCode.ICollectionPropertiesContainerMapper.Bag(collectionMapping), NHibernate'. Warning: Type library exporter encountered a generic type instance in a signature. Generic code may not be exported to COM.
Type library exporter warning processing 'NHibernate.Mapping.ByCode.ICollectionPropertiesContainerMapper.List(collectionMapping), NHibernate'. Warning: Type library exporter encountered a generic type instance in a signature. Generic code may not be exported to COM.
Type library exporter warning processing 'NHibernate.Mapping.ByCode.ICollectionPropertiesContainerMapper.Map(collectionMapping), NHibernate'. Warning: Type library exporter encountered a generic type instance in a signature. Generic code may not be exported to COM.
Type library exporter warning processing 'NHibernate.Mapping.ByCode.ICollectionPropertiesContainerMapper.IdBag(collectionMapping), NHibernate'. Warning: Type library exporter encountered a generic type instance in a signature. Generic code may not be exported to COM.
Type library exporter warning processing 'NHibernate.Mapping.ByCode.ISubclassAttributesMapper.Filter(filterMapping), NHibernate'. Warning: Type library exporter encountered a generic type instance in a signature. Generic code may not be exported to COM.
Type library exporter warning processing 'NHibernate.Mapping.ByCode.ISubclassMapper.Join(splitMapping), NHibernate'. Warning: Type library exporter encountered a generic type instance in a signature. Generic code may not be exported to COM.
Type library exporter warning processing 'NHibernate.Mapping.ByCode.Impl.ICandidatePersistentMembersProvider.GetEntityMembersForPoid(#0), NHibernate'. Warning: Type library exporter encountered a generic type instance in a signature. Generic code may not be exported to COM.
Type library exporter warning processing 'NHibernate.Mapping.ByCode.Impl.ICandidatePersistentMembersProvider.GetRootEntityMembers(#0), NHibernate'. Warning: Type library exporter encountered a generic type instance in a signature. Generic code may not be exported to COM.
Type library exporter warning processing 'NHibernate.Mapping.ByCode.Impl.ICandidatePersistentMembersProvider.GetSubEntityMembers(#0), NHibernate'. Warning: Type library exporter encountered a generic type instance in a signature. Generic code may not be exported to COM.
Type library exporter warning processing 'NHibernate.Mapping.ByCode.Impl.ICandidatePersistentMembersProvider.GetComponentMembers(#0), NHibernate'. Warning: Type library exporter encountered a generic type instance in a signature. Generic code may not be exported to COM.
Type library exporter warning processing 'NHibernate.Mapping.ByCode.Impl.ICustomizersHolder.AddCustomizer(classCustomizer), NHibernate'. Warning: Type library exporter encountered a generic type instance in a signature. Generic code may not be exported to COM.
Type library exporter warning processing 'NHibernate.Mapping.ByCode.Impl.ICustomizersHolder.AddCustomizer(classCustomizer), NHibernate'. Warning: Type library exporter encountered a generic type instance in a signature. Generic code may not be exported to COM.
Type library exporter warning processing 'NHibernate.Mapping.ByCode.Impl.ICustomizersHolder.AddCustomizer(classCustomizer), NHibernate'. Warning: Type library exporter encountered a generic type instance in a signature. Generic code may not be exported to COM.
Type library exporter warning processing 'NHibernate.Mapping.ByCode.Impl.ICustomizersHolder.AddCustomizer(classCustomizer), NHibernate'. Warning: Type library exporter encountered a generic type instance in a signature. Generic code may not be exported to COM.
Type library exporter warning processing 'NHibernate.Mapping.ByCode.Impl.ICustomizersHolder.AddCustomizer(classCustomizer), NHibernate'. Warning: Type library exporter encountered a generic type instance in a signature. Generic code may not be exported to COM.
Type library exporter warning processing 'NHibernate.Mapping.ByCode.Impl.ICustomizersHolder.AddCustomizer(classCustomizer), NHibernate'. Warning: Type library exporter encountered a generic type instance in a signature. Generic code may not be exported to COM.
Type library exporter warning processing 'NHibernate.Mapping.ByCode.Impl.ICustomizersHolder.AddCustomizer(propertyCustomizer), NHibernate'. Warning: Type library exporter encountered a generic type instance in a signature. Generic code may not be exported to COM.
Type library exporter warning processing 'NHibernate.Mapping.ByCode.Impl.ICustomizersHolder.AddCustomizer(propertyCustomizer), NHibernate'. Warning: Type library exporter encountered a generic type instance in a signature. Generic code may not be exported to COM.
Type library exporter warning processing 'NHibernate.Mapping.ByCode.Impl.ICustomizersHolder.AddCustomizer(propertyCustomizer), NHibernate'. Warning: Type library exporter encountered a generic type instance in a signature. Generic code may not be exported to COM.
Type library exporter warning processing 'NHibernate.Mapping.ByCode.Impl.ICustomizersHolder.AddCustomizer(propertyCustomizer), NHibernate'. Warning: Type library exporter encountered a generic type instance in a signature. Generic code may not be exported to COM.
Type library exporter warning processing 'NHibernate.Mapping.ByCode.Impl.ICustomizersHolder.AddCustomizer(propertyCustomizer), NHibernate'. Warning: Type library exporter encountered a generic type instance in a signature. Generic code may not be exported to COM.
Type library exporter warning processing 'NHibernate.Mapping.ByCode.Impl.ICustomizersHolder.AddCustomizer(propertyCustomizer), NHibernate'. Warning: Type library exporter encountered a generic type instance in a signature. Generic code may not be exported to COM.
Type library exporter warning processing 'NHibernate.Mapping.ByCode.Impl.ICustomizersHolder.AddCustomizer(propertyCustomizer), NHibernate'. Warning: Type library exporter encountered a generic type instance in a signature. Generic code may not be exported to COM.
Type library exporter warning processing 'NHibernate.Mapping.ByCode.Impl.ICustomizersHolder.AddCustomizer(propertyCustomizer), NHibernate'. Warning: Type library exporter encountered a generic type instance in a signature. Generic code may not be exported to COM.
Type library exporter warning processing 'NHibernate.Mapping.ByCode.Impl.ICustomizersHolder.AddCustomizer(propertyCustomizer), NHibernate'. Warning: Type library exporter encountered a generic type instance in a signature. Generic code may not be exported to COM.
Type library exporter warning processing 'NHibernate.Mapping.ByCode.Impl.ICustomizersHolder.AddCustomizer(propertyCustomizer), NHibernate'. Warning: Type library exporter encountered a generic type instance in a signature. Generic code may not be exported to COM.
Type library exporter warning processing 'NHibernate.Mapping.ByCode.Impl.ICustomizersHolder.AddCustomizer(propertyCustomizer), NHibernate'. Warning: Type library exporter encountered a generic type instance in a signature. Generic code may not be exported to COM.
Type library exporter warning processing 'NHibernate.Mapping.ByCode.Impl.ICustomizersHolder.AddCustomizer(propertyCustomizer), NHibernate'. Warning: Type library exporter encountered a generic type instance in a signature. Generic code may not be exported to COM.
Type library exporter warning processing 'NHibernate.Mapping.ByCode.Impl.ICustomizersHolder.AddCustomizer(propertyCustomizer), NHibernate'. Warning: Type library exporter encountered a generic type instance in a signature. Generic code may not be exported to COM.
Type library exporter warning processing 'NHibernate.Mapping.ByCode.Impl.ICustomizersHolder.AddCustomizer(mapKeyManyToManyCustomizer), NHibernate'. Warning: Type library exporter encountered a generic type instance in a signature. Generic code may not be exported to COM.
Type library exporter warning processing 'NHibernate.Mapping.ByCode.Impl.ICustomizersHolder.AddCustomizer(mapKeyElementCustomizer), NHibernate'. Warning: Type library exporter encountered a generic type instance in a signature. Generic code may not be exported to COM.
Type library exporter warning processing 'NHibernate.Mapping.ByCode.Impl.ICustomizersHolder.AddCustomizer(collectionRelationManyToManyCustomizer), NHibernate'. Warning: Type library exporter encountered a generic type instance in a signature. Generic code may not be exported to COM.
Type library exporter warning processing 'NHibernate.Mapping.ByCode.Impl.ICustomizersHolder.AddCustomizer(collectionRelationElementCustomizer), NHibernate'. Warning: Type library exporter encountered a generic type instance in a signature. Generic code may not be exported to COM.
Type library exporter warning processing 'NHibernate.Mapping.ByCode.Impl.ICustomizersHolder.AddCustomizer(collectionRelationOneToManyCustomizer), NHibernate'. Warning: Type library exporter encountered a generic type instance in a signature. Generic code may not be exported to COM.
Type library exporter warning processing 'NHibernate.Mapping.ByCode.Impl.ICustomizersHolder.AddCustomizer(collectionRelationManyToAnyCustomizer), NHibernate'. Warning: Type library exporter encountered a generic type instance in a signature. Generic code may not be exported to COM.
Type library exporter warning processing 'NHibernate.Mapping.ByCode.Impl.ICustomizersHolder.GetAllCustomizedEntities(#0), NHibernate'. Warning: Type library exporter encountered a generic type instance in a signature. Generic code may not be exported to COM.
Type library exporter warning processing 'NHibernate.Loader.IEntityAliases.get_SuffixedPropertyAliases(#0), NHibernate'. Warning: There is no marshaling support for nested arrays.
Type library exporter warning processing 'NHibernate.Loader.IEntityAliases.GetSuffixedPropertyAliases(#0), NHibernate'. Warning: There is no marshaling support for nested arrays.
Type library exporter warning processing 'NHibernate.Loader.Custom.CustomLoader+IResultColumnProcessor.PerformDiscovery(types), NHibernate'. Warning: Type library exporter encountered a generic type instance in a signature. Generic code may not be exported to COM.
Type library exporter warning processing 'NHibernate.Loader.Custom.ICustomQuery.get_QuerySpaces(#0), NHibernate'. Warning: Type library exporter encountered a generic type instance in a signature. Generic code may not be exported to COM.
Type library exporter warning processing 'NHibernate.Loader.Custom.ICustomQuery.get_CustomQueryReturns(#0), NHibernate'. Warning: Type library exporter encountered a generic type instance in a signature. Generic code may not be exported to COM.
Type library exporter warning processing 'NHibernate.Loader.Custom.ICustomQuery.get_CollectedParametersSpecifications(#0), NHibernate'. Warning: Type library exporter encountered a generic type instance in a signature. Generic code may not be exported to COM.
Type library exporter warning processing 'NHibernate.Loader.Custom.Sql.SQLQueryParser+IParserContext.GetPropertyResultsMapByAlias(#0), NHibernate'. Warning: Type library exporter encountered a generic type instance in a signature. Generic code may not be exported to COM.
Type library exporter warning processing 'NHibernate.Linq.INhQueryProvider.SetResultTransformerAndAdditionalCriteria(parameters), NHibernate'. Warning: Type library exporter encountered a generic type instance in a signature. Generic code may not be exported to COM.
Type library exporter warning processing 'NHibernate.Linq.Functions.IHqlGeneratorForMethod.get_SupportedMethods(#0), NHibernate'. Warning: Type library exporter encountered a generic type instance in a signature. Generic code may not be exported to COM.
Type library exporter warning processing 'NHibernate.Linq.Functions.IHqlGeneratorForMethod.BuildHql(arguments), NHibernate'. Warning: Type library exporter encountered a generic type instance in a signature. Generic code may not be exported to COM.
Type library exporter warning processing 'NHibernate.Linq.Functions.IHqlGeneratorForProperty.get_SupportedProperties(#0), NHibernate'. Warning: Type library exporter encountered a generic type instance in a signature. Generic code may not be exported to COM.
Type library exporter warning processing 'NHibernate.Impl.ITranslator.get_QuerySpaces(#0), NHibernate'. Warning: Type library exporter encountered a generic type instance in a signature. Generic code may not be exported to COM.
Type library exporter warning processing 'NHibernate.Id.IConfigurable.Configure(parms), NHibernate'. Warning: Type library exporter encountered a generic type instance in a signature. Generic code may not be exported to COM.
Type library exporter warning processing 'NHibernate.Hql.IFilterTranslator.Compile(replacements), NHibernate'. Warning: Type library exporter encountered a generic type instance in a signature. Generic code may not be exported to COM.
Type library exporter warning processing 'NHibernate.Hql.IQueryTranslator.Compile(replacements), NHibernate'. Warning: Type library exporter encountered a generic type instance in a signature. Generic code may not be exported to COM.
Type library exporter warning processing 'NHibernate.Hql.IQueryTranslator.get_QuerySpaces(#0), NHibernate'. Warning: Type library exporter encountered a generic type instance in a signature. Generic code may not be exported to COM.
Type library exporter warning processing 'NHibernate.Hql.IQueryTranslator.get_CollectSqlStrings(#0), NHibernate'. Warning: Type library exporter encountered a generic type instance in a signature. Generic code may not be exported to COM.
Type library exporter warning processing 'NHibernate.Hql.IQueryTranslator.get_EnabledFilters(#0), NHibernate'. Warning: Type library exporter encountered a generic type instance in a signature. Generic code may not be exported to COM.
Type library exporter warning processing 'NHibernate.Hql.IQueryTranslator.GetColumnNames(#0), NHibernate'. Warning: There is no marshaling support for nested arrays.
Type library exporter warning processing 'NHibernate.Hql.IQueryTranslatorFactory.CreateQueryTranslators(filters), NHibernate'. Warning: Type library exporter encountered a generic type instance in a signature. Generic code may not be exported to COM.
Type library exporter warning processing 'NHibernate.Hql.IQueryTranslatorFactory.CreateQueryTranslators(filters), NHibernate'. Warning: Type library exporter encountered a generic type instance in a signature. Generic code may not be exported to COM.
Type library exporter warning processing 'NHibernate.Hql.Ast.ANTLR.Tree.IASTNode.AddChildren(children), NHibernate'. Warning: Type library exporter encountered a generic type instance in a signature. Generic code may not be exported to COM.
Type library exporter warning processing 'NHibernate.Criterion.ICriterion.ToSqlString(enabledFilters), NHibernate'. Warning: Type library exporter encountered a generic type instance in a signature. Generic code may not be exported to COM.
Type library exporter warning processing 'NHibernate.Criterion.ICriteriaQuery.NewQueryParameter(#0), NHibernate'. Warning: Type library exporter encountered a generic type instance in a signature. Generic code may not be exported to COM.
Type library exporter warning processing 'NHibernate.Criterion.ICriteriaQuery.get_CollectedParameterSpecifications(#0), NHibernate'. Warning: Type library exporter encountered a generic type instance in a signature. Generic code may not be exported to COM.
Type library exporter warning processing 'NHibernate.Criterion.ICriteriaQuery.get_CollectedParameters(#0), NHibernate'. Warning: Type library exporter encountered a generic type instance in a signature. Generic code may not be exported to COM.
Type library exporter warning processing 'NHibernate.Criterion.IProjection.ToSqlString(enabledFilters), NHibernate'. Warning: Type library exporter encountered a generic type instance in a signature. Generic code may not be exported to COM.
Type library exporter warning processing 'NHibernate.Criterion.IProjection.ToGroupSqlString(enabledFilters), NHibernate'. Warning: Type library exporter encountered a generic type instance in a signature. Generic code may not be exported to COM.
Type library exporter warning processing 'NHibernate.Exceptions.IConfigurable.Configure(properties), NHibernate'. Warning: Type library exporter encountered a generic type instance in a signature. Generic code may not be exported to COM.
Type library exporter warning processing 'NHibernate.Event.IDeleteEventListener.OnDelete(transientEntities), NHibernate'. Warning: Type library exporter encountered a generic type instance in a signature. Generic code may not be exported to COM.
Type library exporter warning processing 'NHibernate.Event.IEventSource.Delete(transientEntities), NHibernate'. Warning: Type library exporter encountered a generic type instance in a signature. Generic code may not be exported to COM.
Type library exporter warning processing 'NHibernate.Engine.IBatcher.PrepareQueryCommand(commandType), NHibernate'. Warning: Non COM visible value type 'System.Data.CommandType' is being referenced either from the type currently being exported or from one of its base types.
Type library exporter warning processing 'NHibernate.Engine.IBatcher.PrepareCommand(commandType), NHibernate'. Warning: Non COM visible value type 'System.Data.CommandType' is being referenced either from the type currently being exported or from one of its base types.
Type library exporter warning processing 'NHibernate.Engine.IBatcher.PrepareBatchCommand(commandType), NHibernate'. Warning: Non COM visible value type 'System.Data.CommandType' is being referenced either from the type currently being exported or from one of its base types.
Type library exporter warning processing 'NHibernate.Engine.ISessionFactoryImplementor.GetAllSecondLevelCacheRegions(#0), NHibernate'. Warning: Type library exporter encountered a generic type instance in a signature. Generic code may not be exported to COM.
Type library exporter warning processing 'NHibernate.Engine.ISessionFactoryImplementor.GetCollectionRolesByEntityParticipant(#0), NHibernate'. Warning: Type library exporter encountered a generic type instance in a signature. Generic code may not be exported to COM.
Type library exporter warning processing 'NHibernate.Engine.ISessionImplementor.get_EnabledFilters(#0), NHibernate'. Warning: Type library exporter encountered a generic type instance in a signature. Generic code may not be exported to COM.
Type library exporter warning processing 'NHibernate.Engine.ISessionImplementor.get_FutureCriteriaBatch(#0), NHibernate'. Warning: Type library exporter could not find the type library for 'NHibernate.Impl.FutureCriteriaBatch'.  IUnknown was substituted for the interface.
Type library exporter warning processing 'NHibernate.Engine.ISessionImplementor.get_FutureQueryBatch(#0), NHibernate'. Warning: Type library exporter could not find the type library for 'NHibernate.Impl.FutureQueryBatch'.  IUnknown was substituted for the interface.
Type library exporter warning processing 'NHibernate.Engine.IPersistenceContext.get_NullifiableEntityKeys(#0), NHibernate'. Warning: Type library exporter encountered a generic type instance in a signature. Generic code may not be exported to COM.
Type library exporter warning processing 'NHibernate.Engine.IPersistenceContext.get_EntitiesByKey(#0), NHibernate'. Warning: Type library exporter encountered a generic type instance in a signature. Generic code may not be exported to COM.
Type library exporter warning processing 'NHibernate.Engine.IPersistenceContext.get_CollectionsByKey(#0), NHibernate'. Warning: Type library exporter encountered a generic type instance in a signature. Generic code may not be exported to COM.
Type library exporter warning processing 'NHibernate.Engine.Query.IQueryPlan.get_QuerySpaces(#0), NHibernate'. Warning: Type library exporter encountered a generic type instance in a signature. Generic code may not be exported to COM.
Type library exporter warning processing 'NHibernate.Driver.IDriver.Configure(settings), NHibernate'. Warning: Type library exporter encountered a generic type instance in a signature. Generic code may not be exported to COM.
Type library exporter warning processing 'NHibernate.Driver.IDriver.GenerateCommand(type), NHibernate'. Warning: Non COM visible value type 'System.Data.CommandType' is being referenced either from the type currently being exported or from one of its base types.
Type library exporter warning processing 'NHibernate.Driver.IResultSetsCommand.GetReader(commandTimeout), NHibernate'. Warning: Type library exporter encountered a generic type instance in a signature. Generic code may not be exported to COM.
Type library exporter warning processing 'NHibernate.Dialect.MsSql2000Dialect+LockHintAppender._dialect, NHibernate'. Warning: The public struct contains one or more non-public fields that will be exported.
Type library exporter warning processing 'NHibernate.Dialect.MsSql2000Dialect+LockHintAppender._aliasedLockModes, NHibernate'. Warning: Type library exporter encountered a generic type instance in a signature. Generic code may not be exported to COM.
Type library exporter warning processing 'NHibernate.Dialect.Schema.IDataBaseSchema.GetReservedWords(#0), NHibernate'. Warning: Type library exporter encountered a generic type instance in a signature. Generic code may not be exported to COM.
Type library exporter warning processing 'NHibernate.Connection.IConnectionProvider.Configure(settings), NHibernate'. Warning: Type library exporter encountered a generic type instance in a signature. Generic code may not be exported to COM.
Type library exporter warning processing 'NHibernate.Cfg.ISessionFactoryConfiguration.get_Properties(#0), NHibernate'. Warning: Type library exporter encountered a generic type instance in a signature. Generic code may not be exported to COM.
Type library exporter warning processing 'NHibernate.Cfg.ISessionFactoryConfiguration.get_Mappings(#0), NHibernate'. Warning: Type library exporter encountered a generic type instance in a signature. Generic code may not be exported to COM.
Type library exporter warning processing 'NHibernate.Cfg.ISessionFactoryConfiguration.get_ClassesCache(#0), NHibernate'. Warning: Type library exporter encountered a generic type instance in a signature. Generic code may not be exported to COM.
Type library exporter warning processing 'NHibernate.Cfg.ISessionFactoryConfiguration.get_CollectionsCache(#0), NHibernate'. Warning: Type library exporter encountered a generic type instance in a signature. Generic code may not be exported to COM.
Type library exporter warning processing 'NHibernate.Cfg.ISessionFactoryConfiguration.get_Events(#0), NHibernate'. Warning: Type library exporter encountered a generic type instance in a signature. Generic code may not be exported to COM.
Type library exporter warning processing 'NHibernate.Cfg.ISessionFactoryConfiguration.get_Listeners(#0), NHibernate'. Warning: Type library exporter encountered a generic type instance in a signature. Generic code may not be exported to COM.
Type library exporter warning processing 'NHibernate.Cfg.MappingSchema.IAnyMapping.get_MetaValues(#0), NHibernate'. Warning: Type library exporter encountered a generic type instance in a signature. Generic code may not be exported to COM.
Type library exporter warning processing 'NHibernate.Cfg.MappingSchema.ICollectionPropertiesMapping.get_BatchSize(#0), NHibernate'. Warning: Type library exporter encountered a generic type instance in a signature. Generic code may not be exported to COM.
Type library exporter warning processing 'NHibernate.Cfg.MappingSchema.ICollectionPropertiesMapping.get_FetchMode(#0), NHibernate'. Warning: Type library exporter encountered a generic type instance in a signature. Generic code may not be exported to COM.
Type library exporter warning processing 'NHibernate.Cfg.MappingSchema.ICollectionPropertiesMapping.get_OuterJoin(#0), NHibernate'. Warning: Type library exporter encountered a generic type instance in a signature. Generic code may not be exported to COM.
Type library exporter warning processing 'NHibernate.Cfg.MappingSchema.ICollectionPropertiesMapping.get_Lazy(#0), NHibernate'. Warning: Type library exporter encountered a generic type instance in a signature. Generic code may not be exported to COM.
Type library exporter warning processing 'NHibernate.Cfg.MappingSchema.ICollectionPropertiesMapping.get_Generic(#0), NHibernate'. Warning: Type library exporter encountered a generic type instance in a signature. Generic code may not be exported to COM.
Type library exporter warning processing 'NHibernate.Cfg.MappingSchema.ICollectionPropertiesMapping.get_Filters(#0), NHibernate'. Warning: Type library exporter encountered a generic type instance in a signature. Generic code may not be exported to COM.
Type library exporter warning processing 'NHibernate.Cfg.MappingSchema.IColumnsMapping.get_Columns(#0), NHibernate'. Warning: Type library exporter encountered a generic type instance in a signature. Generic code may not be exported to COM.
Type library exporter warning processing 'NHibernate.Cfg.MappingSchema.IEntityMapping.get_UseLazy(#0), NHibernate'. Warning: Type library exporter encountered a generic type instance in a signature. Generic code may not be exported to COM.
Type library exporter warning processing 'NHibernate.Cfg.MappingSchema.IEntityMapping.get_BatchSize(#0), NHibernate'. Warning: Type library exporter encountered a generic type instance in a signature. Generic code may not be exported to COM.
Type library exporter warning processing 'NHibernate.Cfg.MappingSchema.IEntityMapping.get_IsAbstract(#0), NHibernate'. Warning: Type library exporter encountered a generic type instance in a signature. Generic code may not be exported to COM.
Type library exporter warning processing 'NHibernate.Cfg.MappingSchema.IFormulasMapping.get_Formulas(#0), NHibernate'. Warning: Type library exporter encountered a generic type instance in a signature. Generic code may not be exported to COM.
Type library exporter warning processing 'NHibernate.Cfg.MappingSchema.IPropertiesContainerMapping.get_Properties(#0), NHibernate'. Warning: Type library exporter encountered a generic type instance in a signature. Generic code may not be exported to COM.
Type library exporter warning processing 'NHibernate.Cfg.MappingSchema.IDecoratable.get_MappedMetaData(#0), NHibernate'. Warning: Type library exporter encountered a generic type instance in a signature. Generic code may not be exported to COM.
Type library exporter warning processing 'NHibernate.Cfg.MappingSchema.IDecoratable.get_InheritableMetaData(#0), NHibernate'. Warning: Type library exporter encountered a generic type instance in a signature. Generic code may not be exported to COM.
Type library exporter warning processing 'NHibernate.Cfg.Loquacious.IDbIntegrationConfigurationProperties.set_IsolationLevel(value), NHibernate'. Warning: Non COM visible value type 'System.Data.IsolationLevel' is being referenced either from the type currently being exported or from one of its base types.
Type library exporter warning processing 'NHibernate.Cfg.Loquacious.INamedQueryDefinitionBuilder.get_CacheMode(#0), NHibernate'. Warning: Type library exporter encountered a generic type instance in a signature. Generic code may not be exported to COM.
Type library exporter warning processing 'NHibernate.Cfg.Loquacious.INamedQueryDefinitionBuilder.set_CacheMode(value), NHibernate'. Warning: Type library exporter encountered a generic type instance in a signature. Generic code may not be exported to COM.
Type library exporter warning processing 'NHibernate.Cfg.Loquacious.IConnectionConfiguration.With(level), NHibernate'. Warning: Non COM visible value type 'System.Data.IsolationLevel' is being referenced either from the type currently being exported or from one of its base types.
Type library exporter warning processing 'NHibernate.Cache.ICacheProvider.BuildCache(properties), NHibernate'. Warning: Type library exporter encountered a generic type instance in a signature. Generic code may not be exported to COM.
Type library exporter warning processing 'NHibernate.Cache.ICacheProvider.Start(properties), NHibernate'. Warning: Type library exporter encountered a generic type instance in a signature. Generic code may not be exported to COM.
Type library exporter warning processing 'NHibernate.Cache.IQueryCache.Get(spaces), NHibernate'. Warning: Type library exporter encountered a generic type instance in a signature. Generic code may not be exported to COM.
Type library exporter warning processing 'NHibernate.Cache.IQueryCacheFactory.GetQueryCache(props), NHibernate'. Warning: Type library exporter encountered a generic type instance in a signature. Generic code may not be exported to COM.
Type library exporter warning processing 'Remotion.Linq.Clauses.IClause.TransformExpressions(transformation), NHibernate'. Warning: Type library exporter encountered a generic type instance in a signature. Generic code may not be exported to COM.
Type library exporter warning processing 'Remotion.Linq.Parsing.ExpressionTreeVisitors.Transformation.IExpressionTranformationProvider.GetTransformations(#0), NHibernate'. Warning: Type library exporter encountered a generic type instance in a signature. Generic code may not be exported to COM.
Type library exporter warning processing 'Remotion.Linq.Parsing.ExpressionTreeVisitors.Transformation.PredefinedTransformations.AttributeEvaluatingExpressionTransformer+IMethodCallExpressionTransformerAttribute.GetExpressionTransformer(#0), NHibernate'. Warning: Type library exporter encountered a generic type instance in a signature. Generic code may not be exported to COM.
Type library exporter warning processing 'Remotion.Linq.Parsing.Structure.IntermediateModel.ClauseGenerationContext._lookup, NHibernate'. Warning: The public struct contains one or more non-public fields that will be exported.
Type library exporter warning processing 'Remotion.Linq.Parsing.Structure.IntermediateModel.ClauseGenerationContext._lookup, NHibernate'. Warning: Type library exporter encountered a generic type instance in a signature. Generic code may not be exported to COM.
Type library exporter warning processing 'Remotion.Linq.Parsing.Structure.IntermediateModel.MethodCallExpressionParseInfo.<AssociatedIdentifier>k__BackingField, NHibernate'. Warning: The public struct contains one or more non-public fields that will be exported.
Type library exporter warning processing 'NetCity.Common.Components.Abstraction.IQualityAssessmentComponent.SetDwVariant(testLevel), NetCity.Components.Abstraction'. Warning: Type library exporter encountered a generic type instance in a signature. Generic code may not be exported to COM.
Type library exporter warning processing 'NetCity.Components.Abstraction.IEducCertificatesStorage.CreateEducCertificateByStudent(categoryId), NetCity.Components.Abstraction'. Warning: Type library exporter encountered a generic type instance in a signature. Generic code may not be exported to COM.
Type library exporter warning processing 'NetCity.Components.Abstraction.IMailComponent.GetAttachementsIDs(#0), NetCity.Components.Abstraction'. Warning: Type library exporter encountered a generic type instance in a signature. Generic code may not be exported to COM.
Type library exporter warning processing 'NetCity.Components.Abstraction.IMailComponent.SendMessageAsync(schoolId), NetCity.Components.Abstraction'. Warning: Type library exporter encountered a generic type instance in a signature. Generic code may not be exported to COM.
Type library exporter warning processing 'NetCity.Components.Abstraction.IMarkComponent.AggregateStats(#0), NetCity.Components.Abstraction'. Warning: Type library exporter encountered a generic type instance in a signature. Generic code may not be exported to COM.
Type library exporter warning processing 'NetCity.Components.Abstraction.IMarkComponent.CalcStats(#0), NetCity.Components.Abstraction'. Warning: Type library exporter encountered a generic type instance in a signature. Generic code may not be exported to COM.
Type library exporter warning processing 'NetCity.Components.Abstraction.IMarkComponent.GetReportRows(stats), NetCity.Components.Abstraction'. Warning: Type library exporter encountered a generic type instance in a signature. Generic code may not be exported to COM.
Type library exporter warning processing 'NetCity.Components.Abstraction.IQueueComponent.ClearReportQueue(#0), NetCity.Components.Abstraction'. Warning: Type library exporter encountered a generic type instance in a signature. Generic code may not be exported to COM.
Type library exporter warning processing 'NetCity.Components.Abstraction.IQueueComponent.PullTaskId(#0), NetCity.Components.Abstraction'. Warning: Type library exporter encountered a generic type instance in a signature. Generic code may not be exported to COM.
Type library exporter warning processing 'NetCity.Components.Abstraction.IQueueComponent.SubscribeForNewTask(action), NetCity.Components.Abstraction'. Warning: Type library exporter encountered a generic type instance in a signature. Generic code may not be exported to COM.
Type library exporter warning processing 'NetCity.Components.Abstraction.IQueueComponent.GetQueue(#0), NetCity.Components.Abstraction'. Warning: Type library exporter encountered a generic type instance in a signature. Generic code may not be exported to COM.
Type library exporter warning processing 'NetCity.Components.Abstraction.IUserParameterValueComponent.GetActualUserParamValues(#0), NetCity.Components.Abstraction'. Warning: Type library exporter encountered a generic type instance in a signature. Generic code may not be exported to COM.
Type library exporter warning processing 'NetCity.Components.Abstraction.Services.IClassJournalService.GetClassJournalAsync(#0), NetCity.Components.Abstraction'. Warning: Type library exporter encountered a generic type instance in a signature. Generic code may not be exported to COM.
Type library exporter warning processing 'NetCity.Components.Abstraction.Services.IClassJournalService.GetClassJournalReportAsync(#0), NetCity.Components.Abstraction'. Warning: Type library exporter encountered a generic type instance in a signature. Generic code may not be exported to COM.
Type library exporter warning processing 'NetCity.Components.Abstraction.Services.IClassJournalService.StudentsMarksChanges(#0), NetCity.Components.Abstraction'. Warning: Type library exporter encountered a generic type instance in a signature. Generic code may not be exported to COM.
Type library exporter warning processing 'NetCity.Components.Abstraction.Services.IClassJournalService.SaveAttendance(studentAttendance), NetCity.Components.Abstraction'. Warning: Type library exporter encountered a generic type instance in a signature. Generic code may not be exported to COM.
Type library exporter warning processing 'NetCity.Components.Abstraction.Infrastructure.IPubSubSystem.Subscribe(action), NetCity.Components.Abstraction'. Warning: Type library exporter encountered a generic type instance in a signature. Generic code may not be exported to COM.
Type library exporter warning processing 'NetCity.Components.Abstraction.Infrastructure.ITempFileProvider.SaveAsync(#0), NetCity.Components.Abstraction'. Warning: Type library exporter encountered a generic type instance in a signature. Generic code may not be exported to COM.
Type library exporter warning processing 'NetCity.Components.Abstraction.Infrastructure.ITempFileProvider.SaveTTLAsync(#0), NetCity.Components.Abstraction'. Warning: Type library exporter encountered a generic type instance in a signature. Generic code may not be exported to COM.
Type library exporter warning processing 'NetCity.Components.Abstraction.Infrastructure.ITempFileProvider.LoadAsync(#0), NetCity.Components.Abstraction'. Warning: Type library exporter encountered a generic type instance in a signature. Generic code may not be exported to COM.
Assembly exported to 'C:\Program Files\NetCity2\Assemblies\NetCity.Common.Legacy.tlb', and the type library was registered successfully

C:\Program Files\NetCity2\Assemblies>regasm /nologo /codebase NetCity.Language.dll 
RegAsm : warning RA0000 : Registering an unsigned assembly with /codebase can cause your assembly to interfere with other applications that may be installed on the same computer. The /codebase switch is intended to be used only with signed assemblies. Please give your assembly a strong name and re-register it.
Types registered successfully

C:\Program Files\NetCity2\Assemblies>regasm /nologo /codebase NS_DAComWrapper.dll 
Types registered successfully

C:\Program Files\NetCity2\Assemblies>regasm /nologo /codebase NetCity.ReportManager.dll 
Types registered successfully

C:\Program Files\NetCity2\Assemblies>regasm /nologo /codebase NetCity.Components.dll 
RegAsm : warning RA0000 : Registering an unsigned assembly with /codebase can cause your assembly to interfere with other applications that may be installed on the same computer. The /codebase switch is intended to be used only with signed assemblies. Please give your assembly a strong name and re-register it.
Types registered successfully

C:\Program Files\NetCity2\Assemblies>regasm /nologo /codebase /tlb NetCity.Integration.LACC.dll 
RegAsm : warning RA0000 : Registering an unsigned assembly with /codebase can cause your assembly to interfere with other applications that may be installed on the same computer. The /codebase switch is intended to be used only with signed assemblies. Please give your assembly a strong name and re-register it.
Types registered successfully
Assembly exported to 'C:\Program Files\NetCity2\Assemblies\NetCity.Integration.LACC.tlb', and the type library was registered successfully

---------------------------------------------
15-04-2020 20:28:49 Óäàëåíèå ñáîðîê èç GAC

C:\Program Files\NetCity2\Assemblies>regasm /u /nologo NetCity.Components.dll 
RegAsm : error RA0000 : Unable to locate input assembly 'NetCity.Components.dll' or one of its dependencies.

C:\Program Files\NetCity2\Assemblies>regasm /u /nologo NetCity.ModulesWrapper.dll 
RegAsm : error RA0000 : Unable to locate input assembly 'NetCity.ModulesWrapper.dll' or one of its dependencies.

C:\Program Files\NetCity2\Assemblies>regasm /u /nologo NetCity.ReportManager.dll 
RegAsm : error RA0000 : Unable to locate input assembly 'NetCity.ReportManager.dll' or one of its dependencies.

C:\Program Files\NetCity2\Assemblies>regasm /u /nologo NS_DAComWrapper.dll 
RegAsm : error RA0000 : Unable to locate input assembly 'NS_DAComWrapper.dll' or one of its dependencies.

C:\Program Files\NetCity2\Assemblies>regasm /u /nologo NetCity.Language.dll 
RegAsm : error RA0000 : Unable to locate input assembly 'NetCity.Language.dll' or one of its dependencies.

C:\Program Files\NetCity2\Assemblies>gacutil /nologo /u NetCity.Language 

C:\Program Files\NetCity2\Assemblies>regasm /u /nologo NetCity.Common.dll 
RegAsm : error RA0000 : Unable to locate input assembly 'NetCity.Common.dll' or one of its dependencies.

C:\Program Files\NetCity2\Assemblies>gacutil /nologo /u NetCity.Common 

C:\Program Files\NetCity2\Assemblies>regasm /u /nologo NetCity.Integration.LACC.dll 
RegAsm : error RA0000 : Unable to locate input assembly 'NetCity.Integration.LACC.dll' or one of its dependencies.

C:\Program Files\NetCity2\Assemblies>gacutil /nologo /u FluentNHibernate 

C:\Program Files\NetCity2\Assemblies>gacutil /nologo /u NHibernate 

C:\Program Files\NetCity2\Assemblies>reg.exe delete "HKEY_CLASSES_ROOT\TypeLib\{4825FF42-D8F9-4B30-9115-FE4445130FB6}" /f 
Ž¯¥à æ¨ï ãá¯¥è­® § ¢¥àè¥­ .

---------------------------------------------
15-04-2020 20:30:04 Ðåãèñòðàöèÿ ñáîðîê â GAC, v4.55.51445

C:\Program Files\NetCity2\Assemblies>echo Registering third party libraries... 
Registering third party libraries...

C:\Program Files\NetCity2\Assemblies>gacutil /nologo /i adodb.dll 

C:\Program Files\NetCity2\Assemblies>gacutil /nologo /i log4net.dll 

C:\Program Files\NetCity2\Assemblies>gacutil /nologo /i Castle.Windsor.dll 

C:\Program Files\NetCity2\Assemblies>gacutil /nologo /i Castle.Core.dll 

C:\Program Files\NetCity2\Assemblies>gacutil /nologo /i Newtonsoft.Json.dll 

C:\Program Files\NetCity2\Assemblies>gacutil /nologo /i Interop.ASPTypeLibrary.dll 

C:\Program Files\NetCity2\Assemblies>gacutil /nologo /i NPOI.dll 

C:\Program Files\NetCity2\Assemblies>gacutil /nologo /i System.Threading.dll 

C:\Program Files\NetCity2\Assemblies>gacutil /nologo /i ICSharpCode.SharpZipLib.dll 

C:\Program Files\NetCity2\Assemblies>gacutil /nologo /i Iesi.Collections.dll 

C:\Program Files\NetCity2\Assemblies>gacutil /nologo /i FirebirdSql.Data.FirebirdClient.dll 

C:\Program Files\NetCity2\Assemblies>gacutil /nologo /i JamaaTech.Smpp.Net.Client.v1.4.dll 

C:\Program Files\NetCity2\Assemblies>gacutil /nologo /i JamaaTech.Smpp.Net.Lib.v1.4.dll 

C:\Program Files\NetCity2\Assemblies>echo Registering Assemblies... 
Registering Assemblies...

C:\Program Files\NetCity2\Assemblies>regasm /nologo /codebase /tlb NetCity.Infrastructure.Common.dll 
Types registered successfully
Type library exporter warning processing 'NetCity.Infrastructure.Common.Enums.EnumHelper+EnumIntEqualityComparer`1, NetCity.Infrastructure.Common'. Warning: Type library exporter encountered a generic type. Generic classes may not be exposed to COM.
Type library exporter warning processing 'NetCity.Common.Components.IComponentManager.ResolveAll(#0), NetCity.Infrastructure.Common'. Warning: Type library exporter encountered a generic type instance in a signature. Generic code may not be exported to COM.
Type library exporter warning processing 'NetCity.Infrastructure.Common.Helpers.AsyncHelpers+NoSynchronizationContextScope+Disposable._synchronizationContext, NetCity.Infrastructure.Common'. Warning: The public struct contains one or more non-public fields that will be exported.
Assembly exported to 'C:\Program Files\NetCity2\Assemblies\NetCity.Infrastructure.Common.tlb', and the type library was registered successfully

C:\Program Files\NetCity2\Assemblies>regasm /nologo /codebase /tlb NetCity.Common.dll 
Types registered successfully
Type library exporter warning processing 'NetCity.Common.ValueObjects.Users.Documents.Validators.IDocTypeValidator`1, NetCity.Common'. Warning: Type library exporter encountered a generic type. Generic classes may not be exposed to COM.
Type library exporter warning processing 'NetCity.Common.ValueObjects.Menu.Builders.DisplayRulesBuilder`1, NetCity.Common'. Warning: Type library exporter encountered a generic type. Generic classes may not be exposed to COM.
Type library exporter warning processing 'NetCity.Common.StorageTypes.AbstractCache`2, NetCity.Common'. Warning: Type library exporter encountered a generic type. Generic classes may not be exposed to COM.
Type library exporter warning processing 'NetCity.Common.StorageTypes.CommonCache`1, NetCity.Common'. Warning: Type library exporter encountered a generic type. Generic classes may not be exposed to COM.
Type library exporter warning processing 'NetCity.Common.Specs.AndSpecification`1, NetCity.Common'. Warning: Type library exporter encountered a generic type. Generic classes may not be exposed to COM.
Type library exporter warning processing 'NetCity.Common.Specs.RelatedSpecBuilder`1, NetCity.Common'. Warning: Type library exporter encountered a generic type. Generic classes may not be exposed to COM.
Type library exporter warning processing 'NetCity.Common.Specs.FalseSpecification`1, NetCity.Common'. Warning: Type library exporter encountered a generic type. Generic classes may not be exposed to COM.
Type library exporter warning processing 'NetCity.Common.Specs.ISpecification`1, NetCity.Common'. Warning: Type library exporter encountered a generic type. Generic classes may not be exposed to COM.
Type library exporter warning processing 'NetCity.Common.Specs.NotSpecification`1, NetCity.Common'. Warning: Type library exporter encountered a generic type. Generic classes may not be exposed to COM.
Type library exporter warning processing 'NetCity.Common.Specs.OrSpecification`1, NetCity.Common'. Warning: Type library exporter encountered a generic type. Generic classes may not be exposed to COM.
Type library exporter warning processing 'NetCity.Common.Specs.SimpleSpec`1, NetCity.Common'. Warning: Type library exporter encountered a generic type. Generic classes may not be exposed to COM.
Type library exporter warning processing 'NetCity.Common.Specs.TrueSpecification`1, NetCity.Common'. Warning: Type library exporter encountered a generic type. Generic classes may not be exposed to COM.
Type library exporter warning processing 'NetCity.Common.Helpers.Comparer.PropertyState`1, NetCity.Common'. Warning: Type library exporter encountered a generic type. Generic classes may not be exposed to COM.
Type library exporter warning processing 'NetCity.Common.Helpers.Comparer.DeepPropertyState`1, NetCity.Common'. Warning: Type library exporter encountered a generic type. Generic classes may not be exposed to COM.
Type library exporter warning processing 'NetCity.Common.Helpers.Comparer.State`1, NetCity.Common'. Warning: Type library exporter encountered a generic type. Generic classes may not be exposed to COM.
Type library exporter warning processing 'NetCity.Common.Helpers.Comparer.Variation`1, NetCity.Common'. Warning: Type library exporter encountered a generic type. Generic classes may not be exposed to COM.
Type library exporter warning processing 'NetCity.Common.AccessLog.Common.IAccessLogRepository`1, NetCity.Common'. Warning: Type library exporter encountered a generic type. Generic classes may not be exposed to COM.
Type library exporter warning processing 'NetCity.Common.Abstraction.Commands.ICommand`1, NetCity.Common'. Warning: Type library exporter encountered a generic type. Generic classes may not be exposed to COM.
Type library exporter warning processing 'NetCity.Common.Abstraction.Commands.ICommandWithResult`2, NetCity.Common'. Warning: Type library exporter encountered a generic type. Generic classes may not be exposed to COM.
Type library exporter warning processing 'NetCity.Common.ObjectModel.Nhibernate.Entity+IdEqualityComparer`1, NetCity.Common'. Warning: Type library exporter encountered a generic type. Generic classes may not be exposed to COM.
Type library exporter warning processing 'NetCity.Common.Implementation.DictionaryConverter, NetCity.Common'. Warning: Type library exporter encountered a type that derives from a generic class and is not marked as [ClassInterface(ClassInterfaceType.None)]. Class interfaces cannot be exposed for such types. Consider marking the type with [ClassInterface(ClassInterfaceType.None)] and exposing an explicit interface as the default interface to COM using the ComDefaultInterface attribute.
Type library exporter warning processing 'NetCity.Common.Implementation.StorageJsonConverter, NetCity.Common'. Warning: Type library exporter encountered a type that derives from a generic class and is not marked as [ClassInterface(ClassInterfaceType.None)]. Class interfaces cannot be exposed for such types. Consider marking the type with [ClassInterface(ClassInterfaceType.None)] and exposing an explicit interface as the default interface to COM using the ComDefaultInterface attribute.
Type library exporter warning processing 'NetCity.Common.ValueObjects.Menu.Builders.MenuItemBuilder+MenuItemDisplayRulesBuilder, NetCity.Common'. Warning: Type library exporter encountered a type that derives from a generic class and is not marked as [ClassInterface(ClassInterfaceType.None)]. Class interfaces cannot be exposed for such types. Consider marking the type with [ClassInterface(ClassInterfaceType.None)] and exposing an explicit interface as the default interface to COM using the ComDefaultInterface attribute.
Type library exporter warning processing 'NetCity.Common.ValueObjects.Menu.Builders.MenuItemBuilder+TabItemBuilder+TabItemDisplayRulesBuilder, NetCity.Common'. Warning: Type library exporter encountered a type that derives from a generic class and is not marked as [ClassInterface(ClassInterfaceType.None)]. Class interfaces cannot be exposed for such types. Consider marking the type with [ClassInterface(ClassInterfaceType.None)] and exposing an explicit interface as the default interface to COM using the ComDefaultInterface attribute.
Type library exporter warning processing 'NetCity.Common.ValueObjects.TermTypes.TermTypeProfileGradeset.<TermTypeId>k__BackingField, NetCity.Common'. Warning: The public struct contains one or more non-public fields that will be exported.
Type library exporter warning processing 'NetCity.Common.ObjectModel.Nhibernate.QualityAssessment.IRegionBindedEntity.get_RegionGuid(#0), NetCity.Common'. Warning: Type library exporter encountered a generic type instance in a signature. Generic code may not be exported to COM.
Type library exporter warning processing 'NetCity.Common.ObjectModel.Nhibernate.QualityAssessment.IRegionBindedEntity.set_RegionGuid(value), NetCity.Common'. Warning: Type library exporter encountered a generic type instance in a signature. Generic code may not be exported to COM.
Type library exporter warning processing 'NetCity.Common.ObjectModel.Nhibernate.Address.IFiasCoded.get_Fias(#0), NetCity.Common'. Warning: Type library exporter encountered a generic type instance in a signature. Generic code may not be exported to COM.
Type library exporter warning processing 'NetCity.Common.Helpers.ICacheActualization.GetAll(#0), NetCity.Common'. Warning: Type library exporter encountered a generic type instance in a signature. Generic code may not be exported to COM.
Type library exporter warning processing 'NetCity.Common.Events.Data.IAuthorEventData.get_AuthorLoginEventId(#0), NetCity.Common'. Warning: Type library exporter encountered a generic type instance in a signature. Generic code may not be exported to COM.
Type library exporter warning processing 'NetCity.Common.Events.Data.Performance.Base.IClassmeetingBindedEventData.get_ClassmeetingId(#0), NetCity.Common'. Warning: Type library exporter encountered a generic type instance in a signature. Generic code may not be exported to COM.
Type library exporter warning processing 'NetCity.Common.Events.Data.Performance.Base.IClassmeetingBindedEventData.get_ClassmeetingDay(#0), NetCity.Common'. Warning: Type library exporter encountered a generic type instance in a signature. Generic code may not be exported to COM.
Type library exporter warning processing 'NetCity.Common.Configuration.Modules.IModule.GetTaskPoolDefinitions(#0), NetCity.Common'. Warning: Type library exporter encountered a generic type instance in a signature. Generic code may not be exported to COM.
Type library exporter warning processing 'NetCity.Common.Configuration.Modules.IModule.GetEmReports(#0), NetCity.Common'. Warning: Type library exporter encountered a generic type instance in a signature. Generic code may not be exported to COM.
Type library exporter warning processing 'NetCity.Common.Configuration.Modules.IModule.GetReports(#0), NetCity.Common'. Warning: Type library exporter encountered a generic type instance in a signature. Generic code may not be exported to COM.
Type library exporter warning processing 'NetCity.Common.Configuration.Modules.IModule.GetTabItems(#0), NetCity.Common'. Warning: Type library exporter encountered a generic type instance in a signature. Generic code may not be exported to COM.
Type library exporter warning processing 'NetCity.Common.Components.Abstraction.IFileAttachmentsComponent.CreateFileAttachment(userId), NetCity.Common'. Warning: Type library exporter encountered a generic type instance in a signature. Generic code may not be exported to COM.
Type library exporter warning processing 'NetCity.Common.Components.Abstraction.IGiaComponent.GetEgePersons(#0), NetCity.Common'. Warning: Type library exporter encountered a generic type instance in a signature. Generic code may not be exported to COM.
Type library exporter warning processing 'NetCity.Common.Components.Abstraction.IGiaComponent.GetGiaResultsFilters(#0), NetCity.Common'. Warning: Type library exporter encountered a generic type instance in a signature. Generic code may not be exported to COM.
Type library exporter warning processing 'NetCity.Common.Components.Abstraction.IGiaComponent.GetEmGiaResultsFilters(#0), NetCity.Common'. Warning: Type library exporter encountered a generic type instance in a signature. Generic code may not be exported to COM.
Type library exporter warning processing 'NetCity.Common.Components.Abstraction.IGradingComponent.GetJournalFilters(#0), NetCity.Common'. Warning: Type library exporter encountered a generic type instance in a signature. Generic code may not be exported to COM.
Type library exporter warning processing 'NetCity.Common.Components.Abstraction.IGradingManager.InitManualYearSettings(weight), NetCity.Common'. Warning: Type library exporter encountered a generic type instance in a signature. Generic code may not be exported to COM.
Type library exporter warning processing 'NetCity.Common.Components.Abstraction.IGradingManager.CalcAvgMarks(#0), NetCity.Common'. Warning: Type library exporter encountered a generic type instance in a signature. Generic code may not be exported to COM.
Type library exporter warning processing 'NetCity.Common.Components.Abstraction.IGradingManager.GetTotalsGradingFunc(#0), NetCity.Common'. Warning: Type library exporter encountered a generic type instance in a signature. Generic code may not be exported to COM.
Type library exporter warning processing 'NetCity.Common.Components.Abstraction.IServerSettingsComponent.SaveUserAuthorizationSettings(noticeStartDate), NetCity.Common'. Warning: Type library exporter encountered a generic type instance in a signature. Generic code may not be exported to COM.
Type library exporter warning processing 'NetCity.Common.Components.Abstraction.IStatFormComponent.GetEmStatFormList(#0), NetCity.Common'. Warning: Type library exporter encountered a generic type instance in a signature. Generic code may not be exported to COM.
Type library exporter warning processing 'NetCity.Common.Components.Abstraction.UnitOfWorks.IEditUserInfoWork.SetCommonShortInfo(gender), NetCity.Common'. Warning: Type library exporter encountered a generic type instance in a signature. Generic code may not be exported to COM.
Type library exporter warning processing 'NetCity.Common.Abstraction.WebObjects.IResponse.SetCookie(expireDate), NetCity.Common'. Warning: Type library exporter encountered a generic type instance in a signature. Generic code may not be exported to COM.
Type library exporter warning processing 'NetCity.Common.Abstraction.Security.IIdentityProviderClient.GetLoginUrl(queryParams), NetCity.Common'. Warning: Type library exporter encountered a generic type instance in a signature. Generic code may not be exported to COM.
Type library exporter warning processing 'NetCity.Common.Abstraction.Security.IIdentityProviderClient.GetAuthUrl(queryParams), NetCity.Common'. Warning: Type library exporter encountered a generic type instance in a signature. Generic code may not be exported to COM.
Assembly exported to 'C:\Program Files\NetCity2\Assemblies\NetCity.Common.tlb', and the type library was registered successfully

C:\Program Files\NetCity2\Assemblies>regasm /nologo /codebase /tlb NetCity.Common.Legacy.dll 
Types registered successfully
Assembly exported to 'C:\Program Files\NetCity2\Assemblies\NetCity.Common.Legacy.tlb', and the type library was registered successfully

C:\Program Files\NetCity2\Assemblies>regasm /nologo /codebase NetCity.Language.dll 
RegAsm : warning RA0000 : Registering an unsigned assembly with /codebase can cause your assembly to interfere with other applications that may be installed on the same computer. The /codebase switch is intended to be used only with signed assemblies. Please give your assembly a strong name and re-register it.
Types registered successfully

C:\Program Files\NetCity2\Assemblies>regasm /nologo /codebase NS_DAComWrapper.dll 
Types registered successfully

C:\Program Files\NetCity2\Assemblies>regasm /nologo /codebase NetCity.ReportManager.dll 
Types registered successfully

C:\Program Files\NetCity2\Assemblies>regasm /nologo /codebase NetCity.Components.dll 
RegAsm : warning RA0000 : Registering an unsigned assembly with /codebase can cause your assembly to interfere with other applications that may be installed on the same computer. The /codebase switch is intended to be used only with signed assemblies. Please give your assembly a strong name and re-register it.
Types registered successfully

C:\Program Files\NetCity2\Assemblies>regasm /nologo /codebase /tlb NetCity.Integration.LACC.dll 
RegAsm : warning RA0000 : Registering an unsigned assembly with /codebase can cause your assembly to interfere with other applications that may be installed on the same computer. The /codebase switch is intended to be used only with signed assemblies. Please give your assembly a strong name and re-register it.
Types registered successfully
Assembly exported to 'C:\Program Files\NetCity2\Assemblies\NetCity.Integration.LACC.tlb', and the type library was registered successfully

---------------------------------------------
27-03-2021 03:12:50 Óäàëåíèå ñáîðîê èç GAC

C:\Program Files\NetCity2\Assemblies>regasm /u /nologo NetCity.Components.dll 
RegAsm : error RA0000 : Unable to locate input assembly 'NetCity.Components.dll' or one of its dependencies.

C:\Program Files\NetCity2\Assemblies>regasm /u /nologo NetCity.ReportManager.dll 
RegAsm : error RA0000 : Unable to locate input assembly 'NetCity.ReportManager.dll' or one of its dependencies.

C:\Program Files\NetCity2\Assemblies>regasm /u /nologo NS_DAComWrapper.dll 
RegAsm : error RA0000 : Unable to locate input assembly 'NS_DAComWrapper.dll' or one of its dependencies.

C:\Program Files\NetCity2\Assemblies>regasm /u /nologo NetCity.Language.dll 
RegAsm : error RA0000 : Unable to locate input assembly 'NetCity.Language.dll' or one of its dependencies.

C:\Program Files\NetCity2\Assemblies>gacutil /nologo /u NetCity.Language 

C:\Program Files\NetCity2\Assemblies>regasm /u /nologo NetCity.Common.dll 
RegAsm : error RA0000 : Unable to locate input assembly 'NetCity.Common.dll' or one of its dependencies.

C:\Program Files\NetCity2\Assemblies>gacutil /nologo /u NetCity.Common 

C:\Program Files\NetCity2\Assemblies>regasm /u /nologo NetCity.Integration.LACC.dll 
RegAsm : error RA0000 : Unable to locate input assembly 'NetCity.Integration.LACC.dll' or one of its dependencies.

C:\Program Files\NetCity2\Assemblies>gacutil /nologo /u FluentNHibernate 

C:\Program Files\NetCity2\Assemblies>gacutil /nologo /u NHibernate 

C:\Program Files\NetCity2\Assemblies>reg.exe delete "HKEY_CLASSES_ROOT\TypeLib\{4825FF42-D8F9-4B30-9115-FE4445130FB6}" /f 
Ž¯¥à æ¨ï ãá¯¥è­® § ¢¥àè¥­ .

---------------------------------------------
27-03-2021 03:14:38 Ðåãèñòðàöèÿ ñáîðîê â GAC, v4.70.53910

C:\Program Files\NetCity2\Assemblies>echo Registering third party libraries... 
Registering third party libraries...

C:\Program Files\NetCity2\Assemblies>gacutil /nologo /i adodb.dll 

C:\Program Files\NetCity2\Assemblies>gacutil /nologo /i log4net.dll 

C:\Program Files\NetCity2\Assemblies>gacutil /nologo /i Castle.Windsor.dll 

C:\Program Files\NetCity2\Assemblies>gacutil /nologo /i Castle.Core.dll 

C:\Program Files\NetCity2\Assemblies>gacutil /nologo /i Newtonsoft.Json.dll 

C:\Program Files\NetCity2\Assemblies>gacutil /nologo /i Interop.ASPTypeLibrary.dll 

C:\Program Files\NetCity2\Assemblies>gacutil /nologo /i NPOI.dll 

C:\Program Files\NetCity2\Assemblies>gacutil /nologo /i System.Threading.dll 

C:\Program Files\NetCity2\Assemblies>gacutil /nologo /i ICSharpCode.SharpZipLib.dll 

C:\Program Files\NetCity2\Assemblies>gacutil /nologo /i Iesi.Collections.dll 

C:\Program Files\NetCity2\Assemblies>gacutil /nologo /i FirebirdSql.Data.FirebirdClient.dll 

C:\Program Files\NetCity2\Assemblies>gacutil /nologo /i JamaaTech.Smpp.Net.Client.v1.4.dll 

C:\Program Files\NetCity2\Assemblies>gacutil /nologo /i JamaaTech.Smpp.Net.Lib.v1.4.dll 

C:\Program Files\NetCity2\Assemblies>echo Registering Assemblies... 
Registering Assemblies...

C:\Program Files\NetCity2\Assemblies>regasm /nologo /codebase /tlb NetCity.Infrastructure.Common.dll 
Types registered successfully
Type library exporter warning processing 'NetCity.Infrastructure.Common.Enums.EnumHelper+EnumIntEqualityComparer`1, NetCity.Infrastructure.Common'. Warning: Type library exporter encountered a generic type. Generic classes may not be exposed to COM.
Type library exporter warning processing 'NetCity.Common.Components.IComponentManager.ResolveAll(#0), NetCity.Infrastructure.Common'. Warning: Type library exporter encountered a generic type instance in a signature. Generic code may not be exported to COM.
Type library exporter warning processing 'NetCity.Infrastructure.Common.Helpers.AsyncHelpers+NoSynchronizationContextScope+Disposable._synchronizationContext, NetCity.Infrastructure.Common'. Warning: The public struct contains one or more non-public fields that will be exported.
Assembly exported to 'C:\Program Files\NetCity2\Assemblies\NetCity.Infrastructure.Common.tlb', and the type library was registered successfully

C:\Program Files\NetCity2\Assemblies>regasm /nologo /codebase /tlb NetCity.Common.dll 
Types registered successfully
Type library exporter warning processing 'NetCity.Common.ValueObjects.Users.Documents.Validators.IDocTypeValidator`1, NetCity.Common'. Warning: Type library exporter encountered a generic type. Generic classes may not be exposed to COM.
Type library exporter warning processing 'NetCity.Common.ValueObjects.Menu.Builders.DisplayRulesBuilder`1, NetCity.Common'. Warning: Type library exporter encountered a generic type. Generic classes may not be exposed to COM.
Type library exporter warning processing 'NetCity.Common.StorageTypes.AbstractCache`2, NetCity.Common'. Warning: Type library exporter encountered a generic type. Generic classes may not be exposed to COM.
Type library exporter warning processing 'NetCity.Common.StorageTypes.CommonCache`1, NetCity.Common'. Warning: Type library exporter encountered a generic type. Generic classes may not be exposed to COM.
Type library exporter warning processing 'NetCity.Common.Specs.AndSpecification`1, NetCity.Common'. Warning: Type library exporter encountered a generic type. Generic classes may not be exposed to COM.
Type library exporter warning processing 'NetCity.Common.Specs.RelatedSpecBuilder`1, NetCity.Common'. Warning: Type library exporter encountered a generic type. Generic classes may not be exposed to COM.
Type library exporter warning processing 'NetCity.Common.Specs.FalseSpecification`1, NetCity.Common'. Warning: Type library exporter encountered a generic type. Generic classes may not be exposed to COM.
Type library exporter warning processing 'NetCity.Common.Specs.ISpecification`1, NetCity.Common'. Warning: Type library exporter encountered a generic type. Generic classes may not be exposed to COM.
Type library exporter warning processing 'NetCity.Common.Specs.NotSpecification`1, NetCity.Common'. Warning: Type library exporter encountered a generic type. Generic classes may not be exposed to COM.
Type library exporter warning processing 'NetCity.Common.Specs.OrSpecification`1, NetCity.Common'. Warning: Type library exporter encountered a generic type. Generic classes may not be exposed to COM.
Type library exporter warning processing 'NetCity.Common.Specs.SimpleSpec`1, NetCity.Common'. Warning: Type library exporter encountered a generic type. Generic classes may not be exposed to COM.
Type library exporter warning processing 'NetCity.Common.Specs.TrueSpecification`1, NetCity.Common'. Warning: Type library exporter encountered a generic type. Generic classes may not be exposed to COM.
Type library exporter warning processing 'NetCity.Common.Helpers.Comparer.PropertyState`1, NetCity.Common'. Warning: Type library exporter encountered a generic type. Generic classes may not be exposed to COM.
Type library exporter warning processing 'NetCity.Common.Helpers.Comparer.DeepPropertyState`1, NetCity.Common'. Warning: Type library exporter encountered a generic type. Generic classes may not be exposed to COM.
Type library exporter warning processing 'NetCity.Common.Helpers.Comparer.State`1, NetCity.Common'. Warning: Type library exporter encountered a generic type. Generic classes may not be exposed to COM.
Type library exporter warning processing 'NetCity.Common.Helpers.Comparer.Variation`1, NetCity.Common'. Warning: Type library exporter encountered a generic type. Generic classes may not be exposed to COM.
Type library exporter warning processing 'NetCity.Common.AccessLog.Common.IAccessLogRepository`1, NetCity.Common'. Warning: Type library exporter encountered a generic type. Generic classes may not be exposed to COM.
Type library exporter warning processing 'NetCity.Common.Abstraction.Commands.ICommand`1, NetCity.Common'. Warning: Type library exporter encountered a generic type. Generic classes may not be exposed to COM.
Type library exporter warning processing 'NetCity.Common.Abstraction.Commands.ICommandWithResult`2, NetCity.Common'. Warning: Type library exporter encountered a generic type. Generic classes may not be exposed to COM.
Type library exporter warning processing 'NetCity.Common.ObjectModel.Nhibernate.Entity+IdEqualityComparer`1, NetCity.Common'. Warning: Type library exporter encountered a generic type. Generic classes may not be exposed to COM.
Type library exporter warning processing 'NetCity.Common.Implementation.DictionaryConverter, NetCity.Common'. Warning: Type library exporter encountered a type that derives from a generic class and is not marked as [ClassInterface(ClassInterfaceType.None)]. Class interfaces cannot be exposed for such types. Consider marking the type with [ClassInterface(ClassInterfaceType.None)] and exposing an explicit interface as the default interface to COM using the ComDefaultInterface attribute.
Type library exporter warning processing 'NetCity.Common.Implementation.StorageJsonConverter, NetCity.Common'. Warning: Type library exporter encountered a type that derives from a generic class and is not marked as [ClassInterface(ClassInterfaceType.None)]. Class interfaces cannot be exposed for such types. Consider marking the type with [ClassInterface(ClassInterfaceType.None)] and exposing an explicit interface as the default interface to COM using the ComDefaultInterface attribute.
Type library exporter warning processing 'NetCity.Common.Components.Abstraction.TestTMRemoteFunc, NetCity.Common'. Warning: Type library exporter encountered a type that derives from a generic class and is not marked as [ClassInterface(ClassInterfaceType.None)]. Class interfaces cannot be exposed for such types. Consider marking the type with [ClassInterface(ClassInterfaceType.None)] and exposing an explicit interface as the default interface to COM using the ComDefaultInterface attribute.
Type library exporter warning processing 'NetCity.Common.ValueObjects.Menu.Builders.MenuItemBuilder+MenuItemDisplayRulesBuilder, NetCity.Common'. Warning: Type library exporter encountered a type that derives from a generic class and is not marked as [ClassInterface(ClassInterfaceType.None)]. Class interfaces cannot be exposed for such types. Consider marking the type with [ClassInterface(ClassInterfaceType.None)] and exposing an explicit interface as the default interface to COM using the ComDefaultInterface attribute.
Type library exporter warning processing 'NetCity.Common.ValueObjects.Menu.Builders.MenuItemBuilder+TabItemBuilder+TabItemDisplayRulesBuilder, NetCity.Common'. Warning: Type library exporter encountered a type that derives from a generic class and is not marked as [ClassInterface(ClassInterfaceType.None)]. Class interfaces cannot be exposed for such types. Consider marking the type with [ClassInterface(ClassInterfaceType.None)] and exposing an explicit interface as the default interface to COM using the ComDefaultInterface attribute.
Type library exporter warning processing 'NetCity.Common.ValueObjects.TermTypes.TermTypeProfileGradeset.<TermTypeId>k__BackingField, NetCity.Common'. Warning: The public struct contains one or more non-public fields that will be exported.
Type library exporter warning processing 'NetCity.Common.ObjectModel.Nhibernate.QualityAssessment.IRegionBindedEntity.get_RegionGuid(#0), NetCity.Common'. Warning: Type library exporter encountered a generic type instance in a signature. Generic code may not be exported to COM.
Type library exporter warning processing 'NetCity.Common.ObjectModel.Nhibernate.QualityAssessment.IRegionBindedEntity.set_RegionGuid(value), NetCity.Common'. Warning: Type library exporter encountered a generic type instance in a signature. Generic code may not be exported to COM.
Type library exporter warning processing 'NetCity.Common.ObjectModel.Nhibernate.Address.IFiasCoded.get_Fias(#0), NetCity.Common'. Warning: Type library exporter encountered a generic type instance in a signature. Generic code may not be exported to COM.
Type library exporter warning processing 'NetCity.Common.Helpers.ICacheActualization.GetAll(#0), NetCity.Common'. Warning: Type library exporter encountered a generic type instance in a signature. Generic code may not be exported to COM.
Type library exporter warning processing 'NetCity.Common.Events.Data.IAuthorEventData.get_AuthorLoginEventId(#0), NetCity.Common'. Warning: Type library exporter encountered a generic type instance in a signature. Generic code may not be exported to COM.
Type library exporter warning processing 'NetCity.Common.Events.Data.Performance.Base.IClassmeetingBindedEventData.get_ClassmeetingId(#0), NetCity.Common'. Warning: Type library exporter encountered a generic type instance in a signature. Generic code may not be exported to COM.
Type library exporter warning processing 'NetCity.Common.Events.Data.Performance.Base.IClassmeetingBindedEventData.get_ClassmeetingDay(#0), NetCity.Common'. Warning: Type library exporter encountered a generic type instance in a signature. Generic code may not be exported to COM.
Type library exporter warning processing 'NetCity.Common.Configuration.Modules.IModule.GetTaskPoolDefinitions(#0), NetCity.Common'. Warning: Type library exporter encountered a generic type instance in a signature. Generic code may not be exported to COM.
Type library exporter warning processing 'NetCity.Common.Configuration.Modules.IModule.GetEmReports(#0), NetCity.Common'. Warning: Type library exporter encountered a generic type instance in a signature. Generic code may not be exported to COM.
Type library exporter warning processing 'NetCity.Common.Configuration.Modules.IModule.GetReports(#0), NetCity.Common'. Warning: Type library exporter encountered a generic type instance in a signature. Generic code may not be exported to COM.
Type library exporter warning processing 'NetCity.Common.Configuration.Modules.IModule.GetTabItems(#0), NetCity.Common'. Warning: Type library exporter encountered a generic type instance in a signature. Generic code may not be exported to COM.
Type library exporter warning processing 'NetCity.Common.Components.Abstraction.IFileAttachmentsComponent.CreateFileAttachment(userId), NetCity.Common'. Warning: Type library exporter encountered a generic type instance in a signature. Generic code may not be exported to COM.
Type library exporter warning processing 'NetCity.Common.Components.Abstraction.IFileAttachmentsComponent.GetFileAttachmentsStream(#0), NetCity.Common'. Warning: Type library exporter encountered a generic type instance in a signature. Generic code may not be exported to COM.
Type library exporter warning processing 'NetCity.Common.Components.Abstraction.IGiaComponent.GetEgePersons(#0), NetCity.Common'. Warning: Type library exporter encountered a generic type instance in a signature. Generic code may not be exported to COM.
Type library exporter warning processing 'NetCity.Common.Components.Abstraction.IGiaComponent.GetGiaResultsFilters(#0), NetCity.Common'. Warning: Type library exporter encountered a generic type instance in a signature. Generic code may not be exported to COM.
Type library exporter warning processing 'NetCity.Common.Components.Abstraction.IGiaComponent.GetEmGiaResultsFilters(#0), NetCity.Common'. Warning: Type library exporter encountered a generic type instance in a signature. Generic code may not be exported to COM.
Type library exporter warning processing 'NetCity.Common.Components.Abstraction.IGradingComponent.GetJournalFilters(#0), NetCity.Common'. Warning: Type library exporter encountered a generic type instance in a signature. Generic code may not be exported to COM.
Type library exporter warning processing 'NetCity.Common.Components.Abstraction.IGradingManager.InitManualYearSettings(weight), NetCity.Common'. Warning: Type library exporter encountered a generic type instance in a signature. Generic code may not be exported to COM.
Type library exporter warning processing 'NetCity.Common.Components.Abstraction.IGradingManager.CalcAvgMarks(#0), NetCity.Common'. Warning: Type library exporter encountered a generic type instance in a signature. Generic code may not be exported to COM.
Type library exporter warning processing 'NetCity.Common.Components.Abstraction.IGradingManager.GetTotalsGradingFunc(#0), NetCity.Common'. Warning: Type library exporter encountered a generic type instance in a signature. Generic code may not be exported to COM.
Type library exporter warning processing 'NetCity.Common.Components.Abstraction.IServerSettingsComponent.SaveUserAuthorizationSettings(noticeStartDate), NetCity.Common'. Warning: Type library exporter encountered a generic type instance in a signature. Generic code may not be exported to COM.
Type library exporter warning processing 'NetCity.Common.Components.Abstraction.IStatFormComponent.GetEmStatFormList(#0), NetCity.Common'. Warning: Type library exporter encountered a generic type instance in a signature. Generic code may not be exported to COM.
Type library exporter warning processing 'NetCity.Common.Components.Abstraction.ISubjectGroupComponent.GetTermListForSubjectGroup(sgId), NetCity.Common'. Warning: Type library exporter encountered a generic type instance in a signature. Generic code may not be exported to COM.
Type library exporter warning processing 'NetCity.Common.Components.Abstraction.ISubjectGroupComponent.GetGradesForSubjectGroup(sgId), NetCity.Common'. Warning: Type library exporter encountered a generic type instance in a signature. Generic code may not be exported to COM.
Type library exporter warning processing 'NetCity.Common.Components.Abstraction.ISubjectGroupComponent.GetSubjectGroupsFilters(#0), NetCity.Common'. Warning: Type library exporter encountered a generic type instance in a signature. Generic code may not be exported to COM.
Type library exporter warning processing 'NetCity.Common.Components.Abstraction.ISubjectGroupComponent.GetExtraActivitySubjectGroupsFilters(#0), NetCity.Common'. Warning: Type library exporter encountered a generic type instance in a signature. Generic code may not be exported to COM.
Type library exporter warning processing 'NetCity.Common.Components.Abstraction.UnitOfWorks.IEditUserInfoWork.SetCommonShortInfo(gender), NetCity.Common'. Warning: Type library exporter encountered a generic type instance in a signature. Generic code may not be exported to COM.
Type library exporter warning processing 'NetCity.Common.Abstraction.WebObjects.IResponse.SetCookie(expireDate), NetCity.Common'. Warning: Type library exporter encountered a generic type instance in a signature. Generic code may not be exported to COM.
Type library exporter warning processing 'NetCity.Common.Abstraction.Security.IIdentityProviderClient.GetLoginUrl(queryParams), NetCity.Common'. Warning: Type library exporter encountered a generic type instance in a signature. Generic code may not be exported to COM.
Type library exporter warning processing 'NetCity.Common.Abstraction.Security.IIdentityProviderClient.GetAuthUrl(queryParams), NetCity.Common'. Warning: Type library exporter encountered a generic type instance in a signature. Generic code may not be exported to COM.
Assembly exported to 'C:\Program Files\NetCity2\Assemblies\NetCity.Common.tlb', and the type library was registered successfully

C:\Program Files\NetCity2\Assemblies>regasm /nologo /codebase /tlb NetCity.Common.Legacy.dll 
Types registered successfully
Assembly exported to 'C:\Program Files\NetCity2\Assemblies\NetCity.Common.Legacy.tlb', and the type library was registered successfully

C:\Program Files\NetCity2\Assemblies>regasm /nologo /codebase NetCity.Language.dll 
RegAsm : warning RA0000 : Registering an unsigned assembly with /codebase can cause your assembly to interfere with other applications that may be installed on the same computer. The /codebase switch is intended to be used only with signed assemblies. Please give your assembly a strong name and re-register it.
Types registered successfully

C:\Program Files\NetCity2\Assemblies>regasm /nologo /codebase NS_DAComWrapper.dll 
Types registered successfully

C:\Program Files\NetCity2\Assemblies>regasm /nologo /codebase NetCity.ReportManager.dll 
Types registered successfully

C:\Program Files\NetCity2\Assemblies>regasm /nologo /codebase NetCity.Components.dll 
RegAsm : warning RA0000 : Registering an unsigned assembly with /codebase can cause your assembly to interfere with other applications that may be installed on the same computer. The /codebase switch is intended to be used only with signed assemblies. Please give your assembly a strong name and re-register it.
Types registered successfully

C:\Program Files\NetCity2\Assemblies>regasm /nologo /codebase /tlb NetCity.Integration.LACC.dll 
RegAsm : warning RA0000 : Registering an unsigned assembly with /codebase can cause your assembly to interfere with other applications that may be installed on the same computer. The /codebase switch is intended to be used only with signed assemblies. Please give your assembly a strong name and re-register it.
Types registered successfully
Assembly exported to 'C:\Program Files\NetCity2\Assemblies\NetCity.Integration.LACC.tlb', and the type library was registered successfully

---------------------------------------------
21-03-2022 23:22:20 Óäàëåíèå ñáîðîê èç GAC

C:\Program Files\NetCity2\Assemblies>regasm /u /nologo NetCity.Components.dll 
RegAsm : error RA0000 : Unable to locate input assembly 'NetCity.Components.dll' or one of its dependencies.

C:\Program Files\NetCity2\Assemblies>regasm /u /nologo NetCity.ReportManager.dll 
RegAsm : error RA0000 : Unable to locate input assembly 'NetCity.ReportManager.dll' or one of its dependencies.

C:\Program Files\NetCity2\Assemblies>regasm /u /nologo NS_DAComWrapper.dll 
RegAsm : error RA0000 : Unable to locate input assembly 'NS_DAComWrapper.dll' or one of its dependencies.

C:\Program Files\NetCity2\Assemblies>regasm /u /nologo NetCity.Language.dll 
RegAsm : error RA0000 : Unable to locate input assembly 'NetCity.Language.dll' or one of its dependencies.

C:\Program Files\NetCity2\Assemblies>gacutil /nologo /u NetCity.Language 

C:\Program Files\NetCity2\Assemblies>regasm /u /nologo NetCity.Common.ObjectModel.dll 
RegAsm : error RA0000 : Unable to locate input assembly 'NetCity.Common.ObjectModel.dll' or one of its dependencies.

C:\Program Files\NetCity2\Assemblies>regasm /u /nologo NetCity.Common.Legacy.dll 
RegAsm : error RA0000 : Unable to locate input assembly 'NetCity.Common.Legacy.dll' or one of its dependencies.

C:\Program Files\NetCity2\Assemblies>regasm /u /nologo NetCity.Common.dll 
RegAsm : error RA0000 : Unable to locate input assembly 'NetCity.Common.dll' or one of its dependencies.

C:\Program Files\NetCity2\Assemblies>gacutil /nologo /u NetCity.Common 

C:\Program Files\NetCity2\Assemblies>regasm /u /nologo NetCity.Integration.LACC.dll 
RegAsm : error RA0000 : Unable to locate input assembly 'NetCity.Integration.LACC.dll' or one of its dependencies.

C:\Program Files\NetCity2\Assemblies>gacutil /nologo /u FluentNHibernate 

C:\Program Files\NetCity2\Assemblies>gacutil /nologo /u NHibernate 

C:\Program Files\NetCity2\Assemblies>reg.exe delete "HKEY_CLASSES_ROOT\TypeLib\{4825FF42-D8F9-4B30-9115-FE4445130FB6}" /f 
Ž¯¥à æ¨ï ãá¯¥è­® § ¢¥àè¥­ .

---------------------------------------------
21-03-2022 23:23:43 Ðåãèñòðàöèÿ ñáîðîê â GAC, v5.00.59739

C:\Program Files\NetCity2\Assemblies>echo Registering third party libraries... 
Registering third party libraries...

C:\Program Files\NetCity2\Assemblies>gacutil /nologo /i adodb.dll 

C:\Program Files\NetCity2\Assemblies>gacutil /nologo /i log4net.dll 

C:\Program Files\NetCity2\Assemblies>gacutil /nologo /i Castle.Windsor.dll 

C:\Program Files\NetCity2\Assemblies>gacutil /nologo /i Castle.Core.dll 

C:\Program Files\NetCity2\Assemblies>gacutil /nologo /i Newtonsoft.Json.dll 

C:\Program Files\NetCity2\Assemblies>gacutil /nologo /i Interop.ASPTypeLibrary.dll 

C:\Program Files\NetCity2\Assemblies>gacutil /nologo /i NPOI.dll 

C:\Program Files\NetCity2\Assemblies>gacutil /nologo /i System.Threading.dll 

C:\Program Files\NetCity2\Assemblies>gacutil /nologo /i ICSharpCode.SharpZipLib.dll 

C:\Program Files\NetCity2\Assemblies>gacutil /nologo /i Iesi.Collections.dll 

C:\Program Files\NetCity2\Assemblies>gacutil /nologo /i FirebirdSql.Data.FirebirdClient.dll 

C:\Program Files\NetCity2\Assemblies>gacutil /nologo /i JamaaTech.Smpp.Net.Client.v1.4.dll 

C:\Program Files\NetCity2\Assemblies>gacutil /nologo /i JamaaTech.Smpp.Net.Lib.v1.4.dll 

C:\Program Files\NetCity2\Assemblies>echo Registering Assemblies... 
Registering Assemblies...

C:\Program Files\NetCity2\Assemblies>regasm /nologo /codebase /tlb NetCity.Infrastructure.Common.dll 
Types registered successfully
Type library exporter warning processing 'NetCity.Infrastructure.Common.Model.CRUD`1, NetCity.Infrastructure.Common'. Warning: Type library exporter encountered a generic type. Generic classes may not be exposed to COM.
Type library exporter warning processing 'NetCity.Infrastructure.Common.Enums.EnumHelper+EnumIntEqualityComparer`1, NetCity.Infrastructure.Common'. Warning: Type library exporter encountered a generic type. Generic classes may not be exposed to COM.
Type library exporter warning processing 'NetCity.Common.Components.IComponentManager.ResolveAll(#0), NetCity.Infrastructure.Common'. Warning: Type library exporter encountered a generic type instance in a signature. Generic code may not be exported to COM.
Type library exporter warning processing 'NetCity.Infrastructure.Common.Helpers.AsyncHelpers+NoSynchronizationContextScope+Disposable._synchronizationContext, NetCity.Infrastructure.Common'. Warning: The public struct contains one or more non-public fields that will be exported.
Assembly exported to 'C:\Program Files\NetCity2\Assemblies\NetCity.Infrastructure.Common.tlb', and the type library was registered successfully

C:\Program Files\NetCity2\Assemblies>regasm /nologo /codebase /tlb NetCity.Common.dll 
Types registered successfully
Type library exporter warning processing 'NetCity.Common.ValueObjects.Users.Documents.Validators.IDocTypeValidator`1, NetCity.Common'. Warning: Type library exporter encountered a generic type. Generic classes may not be exposed to COM.
Type library exporter warning processing 'NetCity.Common.ValueObjects.Menu.Builders.DisplayRulesBuilder`1, NetCity.Common'. Warning: Type library exporter encountered a generic type. Generic classes may not be exposed to COM.
Type library exporter warning processing 'NetCity.Common.StorageTypes.AbstractCache`2, NetCity.Common'. Warning: Type library exporter encountered a generic type. Generic classes may not be exposed to COM.
Type library exporter warning processing 'NetCity.Common.StorageTypes.CommonCache`1, NetCity.Common'. Warning: Type library exporter encountered a generic type. Generic classes may not be exposed to COM.
Type library exporter warning processing 'NetCity.Common.Specs.AndSpecification`1, NetCity.Common'. Warning: Type library exporter encountered a generic type. Generic classes may not be exposed to COM.
Type library exporter warning processing 'NetCity.Common.Specs.RelatedSpecBuilder`1, NetCity.Common'. Warning: Type library exporter encountered a generic type. Generic classes may not be exposed to COM.
Type library exporter warning processing 'NetCity.Common.Specs.FalseSpecification`1, NetCity.Common'. Warning: Type library exporter encountered a generic type. Generic classes may not be exposed to COM.
Type library exporter warning processing 'NetCity.Common.Specs.ISpecification`1, NetCity.Common'. Warning: Type library exporter encountered a generic type. Generic classes may not be exposed to COM.
Type library exporter warning processing 'NetCity.Common.Specs.NotSpecification`1, NetCity.Common'. Warning: Type library exporter encountered a generic type. Generic classes may not be exposed to COM.
Type library exporter warning processing 'NetCity.Common.Specs.OrSpecification`1, NetCity.Common'. Warning: Type library exporter encountered a generic type. Generic classes may not be exposed to COM.
Type library exporter warning processing 'NetCity.Common.Specs.SimpleSpec`1, NetCity.Common'. Warning: Type library exporter encountered a generic type. Generic classes may not be exposed to COM.
Type library exporter warning processing 'NetCity.Common.Specs.TrueSpecification`1, NetCity.Common'. Warning: Type library exporter encountered a generic type. Generic classes may not be exposed to COM.
Type library exporter warning processing 'NetCity.Common.Helpers.Comparer.PropertyState`1, NetCity.Common'. Warning: Type library exporter encountered a generic type. Generic classes may not be exposed to COM.
Type library exporter warning processing 'NetCity.Common.Helpers.Comparer.DeepPropertyState`1, NetCity.Common'. Warning: Type library exporter encountered a generic type. Generic classes may not be exposed to COM.
Type library exporter warning processing 'NetCity.Common.Helpers.Comparer.State`1, NetCity.Common'. Warning: Type library exporter encountered a generic type. Generic classes may not be exposed to COM.
Type library exporter warning processing 'NetCity.Common.Helpers.Comparer.Variation`1, NetCity.Common'. Warning: Type library exporter encountered a generic type. Generic classes may not be exposed to COM.
Type library exporter warning processing 'NetCity.Common.Abstraction.Commands.ICommand`1, NetCity.Common'. Warning: Type library exporter encountered a generic type. Generic classes may not be exposed to COM.
Type library exporter warning processing 'NetCity.Common.Abstraction.Commands.ICommandWithResult`2, NetCity.Common'. Warning: Type library exporter encountered a generic type. Generic classes may not be exposed to COM.
Type library exporter warning processing 'NetCity.Common.ObjectModel.Nhibernate.Entity+IdEqualityComparer`1, NetCity.Common'. Warning: Type library exporter encountered a generic type. Generic classes may not be exposed to COM.
Type library exporter warning processing 'NetCity.Common.Implementation.DictionaryConverter, NetCity.Common'. Warning: Type library exporter encountered a type that derives from a generic class and is not marked as [ClassInterface(ClassInterfaceType.None)]. Class interfaces cannot be exposed for such types. Consider marking the type with [ClassInterface(ClassInterfaceType.None)] and exposing an explicit interface as the default interface to COM using the ComDefaultInterface attribute.
Type library exporter warning processing 'NetCity.Common.Implementation.StorageJsonConverter, NetCity.Common'. Warning: Type library exporter encountered a type that derives from a generic class and is not marked as [ClassInterface(ClassInterfaceType.None)]. Class interfaces cannot be exposed for such types. Consider marking the type with [ClassInterface(ClassInterfaceType.None)] and exposing an explicit interface as the default interface to COM using the ComDefaultInterface attribute.
Type library exporter warning processing 'NetCity.Common.Components.Abstraction.TokenManager.RemoteActions.TestTMRemoteFunc, NetCity.Common'. Warning: Type library exporter encountered a type that derives from a generic class and is not marked as [ClassInterface(ClassInterfaceType.None)]. Class interfaces cannot be exposed for such types. Consider marking the type with [ClassInterface(ClassInterfaceType.None)] and exposing an explicit interface as the default interface to COM using the ComDefaultInterface attribute.
Type library exporter warning processing 'NetCity.Common.ValueObjects.Menu.Builders.MenuItemBuilder+MenuItemDisplayRulesBuilder, NetCity.Common'. Warning: Type library exporter encountered a type that derives from a generic class and is not marked as [ClassInterface(ClassInterfaceType.None)]. Class interfaces cannot be exposed for such types. Consider marking the type with [ClassInterface(ClassInterfaceType.None)] and exposing an explicit interface as the default interface to COM using the ComDefaultInterface attribute.
Type library exporter warning processing 'NetCity.Common.ValueObjects.Menu.Builders.MenuItemBuilder+TabItemBuilder+TabItemDisplayRulesBuilder, NetCity.Common'. Warning: Type library exporter encountered a type that derives from a generic class and is not marked as [ClassInterface(ClassInterfaceType.None)]. Class interfaces cannot be exposed for such types. Consider marking the type with [ClassInterface(ClassInterfaceType.None)] and exposing an explicit interface as the default interface to COM using the ComDefaultInterface attribute.
Type library exporter warning processing 'Castle.Windsor.Diagnostics.IDiagnostic`1, Castle.Windsor'. Warning: Type library exporter encountered a generic type. Generic classes may not be exposed to COM.
Type library exporter warning processing 'Castle.Windsor.Diagnostics.IDiagnosticsInspector`2, Castle.Windsor'. Warning: Type library exporter encountered a generic type. Generic classes may not be exposed to COM.
Type library exporter warning processing 'Castle.Windsor.Diagnostics.IDiagnosticsSource`1, Castle.Windsor'. Warning: Type library exporter encountered a generic type. Generic classes may not be exposed to COM.
Type library exporter warning processing 'Castle.Windsor.Diagnostics.IExposeDiagnostics`1, Castle.Windsor'. Warning: Type library exporter encountered a generic type. Generic classes may not be exposed to COM.
Type library exporter warning processing 'Castle.MicroKernel.ComponentReference`1, Castle.Windsor'. Warning: Type library exporter encountered a generic type. Generic classes may not be exposed to COM.
Type library exporter warning processing 'Castle.MicroKernel.InstanceReference`1, Castle.Windsor'. Warning: Type library exporter encountered a generic type. Generic classes may not be exposed to COM.
Type library exporter warning processing 'Castle.MicroKernel.IReference`1, Castle.Windsor'. Warning: Type library exporter encountered a generic type. Generic classes may not be exposed to COM.
Type library exporter warning processing 'Castle.MicroKernel.Registration.ComponentRegistration`1, Castle.Windsor'. Warning: Type library exporter encountered a generic type. Generic classes may not be exposed to COM.
Type library exporter warning processing 'Castle.MicroKernel.Registration.RegistrationGroup`1, Castle.Windsor'. Warning: Type library exporter encountered a generic type. Generic classes may not be exposed to COM.
Type library exporter warning processing 'Castle.MicroKernel.Registration.Proxy.ItemRegistration`1, Castle.Windsor'. Warning: Type library exporter encountered a generic type. Generic classes may not be exposed to COM.
Type library exporter warning processing 'Castle.MicroKernel.Registration.Proxy.ProxyGroup`1, Castle.Windsor'. Warning: Type library exporter encountered a generic type. Generic classes may not be exposed to COM.
Type library exporter warning processing 'Castle.MicroKernel.Registration.Lifestyle.LifestyleGroup`1, Castle.Windsor'. Warning: Type library exporter encountered a generic type. Generic classes may not be exposed to COM.
Type library exporter warning processing 'Castle.MicroKernel.Registration.Interceptor.InterceptorGroup`1, Castle.Windsor'. Warning: Type library exporter encountered a generic type. Generic classes may not be exposed to COM.
Type library exporter warning processing 'Castle.MicroKernel.ModelBuilder.Descriptors.AbstractOverwriteableDescriptor`1, Castle.Windsor'. Warning: Type library exporter encountered a generic type. Generic classes may not be exposed to COM.
Type library exporter warning processing 'Castle.MicroKernel.ModelBuilder.Descriptors.AttributeDescriptor`1, Castle.Windsor'. Warning: Type library exporter encountered a generic type. Generic classes may not be exposed to COM.
Type library exporter warning processing 'Castle.MicroKernel.ModelBuilder.Descriptors.AttributeKeyDescriptor`1, Castle.Windsor'. Warning: Type library exporter encountered a generic type. Generic classes may not be exposed to COM.
Type library exporter warning processing 'Castle.MicroKernel.ModelBuilder.Descriptors.LifestyleDescriptor`1, Castle.Windsor'. Warning: Type library exporter encountered a generic type. Generic classes may not be exposed to COM.
Type library exporter warning processing 'Castle.MicroKernel.ModelBuilder.Descriptors.OnCreateComponentDescriptor`1, Castle.Windsor'. Warning: Type library exporter encountered a generic type. Generic classes may not be exposed to COM.
Type library exporter warning processing 'Castle.MicroKernel.ModelBuilder.Descriptors.OnDestroyComponentDescriptor`1, Castle.Windsor'. Warning: Type library exporter encountered a generic type. Generic classes may not be exposed to COM.
Type library exporter warning processing 'Castle.MicroKernel.LifecycleConcerns.LateBoundConcerns`1, Castle.Windsor'. Warning: Type library exporter encountered a generic type. Generic classes may not be exposed to COM.
Type library exporter warning processing 'Castle.MicroKernel.LifecycleConcerns.LifecycleActionDelegate`1, Castle.Windsor'. Warning: Type library exporter encountered a generic type. Generic classes may not be exposed to COM.
Type library exporter warning processing 'Castle.MicroKernel.LifecycleConcerns.OnCreatedConcern`1, Castle.Windsor'. Warning: Type library exporter encountered a generic type. Generic classes may not be exposed to COM.
Type library exporter warning processing 'Castle.MicroKernel.LifecycleConcerns.OnDestroyConcern`1, Castle.Windsor'. Warning: Type library exporter encountered a generic type. Generic classes may not be exposed to COM.
Type library exporter warning processing 'Castle.MicroKernel.Internal.LazyEx`1, Castle.Windsor'. Warning: Type library exporter encountered a generic type. Generic classes may not be exposed to COM.
Type library exporter warning processing 'Castle.MicroKernel.ComponentActivator.FactoryMethodActivator`1, Castle.Windsor'. Warning: Type library exporter encountered a generic type. Generic classes may not be exposed to COM.
Type library exporter warning processing 'Castle.Core.Internal.IMutableCollection`1, Castle.Windsor'. Warning: Type library exporter encountered a generic type. Generic classes may not be exposed to COM.
Type library exporter warning processing 'Castle.Core.Internal.SegmentedList`1, Castle.Windsor'. Warning: Type library exporter encountered a generic type. Generic classes may not be exposed to COM.
Type library exporter warning processing 'Castle.Core.Internal.SimpleSortedSet`1, Castle.Windsor'. Warning: Type library exporter encountered a generic type. Generic classes may not be exposed to COM.
Type library exporter warning processing 'Castle.Core.Internal.SimpleThreadSafeCollection`1, Castle.Windsor'. Warning: Type library exporter encountered a generic type. Generic classes may not be exposed to COM.
Type library exporter warning processing 'Castle.Core.Internal.SimpleThreadSafeDictionary`2, Castle.Windsor'. Warning: Type library exporter encountered a generic type. Generic classes may not be exposed to COM.
Type library exporter warning processing 'Castle.Core.Internal.SimpleThreadSafeSet`1, Castle.Windsor'. Warning: Type library exporter encountered a generic type. Generic classes may not be exposed to COM.
Type library exporter warning processing 'Castle.MicroKernel.Registration.ComponentRegistration, Castle.Windsor'. Warning: Type library exporter encountered a type that derives from a generic class and is not marked as [ClassInterface(ClassInterfaceType.None)]. Class interfaces cannot be exposed for such types. Consider marking the type with [ClassInterface(ClassInterfaceType.None)] and exposing an explicit interface as the default interface to COM using the ComDefaultInterface attribute.
Type library exporter warning processing 'Castle.MicroKernel.LifecycleConcerns.LateBoundCommissionConcerns, Castle.Windsor'. Warning: Type library exporter encountered a type that derives from a generic class and is not marked as [ClassInterface(ClassInterfaceType.None)]. Class interfaces cannot be exposed for such types. Consider marking the type with [ClassInterface(ClassInterfaceType.None)] and exposing an explicit interface as the default interface to COM using the ComDefaultInterface attribute.
Type library exporter warning processing 'Castle.MicroKernel.LifecycleConcerns.LateBoundDecommissionConcerns, Castle.Windsor'. Warning: Type library exporter encountered a type that derives from a generic class and is not marked as [ClassInterface(ClassInterfaceType.None)]. Class interfaces cannot be exposed for such types. Consider marking the type with [ClassInterface(ClassInterfaceType.None)] and exposing an explicit interface as the default interface to COM using the ComDefaultInterface attribute.
Type library exporter warning processing 'Castle.Core.MethodMetaModelCollection, Castle.Windsor'. Warning: Type library exporter encountered a type that derives from a generic class and is not marked as [ClassInterface(ClassInterfaceType.None)]. Class interfaces cannot be exposed for such types. Consider marking the type with [ClassInterface(ClassInterfaceType.None)] and exposing an explicit interface as the default interface to COM using the ComDefaultInterface attribute.
Type library exporter warning processing 'Castle.Windsor.Diagnostics.IComponentDebuggerExtension.Attach(#0), Castle.Windsor'. Warning: Type library exporter encountered a generic type instance in a signature. Generic code may not be exported to COM.
Type library exporter warning processing 'Castle.Windsor.Diagnostics.IContainerDebuggerExtension.Attach(#0), Castle.Windsor'. Warning: Type library exporter encountered a generic type instance in a signature. Generic code may not be exported to COM.
Type library exporter warning processing 'Castle.Windsor.Diagnostics.ITrackedComponentsDiagnostic.add_TrackedInstancesRequested(value), Castle.Windsor'. Warning: Type library exporter encountered a generic type instance in a signature. Generic code may not be exported to COM.
Type library exporter warning processing 'Castle.Windsor.Diagnostics.ITrackedComponentsDiagnostic.remove_TrackedInstancesRequested(value), Castle.Windsor'. Warning: Type library exporter encountered a generic type instance in a signature. Generic code may not be exported to COM.
Type library exporter warning processing 'Castle.MicroKernel.Lifestyle.Pool.IPool.Request(creationCallback), Castle.Windsor'. Warning: Type library exporter encountered a generic type instance in a signature. Generic code may not be exported to COM.
Type library exporter warning processing 'Castle.Facilities.TypedFactory.ITypedFactoryComponentSelector.SelectComponent(#0), Castle.Windsor'. Warning: Type library exporter encountered a generic type instance in a signature. Generic code may not be exported to COM.
Type library exporter warning processing 'Castle.Core.Internal.IAssemblyProvider.GetAssemblies(#0), Castle.Windsor'. Warning: Type library exporter encountered a generic type instance in a signature. Generic code may not be exported to COM.
Type library exporter warning processing 'Castle.Core.Internal.ThreadSafeFlag.signaled, Castle.Windsor'. Warning: The public struct contains one or more non-public fields that will be exported.
Type library exporter warning processing 'NetCity.Common.ValueObjects.TermTypes.TermTypeProfileGradeset.<TermTypeId>k__BackingField, NetCity.Common'. Warning: The public struct contains one or more non-public fields that will be exported.
Type library exporter warning processing 'NetCity.Common.ValueObjects.Menu.Builders.IMenuObjectDisplayRules.get_CustomRules(#0), NetCity.Common'. Warning: Type library exporter encountered a generic type instance in a signature. Generic code may not be exported to COM.
Type library exporter warning processing 'NetCity.Common.ValueObjects.Menu.Builders.IMenuObjectDisplayRules.set_CustomRules(value), NetCity.Common'. Warning: Type library exporter encountered a generic type instance in a signature. Generic code may not be exported to COM.
Type library exporter warning processing 'NetCity.Common.ValueObjects.Menu.Builders.IMenuItemInfo.get_TabItems(#0), NetCity.Common'. Warning: Type library exporter encountered a generic type instance in a signature. Generic code may not be exported to COM.
Type library exporter warning processing 'NetCity.Common.ValueObjects.Menu.Builders.IMenuItemInfo.set_TabItems(value), NetCity.Common'. Warning: Type library exporter encountered a generic type instance in a signature. Generic code may not be exported to COM.
Type library exporter warning processing 'NetCity.Common.ValueObjects.Menu.Builders.IMenuItemInfo.get_SubMenus(#0), NetCity.Common'. Warning: Type library exporter encountered a generic type instance in a signature. Generic code may not be exported to COM.
Type library exporter warning processing 'NetCity.Common.ValueObjects.Menu.Builders.IMenuItemInfo.set_SubMenus(value), NetCity.Common'. Warning: Type library exporter encountered a generic type instance in a signature. Generic code may not be exported to COM.
Type library exporter warning processing 'NetCity.Common.Helpers.ICacheActualization.GetAll(#0), NetCity.Common'. Warning: Type library exporter encountered a generic type instance in a signature. Generic code may not be exported to COM.
Type library exporter warning processing 'NetCity.Common.Events.Data.IAuthorEventData.get_AuthorLoginEventId(#0), NetCity.Common'. Warning: Type library exporter encountered a generic type instance in a signature. Generic code may not be exported to COM.
Type library exporter warning processing 'NetCity.Common.Events.Data.Performance.Base.IClassmeetingBindedEventData.get_ClassmeetingId(#0), NetCity.Common'. Warning: Type library exporter encountered a generic type instance in a signature. Generic code may not be exported to COM.
Type library exporter warning processing 'NetCity.Common.Events.Data.Performance.Base.IClassmeetingBindedEventData.get_ClassmeetingDay(#0), NetCity.Common'. Warning: Type library exporter encountered a generic type instance in a signature. Generic code may not be exported to COM.
Type library exporter warning processing 'NetCity.Common.Configuration.Modules.IModule.GetTaskPoolDefinitions(#0), NetCity.Common'. Warning: Type library exporter encountered a generic type instance in a signature. Generic code may not be exported to COM.
Type library exporter warning processing 'NetCity.Common.Configuration.Modules.IModule.GetEmReports(#0), NetCity.Common'. Warning: Type library exporter encountered a generic type instance in a signature. Generic code may not be exported to COM.
Type library exporter warning processing 'NetCity.Common.Configuration.Modules.IModule.GetReports(#0), NetCity.Common'. Warning: Type library exporter encountered a generic type instance in a signature. Generic code may not be exported to COM.
Type library exporter warning processing 'NetCity.Common.Configuration.Modules.IModule.GetTabItems(#0), NetCity.Common'. Warning: Type library exporter encountered a generic type instance in a signature. Generic code may not be exported to COM.
Type library exporter warning processing 'NetCity.Common.Configuration.Modules.IModule.GetEntityMappings(#0), NetCity.Common'. Warning: Type library exporter encountered a generic type instance in a signature. Generic code may not be exported to COM.
Type library exporter warning processing 'NetCity.Common.Components.Abstraction.IGradingComponent.GetJournalFilters(#0), NetCity.Common'. Warning: Type library exporter encountered a generic type instance in a signature. Generic code may not be exported to COM.
Type library exporter warning processing 'NetCity.Common.Components.Abstraction.IGradingManager.InitManualYearSettings(weight), NetCity.Common'. Warning: Type library exporter encountered a generic type instance in a signature. Generic code may not be exported to COM.
Type library exporter warning processing 'NetCity.Common.Components.Abstraction.IGradingManager.CalcAvgMarks(#0), NetCity.Common'. Warning: Type library exporter encountered a generic type instance in a signature. Generic code may not be exported to COM.
Type library exporter warning processing 'NetCity.Common.Components.Abstraction.IGradingManager.GetTotalsGradingFunc(#0), NetCity.Common'. Warning: Type library exporter encountered a generic type instance in a signature. Generic code may not be exported to COM.
Type library exporter warning processing 'NetCity.Common.Components.Abstraction.ISecurityComponent.MarkUserToUpdateRights(userId), NetCity.Common'. Warning: Type library exporter encountered a generic type instance in a signature. Generic code may not be exported to COM.
Type library exporter warning processing 'NetCity.Common.Components.Abstraction.IServerSettingsComponent.SaveUserAuthorizationSettings(noticeStartDate), NetCity.Common'. Warning: Type library exporter encountered a generic type instance in a signature. Generic code may not be exported to COM.
Type library exporter warning processing 'NetCity.Common.Components.Abstraction.ISubjectGroupComponent.GetTermListForSubjectGroup(sgId), NetCity.Common'. Warning: Type library exporter encountered a generic type instance in a signature. Generic code may not be exported to COM.
Type library exporter warning processing 'NetCity.Common.Components.Abstraction.ISubjectGroupComponent.GetGradesForSubjectGroup(sgId), NetCity.Common'. Warning: Type library exporter encountered a generic type instance in a signature. Generic code may not be exported to COM.
Type library exporter warning processing 'NetCity.Common.Components.Abstraction.ISubjectGroupComponent.GetSubjectGroupsFilters(#0), NetCity.Common'. Warning: Type library exporter encountered a generic type instance in a signature. Generic code may not be exported to COM.
Type library exporter warning processing 'NetCity.Common.Components.Abstraction.ISubjectGroupComponent.GetExtraActivitySubjectGroupsFilters(#0), NetCity.Common'. Warning: Type library exporter encountered a generic type instance in a signature. Generic code may not be exported to COM.
Type library exporter warning processing 'NetCity.Common.ObjectModel.Nhibernate.Users.Documents.IIdentityDocument.get_IssueDate(#0), NetCity.Common'. Warning: Type library exporter encountered a generic type instance in a signature. Generic code may not be exported to COM.
Type library exporter warning processing 'NetCity.Common.ObjectModel.Nhibernate.Users.Documents.IIdentityDocument.set_IssueDate(value), NetCity.Common'. Warning: Type library exporter encountered a generic type instance in a signature. Generic code may not be exported to COM.
Type library exporter warning processing 'NetCity.Common.ObjectModel.Nhibernate.Users.Documents.IIdentityDocument.get_ExpireDate(#0), NetCity.Common'. Warning: Type library exporter encountered a generic type instance in a signature. Generic code may not be exported to COM.
Type library exporter warning processing 'NetCity.Common.ObjectModel.Nhibernate.Users.Documents.IIdentityDocument.set_ExpireDate(value), NetCity.Common'. Warning: Type library exporter encountered a generic type instance in a signature. Generic code may not be exported to COM.
Type library exporter warning processing 'NetCity.Common.Abstraction.WebObjects.IResponse.SetCookie(expireDate), NetCity.Common'. Warning: Type library exporter encountered a generic type instance in a signature. Generic code may not be exported to COM.
Type library exporter warning processing 'NetCity.Common.Abstraction.Security.IIdentityProviderClient.GetLoginUrl(queryParams), NetCity.Common'. Warning: Type library exporter encountered a generic type instance in a signature. Generic code may not be exported to COM.
Type library exporter warning processing 'NetCity.Common.Abstraction.Security.IIdentityProviderClient.GetAuthUrl(queryParams), NetCity.Common'. Warning: Type library exporter encountered a generic type instance in a signature. Generic code may not be exported to COM.
Assembly exported to 'C:\Program Files\NetCity2\Assemblies\NetCity.Common.tlb', and the type library was registered successfully

C:\Program Files\NetCity2\Assemblies>regasm /nologo /codebase /tlb NetCity.Common.Legacy.dll 
Types registered successfully
Assembly exported to 'C:\Program Files\NetCity2\Assemblies\NetCity.Common.Legacy.tlb', and the type library was registered successfully

C:\Program Files\NetCity2\Assemblies>regasm /nologo /silent NetCity.Common.ObjectModel.dll 

C:\Program Files\NetCity2\Assemblies>regasm /nologo /codebase NetCity.Language.dll 
RegAsm : warning RA0000 : Registering an unsigned assembly with /codebase can cause your assembly to interfere with other applications that may be installed on the same computer. The /codebase switch is intended to be used only with signed assemblies. Please give your assembly a strong name and re-register it.
Types registered successfully

C:\Program Files\NetCity2\Assemblies>regasm /nologo /codebase NS_DAComWrapper.dll 
Types registered successfully

C:\Program Files\NetCity2\Assemblies>regasm /nologo /codebase NetCity.ReportManager.dll 
Types registered successfully

C:\Program Files\NetCity2\Assemblies>regasm /nologo /codebase NetCity.Components.dll 
RegAsm : warning RA0000 : Registering an unsigned assembly with /codebase can cause your assembly to interfere with other applications that may be installed on the same computer. The /codebase switch is intended to be used only with signed assemblies. Please give your assembly a strong name and re-register it.
Types registered successfully

C:\Program Files\NetCity2\Assemblies>regasm /nologo /codebase /tlb NetCity.Integration.LACC.dll 
RegAsm : warning RA0000 : Registering an unsigned assembly with /codebase can cause your assembly to interfere with other applications that may be installed on the same computer. The /codebase switch is intended to be used only with signed assemblies. Please give your assembly a strong name and re-register it.
Types registered successfully
Assembly exported to 'C:\Program Files\NetCity2\Assemblies\NetCity.Integration.LACC.tlb', and the type library was registered successfully

---------------------------------------------
17-03-2023 17:32:57 Óäàëåíèå ñáîðîê èç GAC

C:\Program Files\NetCity2\Assemblies>regasm /u /nologo NetCity.Components.dll 
RegAsm : error RA0000 : Unable to locate input assembly 'NetCity.Components.dll' or one of its dependencies.

C:\Program Files\NetCity2\Assemblies>regasm /u /nologo NetCity.ReportManager.dll 
RegAsm : error RA0000 : Unable to locate input assembly 'NetCity.ReportManager.dll' or one of its dependencies.

C:\Program Files\NetCity2\Assemblies>regasm /u /nologo NS_DAComWrapper.dll 
RegAsm : error RA0000 : Unable to locate input assembly 'NS_DAComWrapper.dll' or one of its dependencies.

C:\Program Files\NetCity2\Assemblies>regasm /u /nologo NetCity.Language.dll 
RegAsm : error RA0000 : Unable to locate input assembly 'NetCity.Language.dll' or one of its dependencies.

C:\Program Files\NetCity2\Assemblies>gacutil /nologo /u NetCity.Language 

C:\Program Files\NetCity2\Assemblies>regasm /u /nologo NetCity.Common.ObjectModel.dll 
RegAsm : error RA0000 : Unable to locate input assembly 'NetCity.Common.ObjectModel.dll' or one of its dependencies.

C:\Program Files\NetCity2\Assemblies>regasm /u /nologo NetCity.Common.Legacy.dll 
RegAsm : error RA0000 : Unable to locate input assembly 'NetCity.Common.Legacy.dll' or one of its dependencies.

C:\Program Files\NetCity2\Assemblies>regasm /u /nologo NetCity.Common.dll 
RegAsm : error RA0000 : Unable to locate input assembly 'NetCity.Common.dll' or one of its dependencies.

C:\Program Files\NetCity2\Assemblies>gacutil /nologo /u NetCity.Common 

C:\Program Files\NetCity2\Assemblies>regasm /u /nologo NetCity.Integration.LACC.dll 
RegAsm : error RA0000 : Unable to locate input assembly 'NetCity.Integration.LACC.dll' or one of its dependencies.

C:\Program Files\NetCity2\Assemblies>gacutil /nologo /u FluentNHibernate 

C:\Program Files\NetCity2\Assemblies>gacutil /nologo /u NHibernate 

C:\Program Files\NetCity2\Assemblies>reg.exe delete "HKEY_CLASSES_ROOT\TypeLib\{4825FF42-D8F9-4B30-9115-FE4445130FB6}" /f 
Ž¯¥à æ¨ï ãá¯¥è­® § ¢¥àè¥­ .

---------------------------------------------
17-03-2023 17:34:38 Ðåãèñòðàöèÿ ñáîðîê â GAC, v5.13.64394

C:\Program Files\NetCity2\Assemblies>echo Registering third party libraries... 
Registering third party libraries...

C:\Program Files\NetCity2\Assemblies>gacutil /nologo /i adodb.dll 

C:\Program Files\NetCity2\Assemblies>gacutil /nologo /i log4net.dll 

C:\Program Files\NetCity2\Assemblies>gacutil /nologo /i Castle.Windsor.dll 

C:\Program Files\NetCity2\Assemblies>gacutil /nologo /i Castle.Core.dll 

C:\Program Files\NetCity2\Assemblies>gacutil /nologo /i Newtonsoft.Json.dll 

C:\Program Files\NetCity2\Assemblies>gacutil /nologo /i Interop.ASPTypeLibrary.dll 

C:\Program Files\NetCity2\Assemblies>gacutil /nologo /i NPOI.dll 

C:\Program Files\NetCity2\Assemblies>gacutil /nologo /i System.Threading.dll 

C:\Program Files\NetCity2\Assemblies>gacutil /nologo /i ICSharpCode.SharpZipLib.dll 

C:\Program Files\NetCity2\Assemblies>gacutil /nologo /i Iesi.Collections.dll 

C:\Program Files\NetCity2\Assemblies>gacutil /nologo /i FirebirdSql.Data.FirebirdClient.dll 

C:\Program Files\NetCity2\Assemblies>gacutil /nologo /i JamaaTech.Smpp.Net.Client.v1.4.dll 

C:\Program Files\NetCity2\Assemblies>gacutil /nologo /i JamaaTech.Smpp.Net.Lib.v1.4.dll 

C:\Program Files\NetCity2\Assemblies>echo Registering Assemblies... 
Registering Assemblies...

C:\Program Files\NetCity2\Assemblies>regasm /nologo /codebase /tlb NetCity.Infrastructure.Common.dll 
Types registered successfully
Type library exporter warning processing 'NetCity.WebServices.WebApi.DTO.FileUpload`1, NetCity.Infrastructure.Common'. Warning: Type library exporter encountered a generic type. Generic classes may not be exposed to COM.
Type library exporter warning processing 'NetCity.Infrastructure.Common.Model.CRUD`1, NetCity.Infrastructure.Common'. Warning: Type library exporter encountered a generic type. Generic classes may not be exposed to COM.
Type library exporter warning processing 'NetCity.Infrastructure.Common.Enums.EnumHelper+EnumIntEqualityComparer`1, NetCity.Infrastructure.Common'. Warning: Type library exporter encountered a generic type. Generic classes may not be exposed to COM.
Type library exporter warning processing 'Microsoft.Extensions.Configuration.IConfiguration.GetChildren(#0), Microsoft.Extensions.Configuration.Abstractions'. Warning: Type library exporter encountered a generic type instance in a signature. Generic code may not be exported to COM.
Type library exporter warning processing 'Microsoft.Extensions.Primitives.IChangeToken.RegisterChangeCallback(callback), Microsoft.Extensions.Primitives'. Warning: Type library exporter encountered a generic type instance in a signature. Generic code may not be exported to COM.
Type library exporter warning processing 'Microsoft.Extensions.Primitives.InplaceStringBuilder._offset(#1), Microsoft.Extensions.Primitives'. Warning: The public struct contains one or more non-public fields that will be exported.
Type library exporter warning processing 'Microsoft.Extensions.Primitives.StringSegment.<Buffer>k__BackingField(#1), Microsoft.Extensions.Primitives'. Warning: The public struct contains one or more non-public fields that will be exported.
Type library exporter warning processing 'Microsoft.Extensions.Primitives.StringTokenizer._value(#1), Microsoft.Extensions.Primitives'. Warning: The public struct contains one or more non-public fields that will be exported.
Type library exporter warning processing 'Microsoft.Extensions.Primitives.StringValues._values(#1), Microsoft.Extensions.Primitives'. Warning: The public struct contains one or more non-public fields that will be exported.
Type library exporter warning processing 'Microsoft.Extensions.Primitives.StringTokenizer+Enumerator._value(#1), Microsoft.Extensions.Primitives'. Warning: The public struct contains one or more non-public fields that will be exported.
Type library exporter warning processing 'Microsoft.Extensions.Primitives.StringValues+Enumerator._values(#1), Microsoft.Extensions.Primitives'. Warning: The public struct contains one or more non-public fields that will be exported.
Type library exporter warning processing 'Microsoft.Extensions.Configuration.IConfigurationBuilder.get_Properties(#0), Microsoft.Extensions.Configuration.Abstractions'. Warning: Type library exporter encountered a generic type instance in a signature. Generic code may not be exported to COM.
Type library exporter warning processing 'Microsoft.Extensions.Configuration.IConfigurationBuilder.get_Sources(#0), Microsoft.Extensions.Configuration.Abstractions'. Warning: Type library exporter encountered a generic type instance in a signature. Generic code may not be exported to COM.
Type library exporter warning processing 'Microsoft.Extensions.Configuration.IConfigurationProvider.GetChildKeys(#0), Microsoft.Extensions.Configuration.Abstractions'. Warning: Type library exporter encountered a generic type instance in a signature. Generic code may not be exported to COM.
Type library exporter warning processing 'Microsoft.Extensions.Configuration.IConfigurationRoot.get_Providers(#0), Microsoft.Extensions.Configuration.Abstractions'. Warning: Type library exporter encountered a generic type instance in a signature. Generic code may not be exported to COM.
Type library exporter warning processing 'NetCity.Infrastructure.Common.Components.ITempFileProvider.SaveAsync(#0), NetCity.Infrastructure.Common'. Warning: Type library exporter encountered a generic type instance in a signature. Generic code may not be exported to COM.
Type library exporter warning processing 'NetCity.Infrastructure.Common.Components.ITempFileProvider.SaveTTLAsync(#0), NetCity.Infrastructure.Common'. Warning: Type library exporter encountered a generic type instance in a signature. Generic code may not be exported to COM.
Type library exporter warning processing 'NetCity.Infrastructure.Common.Components.ITempFileProvider.LoadAsync(#0), NetCity.Infrastructure.Common'. Warning: Type library exporter encountered a generic type instance in a signature. Generic code may not be exported to COM.
Type library exporter warning processing 'NetCity.Common.Components.IComponentManager.ResolveAll(#0), NetCity.Infrastructure.Common'. Warning: Type library exporter encountered a generic type instance in a signature. Generic code may not be exported to COM.
Type library exporter warning processing 'NetCity.Infrastructure.Common.Helpers.AsyncHelpers+NoSynchronizationContextScope+Disposable._synchronizationContext, NetCity.Infrastructure.Common'. Warning: The public struct contains one or more non-public fields that will be exported.
Assembly exported to 'C:\Program Files\NetCity2\Assemblies\NetCity.Infrastructure.Common.tlb', and the type library was registered successfully

C:\Program Files\NetCity2\Assemblies>regasm /nologo /codebase /tlb NetCity.Common.dll 
Types registered successfully
Type library exporter warning processing 'NetCity.Common.ValueObjects.Menu.Builders.DisplayRulesBuilder`1, NetCity.Common'. Warning: Type library exporter encountered a generic type. Generic classes may not be exposed to COM.
Type library exporter warning processing 'NetCity.Common.StorageTypes.AbstractCache`2, NetCity.Common'. Warning: Type library exporter encountered a generic type. Generic classes may not be exposed to COM.
Type library exporter warning processing 'NetCity.Common.StorageTypes.CommonCache`1, NetCity.Common'. Warning: Type library exporter encountered a generic type. Generic classes may not be exposed to COM.
Type library exporter warning processing 'NetCity.Common.Specs.AndSpecification`1, NetCity.Common'. Warning: Type library exporter encountered a generic type. Generic classes may not be exposed to COM.
Type library exporter warning processing 'NetCity.Common.Specs.RelatedSpecBuilder`1, NetCity.Common'. Warning: Type library exporter encountered a generic type. Generic classes may not be exposed to COM.
Type library exporter warning processing 'NetCity.Common.Specs.FalseSpecification`1, NetCity.Common'. Warning: Type library exporter encountered a generic type. Generic classes may not be exposed to COM.
Type library exporter warning processing 'NetCity.Common.Specs.ISpecification`1, NetCity.Common'. Warning: Type library exporter encountered a generic type. Generic classes may not be exposed to COM.
Type library exporter warning processing 'NetCity.Common.Specs.NotSpecification`1, NetCity.Common'. Warning: Type library exporter encountered a generic type. Generic classes may not be exposed to COM.
Type library exporter warning processing 'NetCity.Common.Specs.OrSpecification`1, NetCity.Common'. Warning: Type library exporter encountered a generic type. Generic classes may not be exposed to COM.
Type library exporter warning processing 'NetCity.Common.Specs.SimpleSpec`1, NetCity.Common'. Warning: Type library exporter encountered a generic type. Generic classes may not be exposed to COM.
Type library exporter warning processing 'NetCity.Common.Specs.TrueSpecification`1, NetCity.Common'. Warning: Type library exporter encountered a generic type. Generic classes may not be exposed to COM.
Type library exporter warning processing 'NetCity.Common.Helpers.Comparer.PropertyState`1, NetCity.Common'. Warning: Type library exporter encountered a generic type. Generic classes may not be exposed to COM.
Type library exporter warning processing 'NetCity.Common.Helpers.Comparer.DeepPropertyState`1, NetCity.Common'. Warning: Type library exporter encountered a generic type. Generic classes may not be exposed to COM.
Type library exporter warning processing 'NetCity.Common.Helpers.Comparer.State`1, NetCity.Common'. Warning: Type library exporter encountered a generic type. Generic classes may not be exposed to COM.
Type library exporter warning processing 'NetCity.Common.Helpers.Comparer.Variation`1, NetCity.Common'. Warning: Type library exporter encountered a generic type. Generic classes may not be exposed to COM.
Type library exporter warning processing 'NetCity.Common.Abstraction.Commands.ICommand`1, NetCity.Common'. Warning: Type library exporter encountered a generic type. Generic classes may not be exposed to COM.
Type library exporter warning processing 'NetCity.Common.Abstraction.Commands.ICommandWithResult`2, NetCity.Common'. Warning: Type library exporter encountered a generic type. Generic classes may not be exposed to COM.
Type library exporter warning processing 'NetCity.Common.ObjectModel.Nhibernate.Entity+IdEqualityComparer`1, NetCity.Common'. Warning: Type library exporter encountered a generic type. Generic classes may not be exposed to COM.
Type library exporter warning processing 'NetCity.Common.Implementation.DictionaryConverter, NetCity.Common'. Warning: Type library exporter encountered a type that derives from a generic class and is not marked as [ClassInterface(ClassInterfaceType.None)]. Class interfaces cannot be exposed for such types. Consider marking the type with [ClassInterface(ClassInterfaceType.None)] and exposing an explicit interface as the default interface to COM using the ComDefaultInterface attribute.
Type library exporter warning processing 'NetCity.Common.Implementation.StorageJsonConverter, NetCity.Common'. Warning: Type library exporter encountered a type that derives from a generic class and is not marked as [ClassInterface(ClassInterfaceType.None)]. Class interfaces cannot be exposed for such types. Consider marking the type with [ClassInterface(ClassInterfaceType.None)] and exposing an explicit interface as the default interface to COM using the ComDefaultInterface attribute.
Type library exporter warning processing 'NetCity.Common.Components.Abstraction.TokenManager.RemoteActions.TestTMRemoteFunc, NetCity.Common'. Warning: Type library exporter encountered a type that derives from a generic class and is not marked as [ClassInterface(ClassInterfaceType.None)]. Class interfaces cannot be exposed for such types. Consider marking the type with [ClassInterface(ClassInterfaceType.None)] and exposing an explicit interface as the default interface to COM using the ComDefaultInterface attribute.
Type library exporter warning processing 'NetCity.Common.ValueObjects.Menu.Builders.MenuItemBuilder+MenuItemDisplayRulesBuilder, NetCity.Common'. Warning: Type library exporter encountered a type that derives from a generic class and is not marked as [ClassInterface(ClassInterfaceType.None)]. Class interfaces cannot be exposed for such types. Consider marking the type with [ClassInterface(ClassInterfaceType.None)] and exposing an explicit interface as the default interface to COM using the ComDefaultInterface attribute.
Type library exporter warning processing 'NetCity.Common.ValueObjects.Menu.Builders.MenuItemBuilder+TabItemBuilder+TabItemDisplayRulesBuilder, NetCity.Common'. Warning: Type library exporter encountered a type that derives from a generic class and is not marked as [ClassInterface(ClassInterfaceType.None)]. Class interfaces cannot be exposed for such types. Consider marking the type with [ClassInterface(ClassInterfaceType.None)] and exposing an explicit interface as the default interface to COM using the ComDefaultInterface attribute.
Type library exporter warning processing 'NetCity.Common.ValueObjects.Menu.Builders.IMenuObjectDisplayRules.get_CustomRules(#0), NetCity.Common'. Warning: Type library exporter encountered a generic type instance in a signature. Generic code may not be exported to COM.
Type library exporter warning processing 'NetCity.Common.ValueObjects.Menu.Builders.IMenuObjectDisplayRules.set_CustomRules(value), NetCity.Common'. Warning: Type library exporter encountered a generic type instance in a signature. Generic code may not be exported to COM.
Type library exporter warning processing 'NetCity.Common.ValueObjects.Menu.Builders.IMenuItemInfo.get_TabItems(#0), NetCity.Common'. Warning: Type library exporter encountered a generic type instance in a signature. Generic code may not be exported to COM.
Type library exporter warning processing 'NetCity.Common.ValueObjects.Menu.Builders.IMenuItemInfo.set_TabItems(value), NetCity.Common'. Warning: Type library exporter encountered a generic type instance in a signature. Generic code may not be exported to COM.
Type library exporter warning processing 'NetCity.Common.ValueObjects.Menu.Builders.IMenuItemInfo.get_SubMenus(#0), NetCity.Common'. Warning: Type library exporter encountered a generic type instance in a signature. Generic code may not be exported to COM.
Type library exporter warning processing 'NetCity.Common.ValueObjects.Menu.Builders.IMenuItemInfo.set_SubMenus(value), NetCity.Common'. Warning: Type library exporter encountered a generic type instance in a signature. Generic code may not be exported to COM.
Type library exporter warning processing 'NetCity.Common.Helpers.ICacheActualization.GetAll(#0), NetCity.Common'. Warning: Type library exporter encountered a generic type instance in a signature. Generic code may not be exported to COM.
Type library exporter warning processing 'NetCity.Common.Events.Data.IAuthorEventData.get_AuthorLoginEventId(#0), NetCity.Common'. Warning: Type library exporter encountered a generic type instance in a signature. Generic code may not be exported to COM.
Type library exporter warning processing 'NetCity.Common.Events.Data.Performance.Base.IClassmeetingBindedEventData.get_ClassmeetingId(#0), NetCity.Common'. Warning: Type library exporter encountered a generic type instance in a signature. Generic code may not be exported to COM.
Type library exporter warning processing 'NetCity.Common.Events.Data.Performance.Base.IClassmeetingBindedEventData.get_ClassmeetingDay(#0), NetCity.Common'. Warning: Type library exporter encountered a generic type instance in a signature. Generic code may not be exported to COM.
Type library exporter warning processing 'NetCity.Common.Configuration.Modules.IModule.GetTaskPoolDefinitions(#0), NetCity.Common'. Warning: Type library exporter encountered a generic type instance in a signature. Generic code may not be exported to COM.
Type library exporter warning processing 'NetCity.Common.Configuration.Modules.IModule.GetEmReports(#0), NetCity.Common'. Warning: Type library exporter encountered a generic type instance in a signature. Generic code may not be exported to COM.
Type library exporter warning processing 'NetCity.Common.Configuration.Modules.IModule.GetReports(#0), NetCity.Common'. Warning: Type library exporter encountered a generic type instance in a signature. Generic code may not be exported to COM.
Type library exporter warning processing 'NetCity.Common.Configuration.Modules.IModule.GetTabItems(#0), NetCity.Common'. Warning: Type library exporter encountered a generic type instance in a signature. Generic code may not be exported to COM.
Type library exporter warning processing 'NetCity.Common.Configuration.Modules.IModule.GetEntityMappings(#0), NetCity.Common'. Warning: Type library exporter encountered a generic type instance in a signature. Generic code may not be exported to COM.
Type library exporter warning processing 'NetCity.Common.Configuration.Modules.IModule.GetProducingMessages(#0), NetCity.Common'. Warning: Type library exporter encountered a generic type instance in a signature. Generic code may not be exported to COM.
Type library exporter warning processing 'NetCity.Common.Configuration.Modules.IModule.GetMessageConsumers(#0), NetCity.Common'. Warning: Type library exporter encountered a generic type instance in a signature. Generic code may not be exported to COM.
Type library exporter warning processing 'NetCity.Common.Components.Abstraction.IGradingManager.InitManualYearSettings(weight), NetCity.Common'. Warning: Type library exporter encountered a generic type instance in a signature. Generic code may not be exported to COM.
Type library exporter warning processing 'NetCity.Common.Components.Abstraction.IGradingManager.CalcAvgMarks(#0), NetCity.Common'. Warning: Type library exporter encountered a generic type instance in a signature. Generic code may not be exported to COM.
Type library exporter warning processing 'NetCity.Common.Components.Abstraction.IGradingManager.GetTotalsGradingFunc(#0), NetCity.Common'. Warning: Type library exporter encountered a generic type instance in a signature. Generic code may not be exported to COM.
Type library exporter warning processing 'NetCity.Common.Components.Abstraction.ISecurityComponent.MarkUserToUpdateRights(userId), NetCity.Common'. Warning: Type library exporter encountered a generic type instance in a signature. Generic code may not be exported to COM.
Type library exporter warning processing 'NetCity.Common.Components.Abstraction.IServerSettingsComponent.SaveUserAuthorizationSettings(noticeStartDate), NetCity.Common'. Warning: Type library exporter encountered a generic type instance in a signature. Generic code may not be exported to COM.
Type library exporter warning processing 'NetCity.Common.ObjectModel.Nhibernate.Users.Documents.IIdentityDocument.get_IssueDate(#0), NetCity.Common'. Warning: Type library exporter encountered a generic type instance in a signature. Generic code may not be exported to COM.
Type library exporter warning processing 'NetCity.Common.ObjectModel.Nhibernate.Users.Documents.IIdentityDocument.set_IssueDate(value), NetCity.Common'. Warning: Type library exporter encountered a generic type instance in a signature. Generic code may not be exported to COM.
Type library exporter warning processing 'NetCity.Common.ObjectModel.Nhibernate.Users.Documents.IIdentityDocument.get_ExpireDate(#0), NetCity.Common'. Warning: Type library exporter encountered a generic type instance in a signature. Generic code may not be exported to COM.
Type library exporter warning processing 'NetCity.Common.ObjectModel.Nhibernate.Users.Documents.IIdentityDocument.set_ExpireDate(value), NetCity.Common'. Warning: Type library exporter encountered a generic type instance in a signature. Generic code may not be exported to COM.
Type library exporter warning processing 'NetCity.Common.Abstraction.WebObjects.IResponse.SetCookie(expireDate), NetCity.Common'. Warning: Type library exporter encountered a generic type instance in a signature. Generic code may not be exported to COM.
Type library exporter warning processing 'NetCity.Common.Abstraction.Security.IIdentityProviderClient.GetLoginUrl(queryParams), NetCity.Common'. Warning: Type library exporter encountered a generic type instance in a signature. Generic code may not be exported to COM.
Type library exporter warning processing 'NetCity.Common.Abstraction.Security.IIdentityProviderClient.GetAuthUrl(queryParams), NetCity.Common'. Warning: Type library exporter encountered a generic type instance in a signature. Generic code may not be exported to COM.
Type library exporter warning processing 'NetCity.Common.Abstraction.Security.Principal.IEmUserPrincipal.get_AuthorityType(#0), NetCity.Common'. Warning: Type library exporter encountered a generic type instance in a signature. Generic code may not be exported to COM.
Type library exporter warning processing 'NetCity.Common.Abstraction.Security.Principal.IEmUserPrincipal.set_AuthorityType(value), NetCity.Common'. Warning: Type library exporter encountered a generic type instance in a signature. Generic code may not be exported to COM.
Assembly exported to 'C:\Program Files\NetCity2\Assemblies\NetCity.Common.tlb', and the type library was registered successfully

C:\Program Files\NetCity2\Assemblies>regasm /nologo /codebase /tlb NetCity.Common.Legacy.dll 
Types registered successfully
Assembly exported to 'C:\Program Files\NetCity2\Assemblies\NetCity.Common.Legacy.tlb', and the type library was registered successfully

C:\Program Files\NetCity2\Assemblies>regasm /nologo /silent NetCity.Common.ObjectModel.dll 

C:\Program Files\NetCity2\Assemblies>regasm /nologo /codebase NetCity.Language.dll 
RegAsm : warning RA0000 : Registering an unsigned assembly with /codebase can cause your assembly to interfere with other applications that may be installed on the same computer. The /codebase switch is intended to be used only with signed assemblies. Please give your assembly a strong name and re-register it.
Types registered successfully

C:\Program Files\NetCity2\Assemblies>regasm /nologo /codebase NS_DAComWrapper.dll 
Types registered successfully

C:\Program Files\NetCity2\Assemblies>regasm /nologo /codebase NetCity.ReportManager.dll 
RegAsm : warning RA0000 : Registering an unsigned assembly with /codebase can cause your assembly to interfere with other applications that may be installed on the same computer. The /codebase switch is intended to be used only with signed assemblies. Please give your assembly a strong name and re-register it.
Types registered successfully

C:\Program Files\NetCity2\Assemblies>regasm /nologo /codebase NetCity.Components.dll 
RegAsm : warning RA0000 : Registering an unsigned assembly with /codebase can cause your assembly to interfere with other applications that may be installed on the same computer. The /codebase switch is intended to be used only with signed assemblies. Please give your assembly a strong name and re-register it.
Types registered successfully

C:\Program Files\NetCity2\Assemblies>regasm /nologo /codebase /tlb NetCity.Integration.LACC.dll 
RegAsm : warning RA0000 : Registering an unsigned assembly with /codebase can cause your assembly to interfere with other applications that may be installed on the same computer. The /codebase switch is intended to be used only with signed assemblies. Please give your assembly a strong name and re-register it.
Types registered successfully
Assembly exported to 'C:\Program Files\NetCity2\Assemblies\NetCity.Integration.LACC.tlb', and the type library was registered successfully

---------------------------------------------
11-04-2023 23:40:53 Óäàëåíèå ñáîðîê èç GAC

C:\Program Files\NetCity2\Assemblies>regasm /u /nologo NetCity.Components.dll 
RegAsm : error RA0000 : ¥ ã¤ «®áì ­ ©â¨ ¢å®¤­ãî á¡®àªã "NetCity.Components.dll" ¨«¨ ®¤­ã ¨§ ¥¥ § ¢¨á¨¬ëå á¡®à®ª.

C:\Program Files\NetCity2\Assemblies>regasm /u /nologo NetCity.ReportManager.dll 
RegAsm : error RA0000 : ¥ ã¤ «®áì ­ ©â¨ ¢å®¤­ãî á¡®àªã "NetCity.ReportManager.dll" ¨«¨ ®¤­ã ¨§ ¥¥ § ¢¨á¨¬ëå á¡®à®ª.

C:\Program Files\NetCity2\Assemblies>regasm /u /nologo NS_DAComWrapper.dll 
RegAsm : error RA0000 : ¥ ã¤ «®áì ­ ©â¨ ¢å®¤­ãî á¡®àªã "NS_DAComWrapper.dll" ¨«¨ ®¤­ã ¨§ ¥¥ § ¢¨á¨¬ëå á¡®à®ª.

C:\Program Files\NetCity2\Assemblies>regasm /u /nologo NetCity.Language.dll 
RegAsm : error RA0000 : ¥ ã¤ «®áì ­ ©â¨ ¢å®¤­ãî á¡®àªã "NetCity.Language.dll" ¨«¨ ®¤­ã ¨§ ¥¥ § ¢¨á¨¬ëå á¡®à®ª.

C:\Program Files\NetCity2\Assemblies>gacutil /nologo /u NetCity.Language 

C:\Program Files\NetCity2\Assemblies>regasm /u /nologo NetCity.Common.ObjectModel.dll 
RegAsm : error RA0000 : ¥ ã¤ «®áì ­ ©â¨ ¢å®¤­ãî á¡®àªã "NetCity.Common.ObjectModel.dll" ¨«¨ ®¤­ã ¨§ ¥¥ § ¢¨á¨¬ëå á¡®à®ª.

C:\Program Files\NetCity2\Assemblies>regasm /u /nologo NetCity.Common.Legacy.dll 
RegAsm : error RA0000 : ¥ ã¤ «®áì ­ ©â¨ ¢å®¤­ãî á¡®àªã "NetCity.Common.Legacy.dll" ¨«¨ ®¤­ã ¨§ ¥¥ § ¢¨á¨¬ëå á¡®à®ª.

C:\Program Files\NetCity2\Assemblies>regasm /u /nologo NetCity.Common.dll 
RegAsm : error RA0000 : ¥ ã¤ «®áì ­ ©â¨ ¢å®¤­ãî á¡®àªã "NetCity.Common.dll" ¨«¨ ®¤­ã ¨§ ¥¥ § ¢¨á¨¬ëå á¡®à®ª.

C:\Program Files\NetCity2\Assemblies>gacutil /nologo /u NetCity.Common 

C:\Program Files\NetCity2\Assemblies>regasm /u /nologo NetCity.Integration.LACC.dll 
RegAsm : error RA0000 : ¥ ã¤ «®áì ­ ©â¨ ¢å®¤­ãî á¡®àªã "NetCity.Integration.LACC.dll" ¨«¨ ®¤­ã ¨§ ¥¥ § ¢¨á¨¬ëå á¡®à®ª.

C:\Program Files\NetCity2\Assemblies>gacutil /nologo /u FluentNHibernate 

C:\Program Files\NetCity2\Assemblies>gacutil /nologo /u NHibernate 

C:\Program Files\NetCity2\Assemblies>reg.exe delete "HKEY_CLASSES_ROOT\TypeLib\{4825FF42-D8F9-4B30-9115-FE4445130FB6}" /f 
Ž¯¥à æ¨ï ãá¯¥è­® § ¢¥àè¥­ .

---------------------------------------------
11-04-2023 23:42:58 Ðåãèñòðàöèÿ ñáîðîê â GAC, v5.14.65351

C:\Program Files\NetCity2\Assemblies>echo Registering third party libraries... 
Registering third party libraries...

C:\Program Files\NetCity2\Assemblies>gacutil /nologo /i adodb.dll 

C:\Program Files\NetCity2\Assemblies>gacutil /nologo /i log4net.dll 

C:\Program Files\NetCity2\Assemblies>gacutil /nologo /i Castle.Windsor.dll 

C:\Program Files\NetCity2\Assemblies>gacutil /nologo /i Castle.Core.dll 

C:\Program Files\NetCity2\Assemblies>gacutil /nologo /i Newtonsoft.Json.dll 

C:\Program Files\NetCity2\Assemblies>gacutil /nologo /i Interop.ASPTypeLibrary.dll 

C:\Program Files\NetCity2\Assemblies>gacutil /nologo /i NPOI.dll 

C:\Program Files\NetCity2\Assemblies>gacutil /nologo /i System.Threading.dll 

C:\Program Files\NetCity2\Assemblies>gacutil /nologo /i ICSharpCode.SharpZipLib.dll 

C:\Program Files\NetCity2\Assemblies>gacutil /nologo /i Iesi.Collections.dll 

C:\Program Files\NetCity2\Assemblies>gacutil /nologo /i FirebirdSql.Data.FirebirdClient.dll 

C:\Program Files\NetCity2\Assemblies>gacutil /nologo /i JamaaTech.Smpp.Net.Client.v1.4.dll 

C:\Program Files\NetCity2\Assemblies>gacutil /nologo /i JamaaTech.Smpp.Net.Lib.v1.4.dll 

C:\Program Files\NetCity2\Assemblies>echo Registering Assemblies... 
Registering Assemblies...

C:\Program Files\NetCity2\Assemblies>regasm /nologo /codebase /tlb NetCity.Infrastructure.Common.dll 
’¨¯ë § à¥£¨áâà¨à®¢ ­ë ãá¯¥è­®
à¥¤ã¯à¥¦¤¥­¨¥ ¯à®£à ¬¬ë íªá¯®àâ  ¡¨¡«¨®â¥ª â¨¯®¢ ¯à¨ ®¡à ¡®âª¥ "NetCity.WebServices.WebApi.DTO.FileUpload`1, NetCity.Infrastructure.Common".  à¥¤ã¯à¥¦¤¥­¨¥: à®£à ¬¬  íªá¯®àâ  ¡¨¡«¨®â¥ª â¨¯®¢ ®¡­ àã¦¨«  ¡ §®¢ë© â¨¯.  §®¢ë¥ ª« ááë ­¥ ¬®£ãâ ¡ëâì ¯à¥¤®áâ ¢«¥­ë COM.
à¥¤ã¯à¥¦¤¥­¨¥ ¯à®£à ¬¬ë íªá¯®àâ  ¡¨¡«¨®â¥ª â¨¯®¢ ¯à¨ ®¡à ¡®âª¥ "NetCity.Infrastructure.Common.Model.CRUD`1, NetCity.Infrastructure.Common".  à¥¤ã¯à¥¦¤¥­¨¥: à®£à ¬¬  íªá¯®àâ  ¡¨¡«¨®â¥ª â¨¯®¢ ®¡­ àã¦¨«  ¡ §®¢ë© â¨¯.  §®¢ë¥ ª« ááë ­¥ ¬®£ãâ ¡ëâì ¯à¥¤®áâ ¢«¥­ë COM.
à¥¤ã¯à¥¦¤¥­¨¥ ¯à®£à ¬¬ë íªá¯®àâ  ¡¨¡«¨®â¥ª â¨¯®¢ ¯à¨ ®¡à ¡®âª¥ "NetCity.Infrastructure.Common.Enums.EnumHelper+EnumIntEqualityComparer`1, NetCity.Infrastructure.Common".  à¥¤ã¯à¥¦¤¥­¨¥: à®£à ¬¬  íªá¯®àâ  ¡¨¡«¨®â¥ª â¨¯®¢ ®¡­ àã¦¨«  ¡ §®¢ë© â¨¯.  §®¢ë¥ ª« ááë ­¥ ¬®£ãâ ¡ëâì ¯à¥¤®áâ ¢«¥­ë COM.
à¥¤ã¯à¥¦¤¥­¨¥ ¯à®£à ¬¬ë íªá¯®àâ  ¡¨¡«¨®â¥ª â¨¯®¢ ¯à¨ ®¡à ¡®âª¥ "NetCity.Infrastructure.Common.Components.ITempFileProvider.SaveAsync(#0), NetCity.Infrastructure.Common".  à¥¤ã¯à¥¦¤¥­¨¥: à®£à ¬¬  íªá¯®àâ  ¡¨¡«¨®â¥ª â¨¯®¢ ®¡­ àã¦¨«  íª§¥¬¯«ïà ¡ §®¢®£® â¨¯  ¢ á¨£­ âãà¥.  §®¢ë© ª®¤ ­¥ ¬®¦¥â ¡ëâì íªá¯®àâ¨à®¢ ­ ¢ COM.
à¥¤ã¯à¥¦¤¥­¨¥ ¯à®£à ¬¬ë íªá¯®àâ  ¡¨¡«¨®â¥ª â¨¯®¢ ¯à¨ ®¡à ¡®âª¥ "NetCity.Infrastructure.Common.Components.ITempFileProvider.SaveTTLAsync(#0), NetCity.Infrastructure.Common".  à¥¤ã¯à¥¦¤¥­¨¥: à®£à ¬¬  íªá¯®àâ  ¡¨¡«¨®â¥ª â¨¯®¢ ®¡­ àã¦¨«  íª§¥¬¯«ïà ¡ §®¢®£® â¨¯  ¢ á¨£­ âãà¥.  §®¢ë© ª®¤ ­¥ ¬®¦¥â ¡ëâì íªá¯®àâ¨à®¢ ­ ¢ COM.
à¥¤ã¯à¥¦¤¥­¨¥ ¯à®£à ¬¬ë íªá¯®àâ  ¡¨¡«¨®â¥ª â¨¯®¢ ¯à¨ ®¡à ¡®âª¥ "NetCity.Infrastructure.Common.Components.ITempFileProvider.LoadAsync(#0), NetCity.Infrastructure.Common".  à¥¤ã¯à¥¦¤¥­¨¥: à®£à ¬¬  íªá¯®àâ  ¡¨¡«¨®â¥ª â¨¯®¢ ®¡­ àã¦¨«  íª§¥¬¯«ïà ¡ §®¢®£® â¨¯  ¢ á¨£­ âãà¥.  §®¢ë© ª®¤ ­¥ ¬®¦¥â ¡ëâì íªá¯®àâ¨à®¢ ­ ¢ COM.
à¥¤ã¯à¥¦¤¥­¨¥ ¯à®£à ¬¬ë íªá¯®àâ  ¡¨¡«¨®â¥ª â¨¯®¢ ¯à¨ ®¡à ¡®âª¥ "NetCity.Common.Components.IComponentManager.ResolveAll(#0), NetCity.Infrastructure.Common".  à¥¤ã¯à¥¦¤¥­¨¥: à®£à ¬¬  íªá¯®àâ  ¡¨¡«¨®â¥ª â¨¯®¢ ®¡­ àã¦¨«  íª§¥¬¯«ïà ¡ §®¢®£® â¨¯  ¢ á¨£­ âãà¥.  §®¢ë© ª®¤ ­¥ ¬®¦¥â ¡ëâì íªá¯®àâ¨à®¢ ­ ¢ COM.
à¥¤ã¯à¥¦¤¥­¨¥ ¯à®£à ¬¬ë íªá¯®àâ  ¡¨¡«¨®â¥ª â¨¯®¢ ¯à¨ ®¡à ¡®âª¥ "NetCity.Infrastructure.Common.Helpers.AsyncHelpers+NoSynchronizationContextScope+Disposable._synchronizationContext, NetCity.Infrastructure.Common".  à¥¤ã¯à¥¦¤¥­¨¥: Žâªàëâ ï áâàãªâãà  á®¤¥à¦¨â ®¤­® ¨«¨ ­¥áª®«ìª® § ªàëâëå ¯®«¥©, ª®â®àë¥ ¡ã¤ãâ íªá¯®àâ¨à®¢ ­ë.
‘¡®àª  íªá¯®àâ¨à®¢ ­  ¢ "C:\Program Files\NetCity2\Assemblies\NetCity.Infrastructure.Common.tlb"; ¡¨¡«¨®â¥ª  â¨¯®¢ § à¥£¨áâà¨à®¢ ­  ãá¯¥è­®

C:\Program Files\NetCity2\Assemblies>regasm /nologo /codebase /tlb NetCity.Common.dll 
’¨¯ë § à¥£¨áâà¨à®¢ ­ë ãá¯¥è­®
à¥¤ã¯à¥¦¤¥­¨¥ ¯à®£à ¬¬ë íªá¯®àâ  ¡¨¡«¨®â¥ª â¨¯®¢ ¯à¨ ®¡à ¡®âª¥ "NetCity.Common.ValueObjects.Menu.Builders.DisplayRulesBuilder`1, NetCity.Common".  à¥¤ã¯à¥¦¤¥­¨¥: à®£à ¬¬  íªá¯®àâ  ¡¨¡«¨®â¥ª â¨¯®¢ ®¡­ àã¦¨«  ¡ §®¢ë© â¨¯.  §®¢ë¥ ª« ááë ­¥ ¬®£ãâ ¡ëâì ¯à¥¤®áâ ¢«¥­ë COM.
à¥¤ã¯à¥¦¤¥­¨¥ ¯à®£à ¬¬ë íªá¯®àâ  ¡¨¡«¨®â¥ª â¨¯®¢ ¯à¨ ®¡à ¡®âª¥ "NetCity.Common.StorageTypes.AbstractCache`2, NetCity.Common".  à¥¤ã¯à¥¦¤¥­¨¥: à®£à ¬¬  íªá¯®àâ  ¡¨¡«¨®â¥ª â¨¯®¢ ®¡­ àã¦¨«  ¡ §®¢ë© â¨¯.  §®¢ë¥ ª« ááë ­¥ ¬®£ãâ ¡ëâì ¯à¥¤®áâ ¢«¥­ë COM.
à¥¤ã¯à¥¦¤¥­¨¥ ¯à®£à ¬¬ë íªá¯®àâ  ¡¨¡«¨®â¥ª â¨¯®¢ ¯à¨ ®¡à ¡®âª¥ "NetCity.Common.StorageTypes.CommonCache`1, NetCity.Common".  à¥¤ã¯à¥¦¤¥­¨¥: à®£à ¬¬  íªá¯®àâ  ¡¨¡«¨®â¥ª â¨¯®¢ ®¡­ àã¦¨«  ¡ §®¢ë© â¨¯.  §®¢ë¥ ª« ááë ­¥ ¬®£ãâ ¡ëâì ¯à¥¤®áâ ¢«¥­ë COM.
à¥¤ã¯à¥¦¤¥­¨¥ ¯à®£à ¬¬ë íªá¯®àâ  ¡¨¡«¨®â¥ª â¨¯®¢ ¯à¨ ®¡à ¡®âª¥ "NetCity.Common.Specs.AndSpecification`1, NetCity.Common".  à¥¤ã¯à¥¦¤¥­¨¥: à®£à ¬¬  íªá¯®àâ  ¡¨¡«¨®â¥ª â¨¯®¢ ®¡­ àã¦¨«  ¡ §®¢ë© â¨¯.  §®¢ë¥ ª« ááë ­¥ ¬®£ãâ ¡ëâì ¯à¥¤®áâ ¢«¥­ë COM.
à¥¤ã¯à¥¦¤¥­¨¥ ¯à®£à ¬¬ë íªá¯®àâ  ¡¨¡«¨®â¥ª â¨¯®¢ ¯à¨ ®¡à ¡®âª¥ "NetCity.Common.Specs.RelatedSpecBuilder`1, NetCity.Common".  à¥¤ã¯à¥¦¤¥­¨¥: à®£à ¬¬  íªá¯®àâ  ¡¨¡«¨®â¥ª â¨¯®¢ ®¡­ àã¦¨«  ¡ §®¢ë© â¨¯.  §®¢ë¥ ª« ááë ­¥ ¬®£ãâ ¡ëâì ¯à¥¤®áâ ¢«¥­ë COM.
à¥¤ã¯à¥¦¤¥­¨¥ ¯à®£à ¬¬ë íªá¯®àâ  ¡¨¡«¨®â¥ª â¨¯®¢ ¯à¨ ®¡à ¡®âª¥ "NetCity.Common.Specs.FalseSpecification`1, NetCity.Common".  à¥¤ã¯à¥¦¤¥­¨¥: à®£à ¬¬  íªá¯®àâ  ¡¨¡«¨®â¥ª â¨¯®¢ ®¡­ àã¦¨«  ¡ §®¢ë© â¨¯.  §®¢ë¥ ª« ááë ­¥ ¬®£ãâ ¡ëâì ¯à¥¤®áâ ¢«¥­ë COM.
à¥¤ã¯à¥¦¤¥­¨¥ ¯à®£à ¬¬ë íªá¯®àâ  ¡¨¡«¨®â¥ª â¨¯®¢ ¯à¨ ®¡à ¡®âª¥ "NetCity.Common.Specs.ISpecification`1, NetCity.Common".  à¥¤ã¯à¥¦¤¥­¨¥: à®£à ¬¬  íªá¯®àâ  ¡¨¡«¨®â¥ª â¨¯®¢ ®¡­ àã¦¨«  ¡ §®¢ë© â¨¯.  §®¢ë¥ ª« ááë ­¥ ¬®£ãâ ¡ëâì ¯à¥¤®áâ ¢«¥­ë COM.
à¥¤ã¯à¥¦¤¥­¨¥ ¯à®£à ¬¬ë íªá¯®àâ  ¡¨¡«¨®â¥ª â¨¯®¢ ¯à¨ ®¡à ¡®âª¥ "NetCity.Common.Specs.NotSpecification`1, NetCity.Common".  à¥¤ã¯à¥¦¤¥­¨¥: à®£à ¬¬  íªá¯®àâ  ¡¨¡«¨®â¥ª â¨¯®¢ ®¡­ àã¦¨«  ¡ §®¢ë© â¨¯.  §®¢ë¥ ª« ááë ­¥ ¬®£ãâ ¡ëâì ¯à¥¤®áâ ¢«¥­ë COM.
à¥¤ã¯à¥¦¤¥­¨¥ ¯à®£à ¬¬ë íªá¯®àâ  ¡¨¡«¨®â¥ª â¨¯®¢ ¯à¨ ®¡à ¡®âª¥ "NetCity.Common.Specs.OrSpecification`1, NetCity.Common".  à¥¤ã¯à¥¦¤¥­¨¥: à®£à ¬¬  íªá¯®àâ  ¡¨¡«¨®â¥ª â¨¯®¢ ®¡­ àã¦¨«  ¡ §®¢ë© â¨¯.  §®¢ë¥ ª« ááë ­¥ ¬®£ãâ ¡ëâì ¯à¥¤®áâ ¢«¥­ë COM.
à¥¤ã¯à¥¦¤¥­¨¥ ¯à®£à ¬¬ë íªá¯®àâ  ¡¨¡«¨®â¥ª â¨¯®¢ ¯à¨ ®¡à ¡®âª¥ "NetCity.Common.Specs.SimpleSpec`1, NetCity.Common".  à¥¤ã¯à¥¦¤¥­¨¥: à®£à ¬¬  íªá¯®àâ  ¡¨¡«¨®â¥ª â¨¯®¢ ®¡­ àã¦¨«  ¡ §®¢ë© â¨¯.  §®¢ë¥ ª« ááë ­¥ ¬®£ãâ ¡ëâì ¯à¥¤®áâ ¢«¥­ë COM.
à¥¤ã¯à¥¦¤¥­¨¥ ¯à®£à ¬¬ë íªá¯®àâ  ¡¨¡«¨®â¥ª â¨¯®¢ ¯à¨ ®¡à ¡®âª¥ "NetCity.Common.Specs.TrueSpecification`1, NetCity.Common".  à¥¤ã¯à¥¦¤¥­¨¥: à®£à ¬¬  íªá¯®àâ  ¡¨¡«¨®â¥ª â¨¯®¢ ®¡­ àã¦¨«  ¡ §®¢ë© â¨¯.  §®¢ë¥ ª« ááë ­¥ ¬®£ãâ ¡ëâì ¯à¥¤®áâ ¢«¥­ë COM.
à¥¤ã¯à¥¦¤¥­¨¥ ¯à®£à ¬¬ë íªá¯®àâ  ¡¨¡«¨®â¥ª â¨¯®¢ ¯à¨ ®¡à ¡®âª¥ "NetCity.Common.Projects.SetOrderByExpProj`1, NetCity.Common".  à¥¤ã¯à¥¦¤¥­¨¥: à®£à ¬¬  íªá¯®àâ  ¡¨¡«¨®â¥ª â¨¯®¢ ®¡­ àã¦¨«  ¡ §®¢ë© â¨¯.  §®¢ë¥ ª« ááë ­¥ ¬®£ãâ ¡ëâì ¯à¥¤®áâ ¢«¥­ë COM.
à¥¤ã¯à¥¦¤¥­¨¥ ¯à®£à ¬¬ë íªá¯®àâ  ¡¨¡«¨®â¥ª â¨¯®¢ ¯à¨ ®¡à ¡®âª¥ "NetCity.Common.Helpers.Comparer.PropertyState`1, NetCity.Common".  à¥¤ã¯à¥¦¤¥­¨¥: à®£à ¬¬  íªá¯®àâ  ¡¨¡«¨®â¥ª â¨¯®¢ ®¡­ àã¦¨«  ¡ §®¢ë© â¨¯.  §®¢ë¥ ª« ááë ­¥ ¬®£ãâ ¡ëâì ¯à¥¤®áâ ¢«¥­ë COM.
à¥¤ã¯à¥¦¤¥­¨¥ ¯à®£à ¬¬ë íªá¯®àâ  ¡¨¡«¨®â¥ª â¨¯®¢ ¯à¨ ®¡à ¡®âª¥ "NetCity.Common.Helpers.Comparer.DeepPropertyState`1, NetCity.Common".  à¥¤ã¯à¥¦¤¥­¨¥: à®£à ¬¬  íªá¯®àâ  ¡¨¡«¨®â¥ª â¨¯®¢ ®¡­ àã¦¨«  ¡ §®¢ë© â¨¯.  §®¢ë¥ ª« ááë ­¥ ¬®£ãâ ¡ëâì ¯à¥¤®áâ ¢«¥­ë COM.
à¥¤ã¯à¥¦¤¥­¨¥ ¯à®£à ¬¬ë íªá¯®àâ  ¡¨¡«¨®â¥ª â¨¯®¢ ¯à¨ ®¡à ¡®âª¥ "NetCity.Common.Helpers.Comparer.State`1, NetCity.Common".  à¥¤ã¯à¥¦¤¥­¨¥: à®£à ¬¬  íªá¯®àâ  ¡¨¡«¨®â¥ª â¨¯®¢ ®¡­ àã¦¨«  ¡ §®¢ë© â¨¯.  §®¢ë¥ ª« ááë ­¥ ¬®£ãâ ¡ëâì ¯à¥¤®áâ ¢«¥­ë COM.
à¥¤ã¯à¥¦¤¥­¨¥ ¯à®£à ¬¬ë íªá¯®àâ  ¡¨¡«¨®â¥ª â¨¯®¢ ¯à¨ ®¡à ¡®âª¥ "NetCity.Common.Helpers.Comparer.Variation`1, NetCity.Common".  à¥¤ã¯à¥¦¤¥­¨¥: à®£à ¬¬  íªá¯®àâ  ¡¨¡«¨®â¥ª â¨¯®¢ ®¡­ àã¦¨«  ¡ §®¢ë© â¨¯.  §®¢ë¥ ª« ááë ­¥ ¬®£ãâ ¡ëâì ¯à¥¤®áâ ¢«¥­ë COM.
à¥¤ã¯à¥¦¤¥­¨¥ ¯à®£à ¬¬ë íªá¯®àâ  ¡¨¡«¨®â¥ª â¨¯®¢ ¯à¨ ®¡à ¡®âª¥ "NetCity.Common.Abstraction.Commands.ICommand`1, NetCity.Common".  à¥¤ã¯à¥¦¤¥­¨¥: à®£à ¬¬  íªá¯®àâ  ¡¨¡«¨®â¥ª â¨¯®¢ ®¡­ àã¦¨«  ¡ §®¢ë© â¨¯.  §®¢ë¥ ª« ááë ­¥ ¬®£ãâ ¡ëâì ¯à¥¤®áâ ¢«¥­ë COM.
à¥¤ã¯à¥¦¤¥­¨¥ ¯à®£à ¬¬ë íªá¯®àâ  ¡¨¡«¨®â¥ª â¨¯®¢ ¯à¨ ®¡à ¡®âª¥ "NetCity.Common.Abstraction.Commands.ICommandWithResult`2, NetCity.Common".  à¥¤ã¯à¥¦¤¥­¨¥: à®£à ¬¬  íªá¯®àâ  ¡¨¡«¨®â¥ª â¨¯®¢ ®¡­ àã¦¨«  ¡ §®¢ë© â¨¯.  §®¢ë¥ ª« ááë ­¥ ¬®£ãâ ¡ëâì ¯à¥¤®áâ ¢«¥­ë COM.
à¥¤ã¯à¥¦¤¥­¨¥ ¯à®£à ¬¬ë íªá¯®àâ  ¡¨¡«¨®â¥ª â¨¯®¢ ¯à¨ ®¡à ¡®âª¥ "NetCity.Common.ObjectModel.Nhibernate.Entity+IdEqualityComparer`1, NetCity.Common".  à¥¤ã¯à¥¦¤¥­¨¥: à®£à ¬¬  íªá¯®àâ  ¡¨¡«¨®â¥ª â¨¯®¢ ®¡­ àã¦¨«  ¡ §®¢ë© â¨¯.  §®¢ë¥ ª« ááë ­¥ ¬®£ãâ ¡ëâì ¯à¥¤®áâ ¢«¥­ë COM.
à¥¤ã¯à¥¦¤¥­¨¥ ¯à®£à ¬¬ë íªá¯®àâ  ¡¨¡«¨®â¥ª â¨¯®¢ ¯à¨ ®¡à ¡®âª¥ "NetCity.Common.Implementation.DictionaryConverter, NetCity.Common".  à¥¤ã¯à¥¦¤¥­¨¥: à®£à ¬¬  íªá¯®àâ  ¡¨¡«¨®â¥ª â¨¯®¢ ®¡­ àã¦¨«  â¨¯, ¯à®¨§¢®¤­ë© ®â ¡ §®¢®£® ª« áá  ¨ ­¥ ¯®¬¥ç¥­­ë© ª ª [ClassInterface(ClassInterfaceType.None)]. ˆ­â¥àä¥©áë ª« áá®¢ ­¥ ¬®£ãâ ¡ëâì ¯à¥¤®áâ ¢«¥­ë ¤«ï â ª¨å â¨¯®¢. ‚®§¬®¦­®, á«¥¤ã¥â ¯®¬¥â¨âì íâ®â â¨¯ ª ª [ClassInterface(ClassInterfaceType.None)] ¨ ¯à¥¤®áâ ¢¨âì ï¢­ë© ¨­â¥àä¥©á ¤«ï COM ª ª ¨­â¥àä¥©á ¯® ã¬®«ç ­¨î  á ¯®¬®éìî  âà¨¡ãâ  ComDefaultInterface.
à¥¤ã¯à¥¦¤¥­¨¥ ¯à®£à ¬¬ë íªá¯®àâ  ¡¨¡«¨®â¥ª â¨¯®¢ ¯à¨ ®¡à ¡®âª¥ "NetCity.Common.Implementation.StorageJsonConverter, NetCity.Common".  à¥¤ã¯à¥¦¤¥­¨¥: à®£à ¬¬  íªá¯®àâ  ¡¨¡«¨®â¥ª â¨¯®¢ ®¡­ àã¦¨«  â¨¯, ¯à®¨§¢®¤­ë© ®â ¡ §®¢®£® ª« áá  ¨ ­¥ ¯®¬¥ç¥­­ë© ª ª [ClassInterface(ClassInterfaceType.None)]. ˆ­â¥àä¥©áë ª« áá®¢ ­¥ ¬®£ãâ ¡ëâì ¯à¥¤®áâ ¢«¥­ë ¤«ï â ª¨å â¨¯®¢. ‚®§¬®¦­®, á«¥¤ã¥â ¯®¬¥â¨âì íâ®â â¨¯ ª ª [ClassInterface(ClassInterfaceType.None)] ¨ ¯à¥¤®áâ ¢¨âì ï¢­ë© ¨­â¥àä¥©á ¤«ï COM ª ª ¨­â¥àä¥©á ¯® ã¬®«ç ­¨î  á ¯®¬®éìî  âà¨¡ãâ  ComDefaultInterface.
à¥¤ã¯à¥¦¤¥­¨¥ ¯à®£à ¬¬ë íªá¯®àâ  ¡¨¡«¨®â¥ª â¨¯®¢ ¯à¨ ®¡à ¡®âª¥ "NetCity.Common.Components.Abstraction.TokenManager.RemoteActions.TestTMRemoteFunc, NetCity.Common".  à¥¤ã¯à¥¦¤¥­¨¥: à®£à ¬¬  íªá¯®àâ  ¡¨¡«¨®â¥ª â¨¯®¢ ®¡­ àã¦¨«  â¨¯, ¯à®¨§¢®¤­ë© ®â ¡ §®¢®£® ª« áá  ¨ ­¥ ¯®¬¥ç¥­­ë© ª ª [ClassInterface(ClassInterfaceType.None)]. ˆ­â¥àä¥©áë ª« áá®¢ ­¥ ¬®£ãâ ¡ëâì ¯à¥¤®áâ ¢«¥­ë ¤«ï â ª¨å â¨¯®¢. ‚®§¬®¦­®, á«¥¤ã¥â ¯®¬¥â¨âì íâ®â â¨¯ ª ª [ClassInterface(ClassInterfaceType.None)] ¨ ¯à¥¤®áâ ¢¨âì ï¢­ë© ¨­â¥àä¥©á ¤«ï COM ª ª ¨­â¥àä¥©á ¯® ã¬®«ç ­¨î  á ¯®¬®éìî  âà¨¡ãâ  ComDefaultInterface.
à¥¤ã¯à¥¦¤¥­¨¥ ¯à®£à ¬¬ë íªá¯®àâ  ¡¨¡«¨®â¥ª â¨¯®¢ ¯à¨ ®¡à ¡®âª¥ "NetCity.Common.ValueObjects.Menu.Builders.MenuItemBuilder+MenuItemDisplayRulesBuilder, NetCity.Common".  à¥¤ã¯à¥¦¤¥­¨¥: à®£à ¬¬  íªá¯®àâ  ¡¨¡«¨®â¥ª â¨¯®¢ ®¡­ àã¦¨«  â¨¯, ¯à®¨§¢®¤­ë© ®â ¡ §®¢®£® ª« áá  ¨ ­¥ ¯®¬¥ç¥­­ë© ª ª [ClassInterface(ClassInterfaceType.None)]. ˆ­â¥àä¥©áë ª« áá®¢ ­¥ ¬®£ãâ ¡ëâì ¯à¥¤®áâ ¢«¥­ë ¤«ï â ª¨å â¨¯®¢. ‚®§¬®¦­®, á«¥¤ã¥â ¯®¬¥â¨âì íâ®â â¨¯ ª ª [ClassInterface(ClassInterfaceType.None)] ¨ ¯à¥¤®áâ ¢¨âì ï¢­ë© ¨­â¥àä¥©á ¤«ï COM ª ª ¨­â¥àä¥©á ¯® ã¬®«ç ­¨î  á ¯®¬®éìî  âà¨¡ãâ  ComDefaultInterface.
à¥¤ã¯à¥¦¤¥­¨¥ ¯à®£à ¬¬ë íªá¯®àâ  ¡¨¡«¨®â¥ª â¨¯®¢ ¯à¨ ®¡à ¡®âª¥ "NetCity.Common.ValueObjects.Menu.Builders.MenuItemBuilder+TabItemBuilder+TabItemDisplayRulesBuilder, NetCity.Common".  à¥¤ã¯à¥¦¤¥­¨¥: à®£à ¬¬  íªá¯®àâ  ¡¨¡«¨®â¥ª â¨¯®¢ ®¡­ àã¦¨«  â¨¯, ¯à®¨§¢®¤­ë© ®â ¡ §®¢®£® ª« áá  ¨ ­¥ ¯®¬¥ç¥­­ë© ª ª [ClassInterface(ClassInterfaceType.None)]. ˆ­â¥àä¥©áë ª« áá®¢ ­¥ ¬®£ãâ ¡ëâì ¯à¥¤®áâ ¢«¥­ë ¤«ï â ª¨å â¨¯®¢. ‚®§¬®¦­®, á«¥¤ã¥â ¯®¬¥â¨âì íâ®â â¨¯ ª ª [ClassInterface(ClassInterfaceType.None)] ¨ ¯à¥¤®áâ ¢¨âì ï¢­ë© ¨­â¥àä¥©á ¤«ï COM ª ª ¨­â¥àä¥©á ¯® ã¬®«ç ­¨î  á ¯®¬®éìî  âà¨¡ãâ  ComDefaultInterface.
à¥¤ã¯à¥¦¤¥­¨¥ ¯à®£à ¬¬ë íªá¯®àâ  ¡¨¡«¨®â¥ª â¨¯®¢ ¯à¨ ®¡à ¡®âª¥ "NetCity.Common.ValueObjects.Menu.Builders.IMenuObjectDisplayRules.get_CustomRules(#0), NetCity.Common".  à¥¤ã¯à¥¦¤¥­¨¥: à®£à ¬¬  íªá¯®àâ  ¡¨¡«¨®â¥ª â¨¯®¢ ®¡­ àã¦¨«  íª§¥¬¯«ïà ¡ §®¢®£® â¨¯  ¢ á¨£­ âãà¥.  §®¢ë© ª®¤ ­¥ ¬®¦¥â ¡ëâì íªá¯®àâ¨à®¢ ­ ¢ COM.
à¥¤ã¯à¥¦¤¥­¨¥ ¯à®£à ¬¬ë íªá¯®àâ  ¡¨¡«¨®â¥ª â¨¯®¢ ¯à¨ ®¡à ¡®âª¥ "NetCity.Common.ValueObjects.Menu.Builders.IMenuObjectDisplayRules.set_CustomRules(value), NetCity.Common".  à¥¤ã¯à¥¦¤¥­¨¥: à®£à ¬¬  íªá¯®àâ  ¡¨¡«¨®â¥ª â¨¯®¢ ®¡­ àã¦¨«  íª§¥¬¯«ïà ¡ §®¢®£® â¨¯  ¢ á¨£­ âãà¥.  §®¢ë© ª®¤ ­¥ ¬®¦¥â ¡ëâì íªá¯®àâ¨à®¢ ­ ¢ COM.
à¥¤ã¯à¥¦¤¥­¨¥ ¯à®£à ¬¬ë íªá¯®àâ  ¡¨¡«¨®â¥ª â¨¯®¢ ¯à¨ ®¡à ¡®âª¥ "NetCity.Common.ValueObjects.Menu.Builders.IMenuItemInfo.get_TabItems(#0), NetCity.Common".  à¥¤ã¯à¥¦¤¥­¨¥: à®£à ¬¬  íªá¯®àâ  ¡¨¡«¨®â¥ª â¨¯®¢ ®¡­ àã¦¨«  íª§¥¬¯«ïà ¡ §®¢®£® â¨¯  ¢ á¨£­ âãà¥.  §®¢ë© ª®¤ ­¥ ¬®¦¥â ¡ëâì íªá¯®àâ¨à®¢ ­ ¢ COM.
à¥¤ã¯à¥¦¤¥­¨¥ ¯à®£à ¬¬ë íªá¯®àâ  ¡¨¡«¨®â¥ª â¨¯®¢ ¯à¨ ®¡à ¡®âª¥ "NetCity.Common.ValueObjects.Menu.Builders.IMenuItemInfo.set_TabItems(value), NetCity.Common".  à¥¤ã¯à¥¦¤¥­¨¥: à®£à ¬¬  íªá¯®àâ  ¡¨¡«¨®â¥ª â¨¯®¢ ®¡­ àã¦¨«  íª§¥¬¯«ïà ¡ §®¢®£® â¨¯  ¢ á¨£­ âãà¥.  §®¢ë© ª®¤ ­¥ ¬®¦¥â ¡ëâì íªá¯®àâ¨à®¢ ­ ¢ COM.
à¥¤ã¯à¥¦¤¥­¨¥ ¯à®£à ¬¬ë íªá¯®àâ  ¡¨¡«¨®â¥ª â¨¯®¢ ¯à¨ ®¡à ¡®âª¥ "NetCity.Common.ValueObjects.Menu.Builders.IMenuItemInfo.get_SubMenus(#0), NetCity.Common".  à¥¤ã¯à¥¦¤¥­¨¥: à®£à ¬¬  íªá¯®àâ  ¡¨¡«¨®â¥ª â¨¯®¢ ®¡­ àã¦¨«  íª§¥¬¯«ïà ¡ §®¢®£® â¨¯  ¢ á¨£­ âãà¥.  §®¢ë© ª®¤ ­¥ ¬®¦¥â ¡ëâì íªá¯®àâ¨à®¢ ­ ¢ COM.
à¥¤ã¯à¥¦¤¥­¨¥ ¯à®£à ¬¬ë íªá¯®àâ  ¡¨¡«¨®â¥ª â¨¯®¢ ¯à¨ ®¡à ¡®âª¥ "NetCity.Common.ValueObjects.Menu.Builders.IMenuItemInfo.set_SubMenus(value), NetCity.Common".  à¥¤ã¯à¥¦¤¥­¨¥: à®£à ¬¬  íªá¯®àâ  ¡¨¡«¨®â¥ª â¨¯®¢ ®¡­ àã¦¨«  íª§¥¬¯«ïà ¡ §®¢®£® â¨¯  ¢ á¨£­ âãà¥.  §®¢ë© ª®¤ ­¥ ¬®¦¥â ¡ëâì íªá¯®àâ¨à®¢ ­ ¢ COM.
à¥¤ã¯à¥¦¤¥­¨¥ ¯à®£à ¬¬ë íªá¯®àâ  ¡¨¡«¨®â¥ª â¨¯®¢ ¯à¨ ®¡à ¡®âª¥ "NetCity.Common.Helpers.ICacheActualization.GetAll(#0), NetCity.Common".  à¥¤ã¯à¥¦¤¥­¨¥: à®£à ¬¬  íªá¯®àâ  ¡¨¡«¨®â¥ª â¨¯®¢ ®¡­ àã¦¨«  íª§¥¬¯«ïà ¡ §®¢®£® â¨¯  ¢ á¨£­ âãà¥.  §®¢ë© ª®¤ ­¥ ¬®¦¥â ¡ëâì íªá¯®àâ¨à®¢ ­ ¢ COM.
à¥¤ã¯à¥¦¤¥­¨¥ ¯à®£à ¬¬ë íªá¯®àâ  ¡¨¡«¨®â¥ª â¨¯®¢ ¯à¨ ®¡à ¡®âª¥ "NetCity.Common.Events.Data.IAuthorEventData.get_AuthorLoginEventId(#0), NetCity.Common".  à¥¤ã¯à¥¦¤¥­¨¥: à®£à ¬¬  íªá¯®àâ  ¡¨¡«¨®â¥ª â¨¯®¢ ®¡­ àã¦¨«  íª§¥¬¯«ïà ¡ §®¢®£® â¨¯  ¢ á¨£­ âãà¥.  §®¢ë© ª®¤ ­¥ ¬®¦¥â ¡ëâì íªá¯®àâ¨à®¢ ­ ¢ COM.
à¥¤ã¯à¥¦¤¥­¨¥ ¯à®£à ¬¬ë íªá¯®àâ  ¡¨¡«¨®â¥ª â¨¯®¢ ¯à¨ ®¡à ¡®âª¥ "NetCity.Common.Events.Data.Performance.Base.IClassmeetingBindedEventData.get_ClassmeetingId(#0), NetCity.Common".  à¥¤ã¯à¥¦¤¥­¨¥: à®£à ¬¬  íªá¯®àâ  ¡¨¡«¨®â¥ª â¨¯®¢ ®¡­ àã¦¨«  íª§¥¬¯«ïà ¡ §®¢®£® â¨¯  ¢ á¨£­ âãà¥.  §®¢ë© ª®¤ ­¥ ¬®¦¥â ¡ëâì íªá¯®àâ¨à®¢ ­ ¢ COM.
à¥¤ã¯à¥¦¤¥­¨¥ ¯à®£à ¬¬ë íªá¯®àâ  ¡¨¡«¨®â¥ª â¨¯®¢ ¯à¨ ®¡à ¡®âª¥ "NetCity.Common.Events.Data.Performance.Base.IClassmeetingBindedEventData.get_ClassmeetingDay(#0), NetCity.Common".  à¥¤ã¯à¥¦¤¥­¨¥: à®£à ¬¬  íªá¯®àâ  ¡¨¡«¨®â¥ª â¨¯®¢ ®¡­ àã¦¨«  íª§¥¬¯«ïà ¡ §®¢®£® â¨¯  ¢ á¨£­ âãà¥.  §®¢ë© ª®¤ ­¥ ¬®¦¥â ¡ëâì íªá¯®àâ¨à®¢ ­ ¢ COM.
à¥¤ã¯à¥¦¤¥­¨¥ ¯à®£à ¬¬ë íªá¯®àâ  ¡¨¡«¨®â¥ª â¨¯®¢ ¯à¨ ®¡à ¡®âª¥ "NetCity.Common.Configuration.Modules.IModule.GetTaskPoolDefinitions(#0), NetCity.Common".  à¥¤ã¯à¥¦¤¥­¨¥: à®£à ¬¬  íªá¯®àâ  ¡¨¡«¨®â¥ª â¨¯®¢ ®¡­ àã¦¨«  íª§¥¬¯«ïà ¡ §®¢®£® â¨¯  ¢ á¨£­ âãà¥.  §®¢ë© ª®¤ ­¥ ¬®¦¥â ¡ëâì íªá¯®àâ¨à®¢ ­ ¢ COM.
à¥¤ã¯à¥¦¤¥­¨¥ ¯à®£à ¬¬ë íªá¯®àâ  ¡¨¡«¨®â¥ª â¨¯®¢ ¯à¨ ®¡à ¡®âª¥ "NetCity.Common.Configuration.Modules.IModule.GetEmReports(#0), NetCity.Common".  à¥¤ã¯à¥¦¤¥­¨¥: à®£à ¬¬  íªá¯®àâ  ¡¨¡«¨®â¥ª â¨¯®¢ ®¡­ àã¦¨«  íª§¥¬¯«ïà ¡ §®¢®£® â¨¯  ¢ á¨£­ âãà¥.  §®¢ë© ª®¤ ­¥ ¬®¦¥â ¡ëâì íªá¯®àâ¨à®¢ ­ ¢ COM.
à¥¤ã¯à¥¦¤¥­¨¥ ¯à®£à ¬¬ë íªá¯®àâ  ¡¨¡«¨®â¥ª â¨¯®¢ ¯à¨ ®¡à ¡®âª¥ "NetCity.Common.Configuration.Modules.IModule.GetReports(#0), NetCity.Common".  à¥¤ã¯à¥¦¤¥­¨¥: à®£à ¬¬  íªá¯®àâ  ¡¨¡«¨®â¥ª â¨¯®¢ ®¡­ àã¦¨«  íª§¥¬¯«ïà ¡ §®¢®£® â¨¯  ¢ á¨£­ âãà¥.  §®¢ë© ª®¤ ­¥ ¬®¦¥â ¡ëâì íªá¯®àâ¨à®¢ ­ ¢ COM.
à¥¤ã¯à¥¦¤¥­¨¥ ¯à®£à ¬¬ë íªá¯®àâ  ¡¨¡«¨®â¥ª â¨¯®¢ ¯à¨ ®¡à ¡®âª¥ "NetCity.Common.Configuration.Modules.IModule.GetTabItems(#0), NetCity.Common".  à¥¤ã¯à¥¦¤¥­¨¥: à®£à ¬¬  íªá¯®àâ  ¡¨¡«¨®â¥ª â¨¯®¢ ®¡­ àã¦¨«  íª§¥¬¯«ïà ¡ §®¢®£® â¨¯  ¢ á¨£­ âãà¥.  §®¢ë© ª®¤ ­¥ ¬®¦¥â ¡ëâì íªá¯®àâ¨à®¢ ­ ¢ COM.
à¥¤ã¯à¥¦¤¥­¨¥ ¯à®£à ¬¬ë íªá¯®àâ  ¡¨¡«¨®â¥ª â¨¯®¢ ¯à¨ ®¡à ¡®âª¥ "NetCity.Common.Configuration.Modules.IModule.GetEntityMappings(#0), NetCity.Common".  à¥¤ã¯à¥¦¤¥­¨¥: à®£à ¬¬  íªá¯®àâ  ¡¨¡«¨®â¥ª â¨¯®¢ ®¡­ àã¦¨«  íª§¥¬¯«ïà ¡ §®¢®£® â¨¯  ¢ á¨£­ âãà¥.  §®¢ë© ª®¤ ­¥ ¬®¦¥â ¡ëâì íªá¯®àâ¨à®¢ ­ ¢ COM.
à¥¤ã¯à¥¦¤¥­¨¥ ¯à®£à ¬¬ë íªá¯®àâ  ¡¨¡«¨®â¥ª â¨¯®¢ ¯à¨ ®¡à ¡®âª¥ "NetCity.Common.Configuration.Modules.IModule.GetProducingMessages(#0), NetCity.Common".  à¥¤ã¯à¥¦¤¥­¨¥: à®£à ¬¬  íªá¯®àâ  ¡¨¡«¨®â¥ª â¨¯®¢ ®¡­ àã¦¨«  íª§¥¬¯«ïà ¡ §®¢®£® â¨¯  ¢ á¨£­ âãà¥.  §®¢ë© ª®¤ ­¥ ¬®¦¥â ¡ëâì íªá¯®àâ¨à®¢ ­ ¢ COM.
à¥¤ã¯à¥¦¤¥­¨¥ ¯à®£à ¬¬ë íªá¯®àâ  ¡¨¡«¨®â¥ª â¨¯®¢ ¯à¨ ®¡à ¡®âª¥ "NetCity.Common.Configuration.Modules.IModule.GetMessageConsumers(#0), NetCity.Common".  à¥¤ã¯à¥¦¤¥­¨¥: à®£à ¬¬  íªá¯®àâ  ¡¨¡«¨®â¥ª â¨¯®¢ ®¡­ àã¦¨«  íª§¥¬¯«ïà ¡ §®¢®£® â¨¯  ¢ á¨£­ âãà¥.  §®¢ë© ª®¤ ­¥ ¬®¦¥â ¡ëâì íªá¯®àâ¨à®¢ ­ ¢ COM.
à¥¤ã¯à¥¦¤¥­¨¥ ¯à®£à ¬¬ë íªá¯®àâ  ¡¨¡«¨®â¥ª â¨¯®¢ ¯à¨ ®¡à ¡®âª¥ "NetCity.Common.Components.Abstraction.IGradingManager.InitManualYearSettings(weight), NetCity.Common".  à¥¤ã¯à¥¦¤¥­¨¥: à®£à ¬¬  íªá¯®àâ  ¡¨¡«¨®â¥ª â¨¯®¢ ®¡­ àã¦¨«  íª§¥¬¯«ïà ¡ §®¢®£® â¨¯  ¢ á¨£­ âãà¥.  §®¢ë© ª®¤ ­¥ ¬®¦¥â ¡ëâì íªá¯®àâ¨à®¢ ­ ¢ COM.
à¥¤ã¯à¥¦¤¥­¨¥ ¯à®£à ¬¬ë íªá¯®àâ  ¡¨¡«¨®â¥ª â¨¯®¢ ¯à¨ ®¡à ¡®âª¥ "NetCity.Common.Components.Abstraction.IGradingManager.CalcAvgMarks(#0), NetCity.Common".  à¥¤ã¯à¥¦¤¥­¨¥: à®£à ¬¬  íªá¯®àâ  ¡¨¡«¨®â¥ª â¨¯®¢ ®¡­ àã¦¨«  íª§¥¬¯«ïà ¡ §®¢®£® â¨¯  ¢ á¨£­ âãà¥.  §®¢ë© ª®¤ ­¥ ¬®¦¥â ¡ëâì íªá¯®àâ¨à®¢ ­ ¢ COM.
à¥¤ã¯à¥¦¤¥­¨¥ ¯à®£à ¬¬ë íªá¯®àâ  ¡¨¡«¨®â¥ª â¨¯®¢ ¯à¨ ®¡à ¡®âª¥ "NetCity.Common.Components.Abstraction.IGradingManager.GetTotalsGradingFunc(#0), NetCity.Common".  à¥¤ã¯à¥¦¤¥­¨¥: à®£à ¬¬  íªá¯®àâ  ¡¨¡«¨®â¥ª â¨¯®¢ ®¡­ àã¦¨«  íª§¥¬¯«ïà ¡ §®¢®£® â¨¯  ¢ á¨£­ âãà¥.  §®¢ë© ª®¤ ­¥ ¬®¦¥â ¡ëâì íªá¯®àâ¨à®¢ ­ ¢ COM.
à¥¤ã¯à¥¦¤¥­¨¥ ¯à®£à ¬¬ë íªá¯®àâ  ¡¨¡«¨®â¥ª â¨¯®¢ ¯à¨ ®¡à ¡®âª¥ "NetCity.Common.Components.Abstraction.ISecurityComponent.MarkUserToUpdateRights(userId), NetCity.Common".  à¥¤ã¯à¥¦¤¥­¨¥: à®£à ¬¬  íªá¯®àâ  ¡¨¡«¨®â¥ª â¨¯®¢ ®¡­ àã¦¨«  íª§¥¬¯«ïà ¡ §®¢®£® â¨¯  ¢ á¨£­ âãà¥.  §®¢ë© ª®¤ ­¥ ¬®¦¥â ¡ëâì íªá¯®àâ¨à®¢ ­ ¢ COM.
à¥¤ã¯à¥¦¤¥­¨¥ ¯à®£à ¬¬ë íªá¯®àâ  ¡¨¡«¨®â¥ª â¨¯®¢ ¯à¨ ®¡à ¡®âª¥ "NetCity.Common.Components.Abstraction.IServerSettingsComponent.SaveUserAuthorizationSettings(noticeStartDate), NetCity.Common".  à¥¤ã¯à¥¦¤¥­¨¥: à®£à ¬¬  íªá¯®àâ  ¡¨¡«¨®â¥ª â¨¯®¢ ®¡­ àã¦¨«  íª§¥¬¯«ïà ¡ §®¢®£® â¨¯  ¢ á¨£­ âãà¥.  §®¢ë© ª®¤ ­¥ ¬®¦¥â ¡ëâì íªá¯®àâ¨à®¢ ­ ¢ COM.
à¥¤ã¯à¥¦¤¥­¨¥ ¯à®£à ¬¬ë íªá¯®àâ  ¡¨¡«¨®â¥ª â¨¯®¢ ¯à¨ ®¡à ¡®âª¥ "NetCity.Common.ObjectModel.Nhibernate.Users.Documents.IIdentityDocument.get_IssueDate(#0), NetCity.Common".  à¥¤ã¯à¥¦¤¥­¨¥: à®£à ¬¬  íªá¯®àâ  ¡¨¡«¨®â¥ª â¨¯®¢ ®¡­ àã¦¨«  íª§¥¬¯«ïà ¡ §®¢®£® â¨¯  ¢ á¨£­ âãà¥.  §®¢ë© ª®¤ ­¥ ¬®¦¥â ¡ëâì íªá¯®àâ¨à®¢ ­ ¢ COM.
à¥¤ã¯à¥¦¤¥­¨¥ ¯à®£à ¬¬ë íªá¯®àâ  ¡¨¡«¨®â¥ª â¨¯®¢ ¯à¨ ®¡à ¡®âª¥ "NetCity.Common.ObjectModel.Nhibernate.Users.Documents.IIdentityDocument.set_IssueDate(value), NetCity.Common".  à¥¤ã¯à¥¦¤¥­¨¥: à®£à ¬¬  íªá¯®àâ  ¡¨¡«¨®â¥ª â¨¯®¢ ®¡­ àã¦¨«  íª§¥¬¯«ïà ¡ §®¢®£® â¨¯  ¢ á¨£­ âãà¥.  §®¢ë© ª®¤ ­¥ ¬®¦¥â ¡ëâì íªá¯®àâ¨à®¢ ­ ¢ COM.
à¥¤ã¯à¥¦¤¥­¨¥ ¯à®£à ¬¬ë íªá¯®àâ  ¡¨¡«¨®â¥ª â¨¯®¢ ¯à¨ ®¡à ¡®âª¥ "NetCity.Common.ObjectModel.Nhibernate.Users.Documents.IIdentityDocument.get_ExpireDate(#0), NetCity.Common".  à¥¤ã¯à¥¦¤¥­¨¥: à®£à ¬¬  íªá¯®àâ  ¡¨¡«¨®â¥ª â¨¯®¢ ®¡­ àã¦¨«  íª§¥¬¯«ïà ¡ §®¢®£® â¨¯  ¢ á¨£­ âãà¥.  §®¢ë© ª®¤ ­¥ ¬®¦¥â ¡ëâì íªá¯®àâ¨à®¢ ­ ¢ COM.
à¥¤ã¯à¥¦¤¥­¨¥ ¯à®£à ¬¬ë íªá¯®àâ  ¡¨¡«¨®â¥ª â¨¯®¢ ¯à¨ ®¡à ¡®âª¥ "NetCity.Common.ObjectModel.Nhibernate.Users.Documents.IIdentityDocument.set_ExpireDate(value), NetCity.Common".  à¥¤ã¯à¥¦¤¥­¨¥: à®£à ¬¬  íªá¯®àâ  ¡¨¡«¨®â¥ª â¨¯®¢ ®¡­ àã¦¨«  íª§¥¬¯«ïà ¡ §®¢®£® â¨¯  ¢ á¨£­ âãà¥.  §®¢ë© ª®¤ ­¥ ¬®¦¥â ¡ëâì íªá¯®àâ¨à®¢ ­ ¢ COM.
à¥¤ã¯à¥¦¤¥­¨¥ ¯à®£à ¬¬ë íªá¯®àâ  ¡¨¡«¨®â¥ª â¨¯®¢ ¯à¨ ®¡à ¡®âª¥ "NetCity.Common.Abstraction.WebObjects.IResponse.SetCookie(expireDate), NetCity.Common".  à¥¤ã¯à¥¦¤¥­¨¥: à®£à ¬¬  íªá¯®àâ  ¡¨¡«¨®â¥ª â¨¯®¢ ®¡­ àã¦¨«  íª§¥¬¯«ïà ¡ §®¢®£® â¨¯  ¢ á¨£­ âãà¥.  §®¢ë© ª®¤ ­¥ ¬®¦¥â ¡ëâì íªá¯®àâ¨à®¢ ­ ¢ COM.
à¥¤ã¯à¥¦¤¥­¨¥ ¯à®£à ¬¬ë íªá¯®àâ  ¡¨¡«¨®â¥ª â¨¯®¢ ¯à¨ ®¡à ¡®âª¥ "NetCity.Common.Abstraction.Security.IIdentityProviderClient.GetLoginUrl(queryParams), NetCity.Common".  à¥¤ã¯à¥¦¤¥­¨¥: à®£à ¬¬  íªá¯®àâ  ¡¨¡«¨®â¥ª â¨¯®¢ ®¡­ àã¦¨«  íª§¥¬¯«ïà ¡ §®¢®£® â¨¯  ¢ á¨£­ âãà¥.  §®¢ë© ª®¤ ­¥ ¬®¦¥â ¡ëâì íªá¯®àâ¨à®¢ ­ ¢ COM.
à¥¤ã¯à¥¦¤¥­¨¥ ¯à®£à ¬¬ë íªá¯®àâ  ¡¨¡«¨®â¥ª â¨¯®¢ ¯à¨ ®¡à ¡®âª¥ "NetCity.Common.Abstraction.Security.IIdentityProviderClient.GetAuthUrl(queryParams), NetCity.Common".  à¥¤ã¯à¥¦¤¥­¨¥: à®£à ¬¬  íªá¯®àâ  ¡¨¡«¨®â¥ª â¨¯®¢ ®¡­ àã¦¨«  íª§¥¬¯«ïà ¡ §®¢®£® â¨¯  ¢ á¨£­ âãà¥.  §®¢ë© ª®¤ ­¥ ¬®¦¥â ¡ëâì íªá¯®àâ¨à®¢ ­ ¢ COM.
à¥¤ã¯à¥¦¤¥­¨¥ ¯à®£à ¬¬ë íªá¯®àâ  ¡¨¡«¨®â¥ª â¨¯®¢ ¯à¨ ®¡à ¡®âª¥ "NetCity.Common.Abstraction.Security.Principal.IEmUserPrincipal.get_AuthorityType(#0), NetCity.Common".  à¥¤ã¯à¥¦¤¥­¨¥: à®£à ¬¬  íªá¯®àâ  ¡¨¡«¨®â¥ª â¨¯®¢ ®¡­ àã¦¨«  íª§¥¬¯«ïà ¡ §®¢®£® â¨¯  ¢ á¨£­ âãà¥.  §®¢ë© ª®¤ ­¥ ¬®¦¥â ¡ëâì íªá¯®àâ¨à®¢ ­ ¢ COM.
à¥¤ã¯à¥¦¤¥­¨¥ ¯à®£à ¬¬ë íªá¯®àâ  ¡¨¡«¨®â¥ª â¨¯®¢ ¯à¨ ®¡à ¡®âª¥ "NetCity.Common.Abstraction.Security.Principal.IEmUserPrincipal.set_AuthorityType(value), NetCity.Common".  à¥¤ã¯à¥¦¤¥­¨¥: à®£à ¬¬  íªá¯®àâ  ¡¨¡«¨®â¥ª â¨¯®¢ ®¡­ àã¦¨«  íª§¥¬¯«ïà ¡ §®¢®£® â¨¯  ¢ á¨£­ âãà¥.  §®¢ë© ª®¤ ­¥ ¬®¦¥â ¡ëâì íªá¯®àâ¨à®¢ ­ ¢ COM.
‘¡®àª  íªá¯®àâ¨à®¢ ­  ¢ "C:\Program Files\NetCity2\Assemblies\NetCity.Common.tlb"; ¡¨¡«¨®â¥ª  â¨¯®¢ § à¥£¨áâà¨à®¢ ­  ãá¯¥è­®

C:\Program Files\NetCity2\Assemblies>regasm /nologo /codebase /tlb NetCity.Common.Legacy.dll 
’¨¯ë § à¥£¨áâà¨à®¢ ­ë ãá¯¥è­®
‘¡®àª  íªá¯®àâ¨à®¢ ­  ¢ "C:\Program Files\NetCity2\Assemblies\NetCity.Common.Legacy.tlb"; ¡¨¡«¨®â¥ª  â¨¯®¢ § à¥£¨áâà¨à®¢ ­  ãá¯¥è­®

C:\Program Files\NetCity2\Assemblies>regasm /nologo /silent NetCity.Common.ObjectModel.dll 

C:\Program Files\NetCity2\Assemblies>regasm /nologo /codebase NetCity.Language.dll 
RegAsm : warning RA0000 : ¥£¨áâà æ¨ï ­¥¯®¤¯¨á ­­®© á¡®àª¨ á ¨á¯®«ì§®¢ ­¨¥¬ ¯ à ¬¥âà  /codebase ¬®¦¥â ¢ë§¢ âì ª®­ä«¨ªâ ¤ ­­®© á¡®àª¨ á ¤àã£¨¬¨ ¯à¨«®¦¥­¨ï¬¨, ª®â®àë¥ ¬®£ãâ ¡ëâì ãáâ ­®¢«¥­ë ­  â®¬ ¦¥ ª®¬¯ìîâ¥à¥.  à ¬¥âà /codebase ¯à¥¤­ §­ ç¥­ â®«ìª® ¤«ï ¯®¤¯¨á ­­ëå á¡®à®ª. à¨á¢®©â¥ á¡®àª¥ áâà®£®¥ ¨¬ï ¨ ¯®¢â®à¨â¥ à¥£¨áâà æ¨î.
’¨¯ë § à¥£¨áâà¨à®¢ ­ë ãá¯¥è­®

C:\Program Files\NetCity2\Assemblies>regasm /nologo /codebase NS_DAComWrapper.dll 
’¨¯ë § à¥£¨áâà¨à®¢ ­ë ãá¯¥è­®

C:\Program Files\NetCity2\Assemblies>regasm /nologo /codebase NetCity.ReportManager.dll 
RegAsm : warning RA0000 : ¥£¨áâà æ¨ï ­¥¯®¤¯¨á ­­®© á¡®àª¨ á ¨á¯®«ì§®¢ ­¨¥¬ ¯ à ¬¥âà  /codebase ¬®¦¥â ¢ë§¢ âì ª®­ä«¨ªâ ¤ ­­®© á¡®àª¨ á ¤àã£¨¬¨ ¯à¨«®¦¥­¨ï¬¨, ª®â®àë¥ ¬®£ãâ ¡ëâì ãáâ ­®¢«¥­ë ­  â®¬ ¦¥ ª®¬¯ìîâ¥à¥.  à ¬¥âà /codebase ¯à¥¤­ §­ ç¥­ â®«ìª® ¤«ï ¯®¤¯¨á ­­ëå á¡®à®ª. à¨á¢®©â¥ á¡®àª¥ áâà®£®¥ ¨¬ï ¨ ¯®¢â®à¨â¥ à¥£¨áâà æ¨î.
’¨¯ë § à¥£¨áâà¨à®¢ ­ë ãá¯¥è­®

C:\Program Files\NetCity2\Assemblies>regasm /nologo /codebase NetCity.Components.dll 
RegAsm : warning RA0000 : ¥£¨áâà æ¨ï ­¥¯®¤¯¨á ­­®© á¡®àª¨ á ¨á¯®«ì§®¢ ­¨¥¬ ¯ à ¬¥âà  /codebase ¬®¦¥â ¢ë§¢ âì ª®­ä«¨ªâ ¤ ­­®© á¡®àª¨ á ¤àã£¨¬¨ ¯à¨«®¦¥­¨ï¬¨, ª®â®àë¥ ¬®£ãâ ¡ëâì ãáâ ­®¢«¥­ë ­  â®¬ ¦¥ ª®¬¯ìîâ¥à¥.  à ¬¥âà /codebase ¯à¥¤­ §­ ç¥­ â®«ìª® ¤«ï ¯®¤¯¨á ­­ëå á¡®à®ª. à¨á¢®©â¥ á¡®àª¥ áâà®£®¥ ¨¬ï ¨ ¯®¢â®à¨â¥ à¥£¨áâà æ¨î.
’¨¯ë § à¥£¨áâà¨à®¢ ­ë ãá¯¥è­®

C:\Program Files\NetCity2\Assemblies>regasm /nologo /codebase /tlb NetCity.Integration.LACC.dll 
RegAsm : warning RA0000 : ¥£¨áâà æ¨ï ­¥¯®¤¯¨á ­­®© á¡®àª¨ á ¨á¯®«ì§®¢ ­¨¥¬ ¯ à ¬¥âà  /codebase ¬®¦¥â ¢ë§¢ âì ª®­ä«¨ªâ ¤ ­­®© á¡®àª¨ á ¤àã£¨¬¨ ¯à¨«®¦¥­¨ï¬¨, ª®â®àë¥ ¬®£ãâ ¡ëâì ãáâ ­®¢«¥­ë ­  â®¬ ¦¥ ª®¬¯ìîâ¥à¥.  à ¬¥âà /codebase ¯à¥¤­ §­ ç¥­ â®«ìª® ¤«ï ¯®¤¯¨á ­­ëå á¡®à®ª. à¨á¢®©â¥ á¡®àª¥ áâà®£®¥ ¨¬ï ¨ ¯®¢â®à¨â¥ à¥£¨áâà æ¨î.
’¨¯ë § à¥£¨áâà¨à®¢ ­ë ãá¯¥è­®
‘¡®àª  íªá¯®àâ¨à®¢ ­  ¢ "C:\Program Files\NetCity2\Assemblies\NetCity.Integration.LACC.tlb"; ¡¨¡«¨®â¥ª  â¨¯®¢ § à¥£¨áâà¨à®¢ ­  ãá¯¥è­®
