Entity	Class	Table	Property	Columns	Type	Kind
NetCity.Integration.FoodModule.Model.DishContent	NetCity.Integration.FoodModule.Model.DishContent	DISHCONTENTS	Id	ID	Int32	id
NetCity.Integration.FoodModule.Model.DishContent	NetCity.Integration.FoodModule.Model.DishContent	DISHCONTENTS	Weight	WEIGHT	Decimal	property
NetCity.Integration.FoodModule.Model.DishContent	NetCity.Integration.FoodModule.Model.DishContent	DISHCONTENTS	Product	PRODUCTID	NetCity.Integration.FoodModule.Model.FoodProduct	many-to-one
NetCity.Integration.FoodModule.Model.DishContent	NetCity.Integration.FoodModule.Model.DishContent	DISHCONTENTS	Dish	DISHID	NetCity.Integration.FoodModule.Model.FoodDish	many-to-one
NetCity.Integration.FoodModule.Model.FoodDish	NetCity.Integration.FoodModule.Model.FoodDish	FOODDISHES	Id	ID	Int32	id
NetCity.Integration.FoodModule.Model.FoodDish	NetCity.Integration.FoodModule.Model.FoodDish	FOODDISHES	Contents		System.Collections.Generic.ISet`1[[NetCity.Integration.FoodModule.Model.DishContent, NetCity.Integration.FoodModule, Version=5.14.65351.225, Culture=neutral, PublicKeyToken=null]](NetCity.Integration.FoodModule.Model.FoodDish.Contents)	collection
NetCity.Integration.FoodModule.Model.FoodDish	NetCity.Integration.FoodModule.Model.FoodDish	FOODDISHES	Name	NAME	String	property
NetCity.Integration.FoodModule.Model.FoodDish	NetCity.Integration.FoodModule.Model.FoodDish	FOODDISHES	Fats	FATS	Decimal	property
NetCity.Integration.FoodModule.Model.FoodDish	NetCity.Integration.FoodModule.Model.FoodDish	FOODDISHES	Proteins	PROTEINS	Decimal	property
NetCity.Integration.FoodModule.Model.FoodDish	NetCity.Integration.FoodModule.Model.FoodDish	FOODDISHES	RecipeText	RECIPETEXT	String	property
NetCity.Integration.FoodModule.Model.FoodDish	NetCity.Integration.FoodModule.Model.FoodDish	FOODDISHES	RecipeNumber	RECIPENUMBER	String	property
NetCity.Integration.FoodModule.Model.FoodDish	NetCity.Integration.FoodModule.Model.FoodDish	FOODDISHES	CaloricValue	CALORICVALUE	Decimal	property
NetCity.Integration.FoodModule.Model.FoodDish	NetCity.Integration.FoodModule.Model.FoodDish	FOODDISHES	Carbohydrate	CARBOHYDRATE	Decimal	property
NetCity.Integration.FoodModule.Model.FoodDish	NetCity.Integration.FoodModule.Model.FoodDish	FOODDISHES	VitaminC	VITAMINC	Decimal	property
NetCity.Integration.FoodModule.Model.FoodDish	NetCity.Integration.FoodModule.Model.FoodDish	FOODDISHES	SchoolId	SCHOOLID	Int32	property
NetCity.Integration.FoodModule.Model.FoodDish	NetCity.Integration.FoodModule.Model.FoodDish	FOODDISHES	IsDeleted	ISDELETED	Boolean	property
NetCity.Integration.FoodModule.Model.FoodProduct	NetCity.Integration.FoodModule.Model.FoodProduct	FOODPRODUCTS	Id	ID	Int32	id
NetCity.Integration.FoodModule.Model.FoodProduct	NetCity.Integration.FoodModule.Model.FoodProduct	FOODPRODUCTS	Name	NAME	String	property
NetCity.Integration.FoodModule.Model.FoodProduct	NetCity.Integration.FoodModule.Model.FoodProduct	FOODPRODUCTS	SchoolId	SCHOOLID	Int32	property
NetCity.Integration.FoodModule.Model.FoodProduct	NetCity.Integration.FoodModule.Model.FoodProduct	FOODPRODUCTS	IsDeleted	ISDELETED	Boolean	property
NetCity.Integration.FoodModule.Model.MealMenuContent	NetCity.Integration.FoodModule.Model.MealMenuContent	MEALMENUCONTENTS	Id	ID	Int32	id
NetCity.Integration.FoodModule.Model.MealMenuContent	NetCity.Integration.FoodModule.Model.MealMenuContent	MEALMENUCONTENTS	Weight	WEIGHT	Decimal	property
NetCity.Integration.FoodModule.Model.MealMenuContent	NetCity.Integration.FoodModule.Model.MealMenuContent	MEALMENUCONTENTS	DayMenu	DAYMENUID	NetCity.Integration.FoodModule.Model.SchoolDayMenu	many-to-one
NetCity.Integration.FoodModule.Model.MealMenuContent	NetCity.Integration.FoodModule.Model.MealMenuContent	MEALMENUCONTENTS	Dish	DISHID	NetCity.Integration.FoodModule.Model.FoodDish	many-to-one
NetCity.Integration.FoodModule.Model.SchoolDayMenu	NetCity.Integration.FoodModule.Model.SchoolDayMenu	SCHOOLDAYMEALMENUS	Id	ID	Int32	id
NetCity.Integration.FoodModule.Model.SchoolDayMenu	NetCity.Integration.FoodModule.Model.SchoolDayMenu	SCHOOLDAYMEALMENUS	Contents		System.Collections.Generic.ISet`1[[NetCity.Integration.FoodModule.Model.MealMenuContent, NetCity.Integration.FoodModule, Version=5.14.65351.225, Culture=neutral, PublicKeyToken=null]](NetCity.Integration.FoodModule.Model.SchoolDayMenu.Contents)	collection
NetCity.Integration.FoodModule.Model.SchoolDayMenu	NetCity.Integration.FoodModule.Model.SchoolDayMenu	SCHOOLDAYMEALMENUS	DayNum	DAYNUM	Int32	property
NetCity.Integration.FoodModule.Model.SchoolDayMenu	NetCity.Integration.FoodModule.Model.SchoolDayMenu	SCHOOLDAYMEALMENUS	EatingTime	EATINGTIMEID	NetCity.Integration.FoodModule.Model.MealMenuEatingTime	many-to-one
NetCity.Integration.FoodModule.Model.SchoolDayMenu	NetCity.Integration.FoodModule.Model.SchoolDayMenu	SCHOOLDAYMEALMENUS	Menu	MENUID	NetCity.Integration.FoodModule.Model.SchoolMealMenu	many-to-one
NetCity.Integration.FoodModule.Model.MealMenuEatingTime	NetCity.Integration.FoodModule.Model.MealMenuEatingTime	SCHOOLEATINGTIMES	Id	ID	Int32	id
NetCity.Integration.FoodModule.Model.MealMenuEatingTime	NetCity.Integration.FoodModule.Model.MealMenuEatingTime	SCHOOLEATINGTIMES	Start	STARTTIME	DateTime	property
NetCity.Integration.FoodModule.Model.MealMenuEatingTime	NetCity.Integration.FoodModule.Model.MealMenuEatingTime	SCHOOLEATINGTIMES	End	ENDTIME	DateTime	property
NetCity.Integration.FoodModule.Model.MealMenuEatingTime	NetCity.Integration.FoodModule.Model.MealMenuEatingTime	SCHOOLEATINGTIMES	Type	TYPEID	NHibernate.Type.EnumType`1[[NetCity.Integration.FoodModule.Model.EatingType, NetCity.Integration.FoodModule, Version=5.14.65351.225, Culture=neutral, PublicKeyToken=null]], NHibernate	property
NetCity.Integration.FoodModule.Model.MealMenuEatingTime	NetCity.Integration.FoodModule.Model.MealMenuEatingTime	SCHOOLEATINGTIMES	Menu	MENUID	NetCity.Integration.FoodModule.Model.SchoolMealMenu	many-to-one
NetCity.Integration.FoodModule.Model.SchoolMealMenu	NetCity.Integration.FoodModule.Model.SchoolMealMenu	SCHOOLSMEALMENUS	Id	ID	Int32	id
NetCity.Integration.FoodModule.Model.SchoolMealMenu	NetCity.Integration.FoodModule.Model.SchoolMealMenu	SCHOOLSMEALMENUS	EatingTimes		System.Collections.Generic.ISet`1[[NetCity.Integration.FoodModule.Model.MealMenuEatingTime, NetCity.Integration.FoodModule, Version=5.14.65351.225, Culture=neutral, PublicKeyToken=null]](NetCity.Integration.FoodModule.Model.SchoolMealMenu.EatingTimes)	collection
NetCity.Integration.FoodModule.Model.SchoolMealMenu	NetCity.Integration.FoodModule.Model.SchoolMealMenu	SCHOOLSMEALMENUS	DayMenu		System.Collections.Generic.ISet`1[[NetCity.Integration.FoodModule.Model.SchoolDayMenu, NetCity.Integration.FoodModule, Version=5.14.65351.225, Culture=neutral, PublicKeyToken=null]](NetCity.Integration.FoodModule.Model.SchoolMealMenu.DayMenu)	collection
NetCity.Integration.FoodModule.Model.SchoolMealMenu	NetCity.Integration.FoodModule.Model.SchoolMealMenu	SCHOOLSMEALMENUS	Name	NAME	String	property
NetCity.Integration.FoodModule.Model.SchoolMealMenu	NetCity.Integration.FoodModule.Model.SchoolMealMenu	SCHOOLSMEALMENUS	SchoolId	SCHOOLID	Int32	property
NetCity.Integration.FoodModule.Model.SchoolMealMenu	NetCity.Integration.FoodModule.Model.SchoolMealMenu	SCHOOLSMEALMENUS	DouGroupAgeId	DOUGROUPAGEID	Int32	property
NetCity.Integration.FoodModule.Model.SchoolMealMenu	NetCity.Integration.FoodModule.Model.SchoolMealMenu	SCHOOLSMEALMENUS	DouGroupRegimeId	DOUGROUPREGIMEID	Int32	property
NetCity.Integration.FoodModule.Model.SchoolMealMenu	NetCity.Integration.FoodModule.Model.SchoolMealMenu	SCHOOLSMEALMENUS	Season	SEASONTYPE	NHibernate.Type.EnumType`1[[NetCity.Integration.FoodModule.Model.MealMenuSeasonType, NetCity.Integration.FoodModule, Version=5.14.65351.225, Culture=neutral, PublicKeyToken=null]], NHibernate	property
NetCity.Integration.FoodModule.Model.SchoolMealMenu	NetCity.Integration.FoodModule.Model.SchoolMealMenu	SCHOOLSMEALMENUS	Status	STATUS	NHibernate.Type.EnumType`1[[NetCity.Integration.FoodModule.Model.MealMenuStatusType, NetCity.Integration.FoodModule, Version=5.14.65351.225, Culture=neutral, PublicKeyToken=null]], NHibernate	property
NetCity.Integration.FoodModule.Model.SchoolMealMenu	NetCity.Integration.FoodModule.Model.SchoolMealMenu	SCHOOLSMEALMENUS	IsDeleted	ISDELETED	Boolean	property
NetCity.Integration.FoodPayModule.Model.FoodPayBalance	NetCity.Integration.FoodPayModule.Model.FoodPayBalance	FOODPAY_BALANCE	Id	ID	Int32	id
NetCity.Integration.FoodPayModule.Model.FoodPayBalance	NetCity.Integration.FoodPayModule.Model.FoodPayBalance	FOODPAY_BALANCE	NumMonth	NUMMONTH	Int32	property
NetCity.Integration.FoodPayModule.Model.FoodPayBalance	NetCity.Integration.FoodPayModule.Model.FoodPayBalance	FOODPAY_BALANCE	StartMonth	STARTMONTH	DateTime	property
NetCity.Integration.FoodPayModule.Model.FoodPayBalance	NetCity.Integration.FoodPayModule.Model.FoodPayBalance	FOODPAY_BALANCE	Balance	BALANCE	Decimal	property
NetCity.Integration.FoodPayModule.Model.FoodPayBalance	NetCity.Integration.FoodPayModule.Model.FoodPayBalance	FOODPAY_BALANCE	School	SCHOOLID	NetCity.Common.ObjectModel.Nhibernate.Organizations.School	many-to-one
NetCity.Integration.FoodPayModule.Model.FoodPayBalance	NetCity.Integration.FoodPayModule.Model.FoodPayBalance	FOODPAY_BALANCE	Student	STUDENTID	NetCity.Common.ObjectModel.Nhibernate.Users.Student	many-to-one
NetCity.Integration.FoodPayModule.Model.FoodPayBalance	NetCity.Integration.FoodPayModule.Model.FoodPayBalance	FOODPAY_BALANCE	Schoolyear	SCHOOLYEARID	NetCity.Common.ObjectModel.Nhibernate.Schoolyear	many-to-one
NetCity.Integration.FoodPayModule.Model.FoodPayDocument	NetCity.Integration.FoodPayModule.Model.FoodPayDocument	FOODPAY_PAYDOCUMENTS	Id	ID	Int32	id
NetCity.Integration.FoodPayModule.Model.FoodPayDocument	NetCity.Integration.FoodPayModule.Model.FoodPayDocument	FOODPAY_PAYDOCUMENTS	NumMonth	NUMMONTH	Int32	property
NetCity.Integration.FoodPayModule.Model.FoodPayDocument	NetCity.Integration.FoodPayModule.Model.FoodPayDocument	FOODPAY_PAYDOCUMENTS	StartMonth	STARTMONTH	DateTime	property
NetCity.Integration.FoodPayModule.Model.FoodPayDocument	NetCity.Integration.FoodPayModule.Model.FoodPayDocument	FOODPAY_PAYDOCUMENTS	CreatedAt	CREATED_AT	DateTime	property
NetCity.Integration.FoodPayModule.Model.FoodPayDocument	NetCity.Integration.FoodPayModule.Model.FoodPayDocument	FOODPAY_PAYDOCUMENTS	BreakfastCount	BREAKFASTCOUNT	Int32	property
NetCity.Integration.FoodPayModule.Model.FoodPayDocument	NetCity.Integration.FoodPayModule.Model.FoodPayDocument	FOODPAY_PAYDOCUMENTS	LunchCount	LUNCHCOUNT	Int32	property
NetCity.Integration.FoodPayModule.Model.FoodPayDocument	NetCity.Integration.FoodPayModule.Model.FoodPayDocument	FOODPAY_PAYDOCUMENTS	SnackCount	SNACKCOUNT	Int32	property
NetCity.Integration.FoodPayModule.Model.FoodPayDocument	NetCity.Integration.FoodPayModule.Model.FoodPayDocument	FOODPAY_PAYDOCUMENTS	Benefit	BENEFIT	Decimal	property
NetCity.Integration.FoodPayModule.Model.FoodPayDocument	NetCity.Integration.FoodPayModule.Model.FoodPayDocument	FOODPAY_PAYDOCUMENTS	Balance	BALANCE	Decimal	property
NetCity.Integration.FoodPayModule.Model.FoodPayDocument	NetCity.Integration.FoodPayModule.Model.FoodPayDocument	FOODPAY_PAYDOCUMENTS	ToPay	TOPAY	Decimal	property
NetCity.Integration.FoodPayModule.Model.FoodPayDocument	NetCity.Integration.FoodPayModule.Model.FoodPayDocument	FOODPAY_PAYDOCUMENTS	Student	STUDENTID	NetCity.Common.ObjectModel.Nhibernate.Users.Student	many-to-one
NetCity.Integration.FoodPayModule.Model.FoodPayDocument	NetCity.Integration.FoodPayModule.Model.FoodPayDocument	FOODPAY_PAYDOCUMENTS	Schoolyear	SCHOOLYEARID	NetCity.Common.ObjectModel.Nhibernate.Schoolyear	many-to-one
NetCity.Integration.FoodPayModule.Model.FoodPayDocument	NetCity.Integration.FoodPayModule.Model.FoodPayDocument	FOODPAY_PAYDOCUMENTS	PayNorm	PAYNORMID	NetCity.Integration.FoodPayModule.Model.FoodPayNorm	many-to-one
NetCity.Integration.FoodPayModule.Model.FoodPayNorm	NetCity.Integration.FoodPayModule.Model.FoodPayNorm	FOODPAY_PAYNORMS	Id	ID	Int32	id
NetCity.Integration.FoodPayModule.Model.FoodPayNorm	NetCity.Integration.FoodPayModule.Model.FoodPayNorm	FOODPAY_PAYNORMS	StartDate	STARTDATE	DateTime	property
NetCity.Integration.FoodPayModule.Model.FoodPayNorm	NetCity.Integration.FoodPayModule.Model.FoodPayNorm	FOODPAY_PAYNORMS	Reason	REASON	AnsiString	property
NetCity.Integration.FoodPayModule.Model.FoodPayNorm	NetCity.Integration.FoodPayModule.Model.FoodPayNorm	FOODPAY_PAYNORMS	BreakfastCost	BREAKFASTCOST	Decimal	property
NetCity.Integration.FoodPayModule.Model.FoodPayNorm	NetCity.Integration.FoodPayModule.Model.FoodPayNorm	FOODPAY_PAYNORMS	LunchCost	LUNCHCOST	Decimal	property
NetCity.Integration.FoodPayModule.Model.FoodPayNorm	NetCity.Integration.FoodPayModule.Model.FoodPayNorm	FOODPAY_PAYNORMS	SnackCost	SNACKCOST	Decimal	property
NetCity.Integration.FoodPayModule.Model.FoodPayNorm	NetCity.Integration.FoodPayModule.Model.FoodPayNorm	FOODPAY_PAYNORMS	School	SCHOOLID	NetCity.Common.ObjectModel.Nhibernate.Organizations.School	many-to-one
NetCity.Integration.FoodPayModule.Model.SchoolOrder	NetCity.Integration.FoodPayModule.Model.SchoolOrder	FOODPAY_SCHOOLORDERS	Id	ID	Int32	id
NetCity.Integration.FoodPayModule.Model.SchoolOrder	NetCity.Integration.FoodPayModule.Model.SchoolOrder	FOODPAY_SCHOOLORDERS	StudentOrders		System.Collections.Generic.ISet`1[[NetCity.Integration.FoodPayModule.Model.StudentOrder, NetCity.Integration.FoodPayModule, Version=5.14.65351.225, Culture=neutral, PublicKeyToken=null]](NetCity.Integration.FoodPayModule.Model.SchoolOrder.StudentOrders)	collection
NetCity.Integration.FoodPayModule.Model.SchoolOrder	NetCity.Integration.FoodPayModule.Model.SchoolOrder	FOODPAY_SCHOOLORDERS	Day	DAY	DateTime	property
NetCity.Integration.FoodPayModule.Model.SchoolOrder	NetCity.Integration.FoodPayModule.Model.SchoolOrder	FOODPAY_SCHOOLORDERS	ApprovedAt	APPROVED_AT	DateTime	property
NetCity.Integration.FoodPayModule.Model.SchoolOrder	NetCity.Integration.FoodPayModule.Model.SchoolOrder	FOODPAY_SCHOOLORDERS	School	SCHOOLID	NetCity.Common.ObjectModel.Nhibernate.Organizations.School	many-to-one
NetCity.Integration.FoodPayModule.Model.SchoolOrder	NetCity.Integration.FoodPayModule.Model.SchoolOrder	FOODPAY_SCHOOLORDERS	ApprovedBy	APPROVED_BY	NetCity.Common.ObjectModel.Nhibernate.Users.User	many-to-one
NetCity.Integration.FoodPayModule.Model.StudentOrder	NetCity.Integration.FoodPayModule.Model.StudentOrder	FOODPAY_STUDENTORDERS	Id	ID	Int32	id
NetCity.Integration.FoodPayModule.Model.StudentOrder	NetCity.Integration.FoodPayModule.Model.StudentOrder	FOODPAY_STUDENTORDERS	Breakfast	BREAKFAST	Boolean	property
NetCity.Integration.FoodPayModule.Model.StudentOrder	NetCity.Integration.FoodPayModule.Model.StudentOrder	FOODPAY_STUDENTORDERS	Lunch	LUNCH	Boolean	property
NetCity.Integration.FoodPayModule.Model.StudentOrder	NetCity.Integration.FoodPayModule.Model.StudentOrder	FOODPAY_STUDENTORDERS	Snack	SNACK	Boolean	property
NetCity.Integration.FoodPayModule.Model.StudentOrder	NetCity.Integration.FoodPayModule.Model.StudentOrder	FOODPAY_STUDENTORDERS	CreatedAt	CREATED_AT	DateTime	property
NetCity.Integration.FoodPayModule.Model.StudentOrder	NetCity.Integration.FoodPayModule.Model.StudentOrder	FOODPAY_STUDENTORDERS	SchoolOrder	SCHOOLORDERID	NetCity.Integration.FoodPayModule.Model.SchoolOrder	many-to-one
NetCity.Integration.FoodPayModule.Model.StudentOrder	NetCity.Integration.FoodPayModule.Model.StudentOrder	FOODPAY_STUDENTORDERS	Student	STUDENTID	NetCity.Common.ObjectModel.Nhibernate.Users.Student	many-to-one
NetCity.Integration.FoodPayModule.Model.StudentOrder	NetCity.Integration.FoodPayModule.Model.StudentOrder	FOODPAY_STUDENTORDERS	CreatedBy	CREATED_BY	NetCity.Common.ObjectModel.Nhibernate.Users.User	many-to-one
NetCity.Integration.PfrModule.Domain.PfrSnilsRequest	NetCity.Integration.PfrModule.Domain.PfrSnilsRequest	PFR_SNILS_REQUESTS	Id	ID	Int32	id
NetCity.Integration.PfrModule.Domain.PfrSnilsRequest	NetCity.Integration.PfrModule.Domain.PfrSnilsRequest	PFR_SNILS_REQUESTS	LastName	LASTNAME	String	property
NetCity.Integration.PfrModule.Domain.PfrSnilsRequest	NetCity.Integration.PfrModule.Domain.PfrSnilsRequest	PFR_SNILS_REQUESTS	FirstName	FIRSTNAME	String	property
NetCity.Integration.PfrModule.Domain.PfrSnilsRequest	NetCity.Integration.PfrModule.Domain.PfrSnilsRequest	PFR_SNILS_REQUESTS	MiddleName	MIDDLENAME	String	property
NetCity.Integration.PfrModule.Domain.PfrSnilsRequest	NetCity.Integration.PfrModule.Domain.PfrSnilsRequest	PFR_SNILS_REQUESTS	BirthDate	BIRTHDATE	DateTime	property
NetCity.Integration.PfrModule.Domain.PfrSnilsRequest	NetCity.Integration.PfrModule.Domain.PfrSnilsRequest	PFR_SNILS_REQUESTS	Gender	GENDER	GenderMap	property
NetCity.Integration.PfrModule.Domain.PfrSnilsRequest	NetCity.Integration.PfrModule.Domain.PfrSnilsRequest	PFR_SNILS_REQUESTS	IdentityDocument	IDENTITYDOCUMENT	String	property
NetCity.Integration.PfrModule.Domain.PfrSnilsRequest	NetCity.Integration.PfrModule.Domain.PfrSnilsRequest	PFR_SNILS_REQUESTS	UserId	USERID	Int32	property
NetCity.Integration.PfrModule.Domain.PfrSnilsRequest	NetCity.Integration.PfrModule.Domain.PfrSnilsRequest	PFR_SNILS_REQUESTS	SmevMessageId	SMEVMESSAGEID	Guid	property
NetCity.Integration.PfrModule.Domain.PfrSnilsRequest	NetCity.Integration.PfrModule.Domain.PfrSnilsRequest	PFR_SNILS_REQUESTS	Snils	SNILS	String	property
NetCity.Integration.PfrModule.Domain.PfrSnilsRequest	NetCity.Integration.PfrModule.Domain.PfrSnilsRequest	PFR_SNILS_REQUESTS	Status	STATUS	Int32	property
NetCity.Integration.PfrModule.Domain.PfrSnilsRequest	NetCity.Integration.PfrModule.Domain.PfrSnilsRequest	PFR_SNILS_REQUESTS	SchoolId	SCHOOLID	Int32	property
NetCity.Integration.PfrModule.Domain.PfrSnilsRequest	NetCity.Integration.PfrModule.Domain.PfrSnilsRequest	PFR_SNILS_REQUESTS	RequestTime	REQUESTTIME	DateTime	property
NetCity.Integration.PfrModule.Domain.PfrSnilsRequest	NetCity.Integration.PfrModule.Domain.PfrSnilsRequest	PFR_SNILS_REQUESTS	ResponseTime	RESPONSETIME	DateTime	property
NetCity.Integration.SchoolFood.Models.SchoolFoodUser	NetCity.Integration.SchoolFood.Models.SchoolFoodUser	SCHOOLFOOD_USERSACCESS	Id	ID	Int32	id
NetCity.Integration.SchoolFood.Models.SchoolFoodUser	NetCity.Integration.SchoolFood.Models.SchoolFoodUser	SCHOOLFOOD_USERSACCESS	User	USERID	NetCity.Common.ObjectModel.Nhibernate.Users.User	many-to-one
NetCity.Integration.SchoolFood.Models.SchoolFoodUser	NetCity.Integration.SchoolFood.Models.SchoolFoodUser	SCHOOLFOOD_USERSACCESS	School	SCHOOLID	NetCity.Common.ObjectModel.Nhibernate.Organizations.School	many-to-one
NetCity.Common.ObjectModel.Nhibernate.AddSchool.AddActivityType	NetCity.Common.ObjectModel.Nhibernate.AddSchool.AddActivityType	ADDACTIVITYTYPES	Id	TYPEID	Int32	id
NetCity.Common.ObjectModel.Nhibernate.AddSchool.AddActivityType	NetCity.Common.ObjectModel.Nhibernate.AddSchool.AddActivityType	ADDACTIVITYTYPES	AddPrograms		System.Collections.Generic.ISet`1[[NetCity.Common.ObjectModel.Nhibernate.AddProgram, NetCity.Common.ObjectModel, Version=5.14.65351.225, Culture=neutral, PublicKeyToken=ea3eeeb5c070719f]](NetCity.Common.ObjectModel.Nhibernate.AddSchool.AddActivityType.AddPrograms)	collection
NetCity.Common.ObjectModel.Nhibernate.AddSchool.AddActivityType	NetCity.Common.ObjectModel.Nhibernate.AddSchool.AddActivityType	ADDACTIVITYTYPES	Name	TYPENAME	AnsiString	property
NetCity.Common.ObjectModel.Nhibernate.AddSchool.AddActivityType	NetCity.Common.ObjectModel.Nhibernate.AddSchool.AddActivityType	ADDACTIVITYTYPES	Guid	TYPEUUID	Guid	property
NetCity.Common.ObjectModel.Nhibernate.AddSchool.AddActivityType	NetCity.Common.ObjectModel.Nhibernate.AddSchool.AddActivityType	ADDACTIVITYTYPES	ProgDirection	DIRECTIONID	NetCity.Common.ObjectModel.Nhibernate.ProgDirection	many-to-one
NetCity.Common.ObjectModel.Nhibernate.AddProgramType	NetCity.Common.ObjectModel.Nhibernate.AddProgramType	ADDPROGRAMTYPES	Id	ADDPROGRAMTYPEID	Int32	id
NetCity.Common.ObjectModel.Nhibernate.AddProgramType	NetCity.Common.ObjectModel.Nhibernate.AddProgramType	ADDPROGRAMTYPES	AddPrograms		System.Collections.Generic.ISet`1[[NetCity.Common.ObjectModel.Nhibernate.AddProgram, NetCity.Common.ObjectModel, Version=5.14.65351.225, Culture=neutral, PublicKeyToken=ea3eeeb5c070719f]](NetCity.Common.ObjectModel.Nhibernate.AddProgramType.AddPrograms)	collection
NetCity.Common.ObjectModel.Nhibernate.AddProgramType	NetCity.Common.ObjectModel.Nhibernate.AddProgramType	ADDPROGRAMTYPES	Name	ADDPROGRAMTYPENAME	AnsiString	property
NetCity.Common.ObjectModel.Nhibernate.Address.Address	NetCity.Common.ObjectModel.Nhibernate.Address.Address	ADDRESSES	Id	ADDRESSID	Int32	id
NetCity.Common.ObjectModel.Nhibernate.Address.Address	NetCity.Common.ObjectModel.Nhibernate.Address.Address	ADDRESSES	UserAddresses		System.Collections.Generic.ISet`1[[NetCity.Common.ObjectModel.Nhibernate.Address.UserAddress, NetCity.Common.ObjectModel, Version=5.14.65351.225, Culture=neutral, PublicKeyToken=ea3eeeb5c070719f]](NetCity.Common.ObjectModel.Nhibernate.Address.Address.UserAddresses)	collection
NetCity.Common.ObjectModel.Nhibernate.Address.Address	NetCity.Common.ObjectModel.Nhibernate.Address.Address	ADDRESSES	SchoolAddresses		System.Collections.Generic.ISet`1[[NetCity.Common.ObjectModel.Nhibernate.Address.SchoolAddress, NetCity.Common.ObjectModel, Version=5.14.65351.225, Culture=neutral, PublicKeyToken=ea3eeeb5c070719f]](NetCity.Common.ObjectModel.Nhibernate.Address.Address.SchoolAddresses)	collection
NetCity.Common.ObjectModel.Nhibernate.Address.Address	NetCity.Common.ObjectModel.Nhibernate.Address.Address	ADDRESSES	House	HOUSE	AnsiString	property
NetCity.Common.ObjectModel.Nhibernate.Address.Address	NetCity.Common.ObjectModel.Nhibernate.Address.Address	ADDRESSES	Corp	CORP	AnsiString	property
NetCity.Common.ObjectModel.Nhibernate.Address.Address	NetCity.Common.ObjectModel.Nhibernate.Address.Address	ADDRESSES	Struc	STRUC	AnsiString	property
NetCity.Common.ObjectModel.Nhibernate.Address.Address	NetCity.Common.ObjectModel.Nhibernate.Address.Address	ADDRESSES	Room	ROOM	AnsiString	property
NetCity.Common.ObjectModel.Nhibernate.Address.Address	NetCity.Common.ObjectModel.Nhibernate.Address.Address	ADDRESSES	Fias	FiasId	Guid	property
NetCity.Common.ObjectModel.Nhibernate.Address.Address	NetCity.Common.ObjectModel.Nhibernate.Address.Address	ADDRESSES	Location	LOCATIONID	NetCity.Common.ObjectModel.Nhibernate.Address.Location	many-to-one
NetCity.Common.ObjectModel.Nhibernate.Address.Address	NetCity.Common.ObjectModel.Nhibernate.Address.Address	ADDRESSES	District	DISTRICTID	NetCity.Common.ObjectModel.Nhibernate.Address.District	many-to-one
NetCity.Common.ObjectModel.Nhibernate.Address.AtoType	NetCity.Common.ObjectModel.Nhibernate.Address.AtoType	ATO_TYPES	Id	ATO_TYPEID	Int32	id
NetCity.Common.ObjectModel.Nhibernate.Address.AtoType	NetCity.Common.ObjectModel.Nhibernate.Address.AtoType	ATO_TYPES	Name	FULLNAME	AnsiString	property
NetCity.Common.ObjectModel.Nhibernate.Address.AtoType	NetCity.Common.ObjectModel.Nhibernate.Address.AtoType	ATO_TYPES	ShortName	SHORTNAME	AnsiString	property
NetCity.Common.ObjectModel.Nhibernate.Address.AtoType	NetCity.Common.ObjectModel.Nhibernate.Address.AtoType	ATO_TYPES	Level	LEVELABBR	Int32	property
NetCity.Common.ObjectModel.Nhibernate.Address.City	NetCity.Common.ObjectModel.Nhibernate.Address.City	CITIES	Id	CITYID	Int32	id
NetCity.Common.ObjectModel.Nhibernate.Address.City	NetCity.Common.ObjectModel.Nhibernate.Address.City	CITIES	Cities		System.Collections.Generic.ISet`1[[NetCity.Common.ObjectModel.Nhibernate.Address.City, NetCity.Common.ObjectModel, Version=5.14.65351.225, Culture=neutral, PublicKeyToken=ea3eeeb5c070719f]](NetCity.Common.ObjectModel.Nhibernate.Address.City.Cities)	collection
NetCity.Common.ObjectModel.Nhibernate.Address.City	NetCity.Common.ObjectModel.Nhibernate.Address.City	CITIES	Districts		System.Collections.Generic.ISet`1[[NetCity.Common.ObjectModel.Nhibernate.Address.District, NetCity.Common.ObjectModel, Version=5.14.65351.225, Culture=neutral, PublicKeyToken=ea3eeeb5c070719f]](NetCity.Common.ObjectModel.Nhibernate.Address.City.Districts)	collection
NetCity.Common.ObjectModel.Nhibernate.Address.City	NetCity.Common.ObjectModel.Nhibernate.Address.City	CITIES	Locations		System.Collections.Generic.ISet`1[[NetCity.Common.ObjectModel.Nhibernate.Address.Location, NetCity.Common.ObjectModel, Version=5.14.65351.225, Culture=neutral, PublicKeyToken=ea3eeeb5c070719f]](NetCity.Common.ObjectModel.Nhibernate.Address.City.Locations)	collection
NetCity.Common.ObjectModel.Nhibernate.Address.City	NetCity.Common.ObjectModel.Nhibernate.Address.City	CITIES	Schools		System.Collections.Generic.ISet`1[[NetCity.Common.ObjectModel.Nhibernate.Organizations.School, NetCity.Common.ObjectModel, Version=5.14.65351.225, Culture=neutral, PublicKeyToken=ea3eeeb5c070719f]](NetCity.Common.ObjectModel.Nhibernate.Address.City.Schools)	collection
NetCity.Common.ObjectModel.Nhibernate.Address.City	NetCity.Common.ObjectModel.Nhibernate.Address.City	CITIES	Eos		System.Collections.Generic.ISet`1[[NetCity.Common.ObjectModel.Nhibernate.Organizations.EducOrganization, NetCity.Common.ObjectModel, Version=5.14.65351.225, Culture=neutral, PublicKeyToken=ea3eeeb5c070719f]](NetCity.Common.ObjectModel.Nhibernate.Address.City.Eos)	collection
NetCity.Common.ObjectModel.Nhibernate.Address.City	NetCity.Common.ObjectModel.Nhibernate.Address.City	CITIES	Founders		System.Collections.Generic.ISet`1[[NetCity.Common.ObjectModel.Nhibernate.Organizations.Founder, NetCity.Common.ObjectModel, Version=5.14.65351.225, Culture=neutral, PublicKeyToken=ea3eeeb5c070719f]](NetCity.Common.ObjectModel.Nhibernate.Address.City.Founders)	collection
NetCity.Common.ObjectModel.Nhibernate.Address.City	NetCity.Common.ObjectModel.Nhibernate.Address.City	CITIES	Availabilityofstreet	AVAILABILITYOFSTREET	Int32	property
NetCity.Common.ObjectModel.Nhibernate.Address.City	NetCity.Common.ObjectModel.Nhibernate.Address.City	CITIES	KladrCode	KLADRCODE	AnsiString	property
NetCity.Common.ObjectModel.Nhibernate.Address.City	NetCity.Common.ObjectModel.Nhibernate.Address.City	CITIES	Name	NAME	AnsiString	property
NetCity.Common.ObjectModel.Nhibernate.Address.City	NetCity.Common.ObjectModel.Nhibernate.Address.City	CITIES	Settlementtypeid	SETTLEMENTTYPEID	Int32	property
NetCity.Common.ObjectModel.Nhibernate.Address.City	NetCity.Common.ObjectModel.Nhibernate.Address.City	CITIES	Fias	FiasId	Guid	property
NetCity.Common.ObjectModel.Nhibernate.Address.City	NetCity.Common.ObjectModel.Nhibernate.Address.City	CITIES	AtoType	ATO_TYPEID	NetCity.Common.ObjectModel.Nhibernate.Address.AtoType	many-to-one
NetCity.Common.ObjectModel.Nhibernate.Address.City	NetCity.Common.ObjectModel.Nhibernate.Address.City	CITIES	Province	PROVINCEID	NetCity.Common.ObjectModel.Nhibernate.Address.Province	many-to-one
NetCity.Common.ObjectModel.Nhibernate.Address.City	NetCity.Common.ObjectModel.Nhibernate.Address.City	CITIES	State	STATE_PROVINCEID	NetCity.Common.ObjectModel.Nhibernate.Address.State	many-to-one
NetCity.Common.ObjectModel.Nhibernate.Address.City	NetCity.Common.ObjectModel.Nhibernate.Address.City	CITIES	Parentcityid	PARENTCITYID	NetCity.Common.ObjectModel.Nhibernate.Address.City	many-to-one
NetCity.Common.ObjectModel.Nhibernate.Address.Country	NetCity.Common.ObjectModel.Nhibernate.Address.Country	COUNTRIES	Id	COUNTRYID	Int32	id
NetCity.Common.ObjectModel.Nhibernate.Address.Country	NetCity.Common.ObjectModel.Nhibernate.Address.Country	COUNTRIES	States		System.Collections.Generic.ISet`1[[NetCity.Common.ObjectModel.Nhibernate.Address.State, NetCity.Common.ObjectModel, Version=5.14.65351.225, Culture=neutral, PublicKeyToken=ea3eeeb5c070719f]](NetCity.Common.ObjectModel.Nhibernate.Address.Country.States)	collection
NetCity.Common.ObjectModel.Nhibernate.Address.Country	NetCity.Common.ObjectModel.Nhibernate.Address.Country	COUNTRIES	Name	COUNTRYNAME	AnsiString	property
NetCity.Common.ObjectModel.Nhibernate.Address.CountryOKSM	NetCity.Common.ObjectModel.Nhibernate.Address.CountryOKSM	COUNTRIES_OKSM	Id	ID	Int32	id
NetCity.Common.ObjectModel.Nhibernate.Address.CountryOKSM	NetCity.Common.ObjectModel.Nhibernate.Address.CountryOKSM	COUNTRIES_OKSM	Name	SHORTNAME	AnsiString	property
NetCity.Common.ObjectModel.Nhibernate.Address.CountryOKSM	NetCity.Common.ObjectModel.Nhibernate.Address.CountryOKSM	COUNTRIES_OKSM	FullName	FULLNAME	AnsiString	property
NetCity.Common.ObjectModel.Nhibernate.Address.CountryOKSM	NetCity.Common.ObjectModel.Nhibernate.Address.CountryOKSM	COUNTRIES_OKSM	Code	CODE	AnsiString	property
NetCity.Common.ObjectModel.Nhibernate.Address.CountryOKSM	NetCity.Common.ObjectModel.Nhibernate.Address.CountryOKSM	COUNTRIES_OKSM	Alfa2	ALFA2	AnsiString	property
NetCity.Common.ObjectModel.Nhibernate.Address.CountryOKSM	NetCity.Common.ObjectModel.Nhibernate.Address.CountryOKSM	COUNTRIES_OKSM	Alfa3	ALFA3	AnsiString	property
NetCity.Common.ObjectModel.Nhibernate.Address.District	NetCity.Common.ObjectModel.Nhibernate.Address.District	DISTRICTS	Id	DISTRICTID	Int32	id
NetCity.Common.ObjectModel.Nhibernate.Address.District	NetCity.Common.ObjectModel.Nhibernate.Address.District	DISTRICTS	Schools		System.Collections.Generic.ISet`1[[NetCity.Common.ObjectModel.Nhibernate.Organizations.School, NetCity.Common.ObjectModel, Version=5.14.65351.225, Culture=neutral, PublicKeyToken=ea3eeeb5c070719f]](NetCity.Common.ObjectModel.Nhibernate.Address.District.Schools)	collection
NetCity.Common.ObjectModel.Nhibernate.Address.District	NetCity.Common.ObjectModel.Nhibernate.Address.District	DISTRICTS	Name	NAME	AnsiString	property
NetCity.Common.ObjectModel.Nhibernate.Address.District	NetCity.Common.ObjectModel.Nhibernate.Address.District	DISTRICTS	City	CITYID	NetCity.Common.ObjectModel.Nhibernate.Address.City	many-to-one
NetCity.Common.ObjectModel.Nhibernate.Address.Location	NetCity.Common.ObjectModel.Nhibernate.Address.Location	LOCATIONS	Id	LOCATIONID	Int32	id
NetCity.Common.ObjectModel.Nhibernate.Address.Location	NetCity.Common.ObjectModel.Nhibernate.Address.Location	LOCATIONS	ZipCodes		System.Collections.Generic.ISet`1[[NetCity.Common.ObjectModel.Nhibernate.Address.ZipCodeInfo, NetCity.Common.ObjectModel, Version=5.14.65351.225, Culture=neutral, PublicKeyToken=ea3eeeb5c070719f]](NetCity.Common.ObjectModel.Nhibernate.Address.Location.ZipCodes)	collection
NetCity.Common.ObjectModel.Nhibernate.Address.Location	NetCity.Common.ObjectModel.Nhibernate.Address.Location	LOCATIONS	Addresses		System.Collections.Generic.ISet`1[[NetCity.Common.ObjectModel.Nhibernate.Address.Address, NetCity.Common.ObjectModel, Version=5.14.65351.225, Culture=neutral, PublicKeyToken=ea3eeeb5c070719f]](NetCity.Common.ObjectModel.Nhibernate.Address.Location.Addresses)	collection
NetCity.Common.ObjectModel.Nhibernate.Address.Location	NetCity.Common.ObjectModel.Nhibernate.Address.Location	LOCATIONS	Name	NAME	AnsiString	property
NetCity.Common.ObjectModel.Nhibernate.Address.Location	NetCity.Common.ObjectModel.Nhibernate.Address.Location	LOCATIONS	KladrCode	KLADRCODE	AnsiString	property
NetCity.Common.ObjectModel.Nhibernate.Address.Location	NetCity.Common.ObjectModel.Nhibernate.Address.Location	LOCATIONS	Fias	FiasId	Guid	property
NetCity.Common.ObjectModel.Nhibernate.Address.Location	NetCity.Common.ObjectModel.Nhibernate.Address.Location	LOCATIONS	City	CITYID	NetCity.Common.ObjectModel.Nhibernate.Address.City	many-to-one
NetCity.Common.ObjectModel.Nhibernate.Address.Location	NetCity.Common.ObjectModel.Nhibernate.Address.Location	LOCATIONS	AtoType	ATO_TYPEID	NetCity.Common.ObjectModel.Nhibernate.Address.AtoType	many-to-one
NetCity.Common.ObjectModel.Nhibernate.Address.Province	NetCity.Common.ObjectModel.Nhibernate.Address.Province	PROVINCES	Id	PROVINCEID	Int32	id
NetCity.Common.ObjectModel.Nhibernate.Address.Province	NetCity.Common.ObjectModel.Nhibernate.Address.Province	PROVINCES	Cities		System.Collections.Generic.ISet`1[[NetCity.Common.ObjectModel.Nhibernate.Address.City, NetCity.Common.ObjectModel, Version=5.14.65351.225, Culture=neutral, PublicKeyToken=ea3eeeb5c070719f]](NetCity.Common.ObjectModel.Nhibernate.Address.Province.Cities)	collection
NetCity.Common.ObjectModel.Nhibernate.Address.Province	NetCity.Common.ObjectModel.Nhibernate.Address.Province	PROVINCES	KladrCode	KLADRCODE	AnsiString	property
NetCity.Common.ObjectModel.Nhibernate.Address.Province	NetCity.Common.ObjectModel.Nhibernate.Address.Province	PROVINCES	Name	PROVINCENAME	AnsiString	property
NetCity.Common.ObjectModel.Nhibernate.Address.Province	NetCity.Common.ObjectModel.Nhibernate.Address.Province	PROVINCES	Fias	FiasId	Guid	property
NetCity.Common.ObjectModel.Nhibernate.Address.Province	NetCity.Common.ObjectModel.Nhibernate.Address.Province	PROVINCES	State	STATEID	NetCity.Common.ObjectModel.Nhibernate.Address.State	many-to-one
NetCity.Common.ObjectModel.Nhibernate.Address.State	NetCity.Common.ObjectModel.Nhibernate.Address.State	STATES	Id	STATE_PROVINCEID	Int32	id
NetCity.Common.ObjectModel.Nhibernate.Address.State	NetCity.Common.ObjectModel.Nhibernate.Address.State	STATES	Cities		System.Collections.Generic.ISet`1[[NetCity.Common.ObjectModel.Nhibernate.Address.City, NetCity.Common.ObjectModel, Version=5.14.65351.225, Culture=neutral, PublicKeyToken=ea3eeeb5c070719f]](NetCity.Common.ObjectModel.Nhibernate.Address.State.Cities)	collection
NetCity.Common.ObjectModel.Nhibernate.Address.State	NetCity.Common.ObjectModel.Nhibernate.Address.State	STATES	Provinces		System.Collections.Generic.ISet`1[[NetCity.Common.ObjectModel.Nhibernate.Address.Province, NetCity.Common.ObjectModel, Version=5.14.65351.225, Culture=neutral, PublicKeyToken=ea3eeeb5c070719f]](NetCity.Common.ObjectModel.Nhibernate.Address.State.Provinces)	collection
NetCity.Common.ObjectModel.Nhibernate.Address.State	NetCity.Common.ObjectModel.Nhibernate.Address.State	STATES	KladrCode	KLADRCODE	AnsiString	property
NetCity.Common.ObjectModel.Nhibernate.Address.State	NetCity.Common.ObjectModel.Nhibernate.Address.State	STATES	Name	STATEPROVINCENAME	AnsiString	property
NetCity.Common.ObjectModel.Nhibernate.Address.State	NetCity.Common.ObjectModel.Nhibernate.Address.State	STATES	Fias	FiasId	Guid	property
NetCity.Common.ObjectModel.Nhibernate.Address.State	NetCity.Common.ObjectModel.Nhibernate.Address.State	STATES	Country	COUNTRYID	NetCity.Common.ObjectModel.Nhibernate.Address.Country	many-to-one
NetCity.Common.ObjectModel.Nhibernate.AddProgram	NetCity.Common.ObjectModel.Nhibernate.AddProgram	ADD_PROGRAMS	Id	PROGRAMID	Int32	id
NetCity.Common.ObjectModel.Nhibernate.AddProgram	NetCity.Common.ObjectModel.Nhibernate.AddProgram	ADD_PROGRAMS	Limits		System.Collections.Generic.ISet`1[[NetCity.Common.ObjectModel.Nhibernate.ProgramLimit, NetCity.Common.ObjectModel, Version=5.14.65351.225, Culture=neutral, PublicKeyToken=ea3eeeb5c070719f]](NetCity.Common.ObjectModel.Nhibernate.AddProgram.Limits)	collection
NetCity.Common.ObjectModel.Nhibernate.AddProgram	NetCity.Common.ObjectModel.Nhibernate.AddProgram	ADD_PROGRAMS	Classes		System.Collections.Generic.ISet`1[[NetCity.Common.ObjectModel.Nhibernate.Classes.Class, NetCity.Common.ObjectModel, Version=5.14.65351.225, Culture=neutral, PublicKeyToken=ea3eeeb5c070719f]](NetCity.Common.ObjectModel.Nhibernate.AddProgram.Classes)	collection
NetCity.Common.ObjectModel.Nhibernate.AddProgram	NetCity.Common.ObjectModel.Nhibernate.AddProgram	ADD_PROGRAMS	PaymentTypes		System.Collections.Generic.ISet`1[[NetCity.Common.ObjectModel.Nhibernate.AddSchool.AddProgramPaymentType, NetCity.Common.ObjectModel, Version=5.14.65351.225, Culture=neutral, PublicKeyToken=ea3eeeb5c070719f]](NetCity.Common.ObjectModel.Nhibernate.AddProgram.PaymentTypes)	collection
NetCity.Common.ObjectModel.Nhibernate.AddProgram	NetCity.Common.ObjectModel.Nhibernate.AddProgram	ADD_PROGRAMS	Addresses		System.Collections.Generic.ISet`1[[NetCity.Common.ObjectModel.Nhibernate.AddSchool.AddProrgamAddress, NetCity.Common.ObjectModel, Version=5.14.65351.225, Culture=neutral, PublicKeyToken=ea3eeeb5c070719f]](NetCity.Common.ObjectModel.Nhibernate.AddProgram.Addresses)	collection
NetCity.Common.ObjectModel.Nhibernate.AddProgram	NetCity.Common.ObjectModel.Nhibernate.AddProgram	ADD_PROGRAMS	ProgramName	PROGRAMNAME	AnsiString	property
NetCity.Common.ObjectModel.Nhibernate.AddProgram	NetCity.Common.ObjectModel.Nhibernate.AddProgram	ADD_PROGRAMS	Description	DESCRIPTION	AnsiString	property
NetCity.Common.ObjectModel.Nhibernate.AddProgram	NetCity.Common.ObjectModel.Nhibernate.AddProgram	ADD_PROGRAMS	ProgramContent	PROGRAMCONTENT	AnsiString	property
NetCity.Common.ObjectModel.Nhibernate.AddProgram	NetCity.Common.ObjectModel.Nhibernate.AddProgram	ADD_PROGRAMS	ProgAttr	PROG_ATTR	AnsiString	property
NetCity.Common.ObjectModel.Nhibernate.AddProgram	NetCity.Common.ObjectModel.Nhibernate.AddProgram	ADD_PROGRAMS	Created	CREATED	DateTime	property
NetCity.Common.ObjectModel.Nhibernate.AddProgram	NetCity.Common.ObjectModel.Nhibernate.AddProgram	ADD_PROGRAMS	Adaptation	ADAPTATION	YesNoType	property
NetCity.Common.ObjectModel.Nhibernate.AddProgram	NetCity.Common.ObjectModel.Nhibernate.AddProgram	ADD_PROGRAMS	DisabilityChildAdapted	DISABILITYCHILDADAPTED	YesNoType	property
NetCity.Common.ObjectModel.Nhibernate.AddProgram	NetCity.Common.ObjectModel.Nhibernate.AddProgram	ADD_PROGRAMS	AdaptationType	ADAPTATIONTYPE	NHibernate.Type.EnumType`1[[NetCity.Common.ObjectModel.Nhibernate.AddSchool.AdaptationType, NetCity.Common.ObjectModel, Version=5.14.65351.225, Culture=neutral, PublicKeyToken=ea3eeeb5c070719f]], NHibernate	property
NetCity.Common.ObjectModel.Nhibernate.AddProgram	NetCity.Common.ObjectModel.Nhibernate.AddProgram	ADD_PROGRAMS	FederalRequirements	FEDERALREQUIREMENTS	AnsiString	property
NetCity.Common.ObjectModel.Nhibernate.AddProgram	NetCity.Common.ObjectModel.Nhibernate.AddProgram	ADD_PROGRAMS	Target	TARGET	AnsiString	property
NetCity.Common.ObjectModel.Nhibernate.AddProgram	NetCity.Common.ObjectModel.Nhibernate.AddProgram	ADD_PROGRAMS	Result	RESULT	AnsiString	property
NetCity.Common.ObjectModel.Nhibernate.AddProgram	NetCity.Common.ObjectModel.Nhibernate.AddProgram	ADD_PROGRAMS	MaterialBase	MATERIALBASE	AnsiString	property
NetCity.Common.ObjectModel.Nhibernate.AddProgram	NetCity.Common.ObjectModel.Nhibernate.AddProgram	ADD_PROGRAMS	HealthRequirements	HEALTHREQUIREMENTS	AnsiString	property
NetCity.Common.ObjectModel.Nhibernate.AddProgram	NetCity.Common.ObjectModel.Nhibernate.AddProgram	ADD_PROGRAMS	AgeMin	AGEMIN	Int32	property
NetCity.Common.ObjectModel.Nhibernate.AddProgram	NetCity.Common.ObjectModel.Nhibernate.AddProgram	ADD_PROGRAMS	AgeMax	AGEMAX	Int32	property
NetCity.Common.ObjectModel.Nhibernate.AddProgram	NetCity.Common.ObjectModel.Nhibernate.AddProgram	ADD_PROGRAMS	MinPersons	MINPERSONS	Int32	property
NetCity.Common.ObjectModel.Nhibernate.AddProgram	NetCity.Common.ObjectModel.Nhibernate.AddProgram	ADD_PROGRAMS	MaxPersons	MAXPERSONS	Int32	property
NetCity.Common.ObjectModel.Nhibernate.AddProgram	NetCity.Common.ObjectModel.Nhibernate.AddProgram	ADD_PROGRAMS	DurationYear	DURATION_YEAR	Int32	property
NetCity.Common.ObjectModel.Nhibernate.AddProgram	NetCity.Common.ObjectModel.Nhibernate.AddProgram	ADD_PROGRAMS	DurationMonth	DURATION_MONTH	Int32	property
NetCity.Common.ObjectModel.Nhibernate.AddProgram	NetCity.Common.ObjectModel.Nhibernate.AddProgram	ADD_PROGRAMS	EducForm	EDUCFORM	NHibernate.Type.EnumType`1[[NetCity.Common.ObjectModel.Nhibernate.AddSchool.AddProgramEducForm, NetCity.Common.ObjectModel, Version=5.14.65351.225, Culture=neutral, PublicKeyToken=ea3eeeb5c070719f]], NHibernate	property
NetCity.Common.ObjectModel.Nhibernate.AddProgram	NetCity.Common.ObjectModel.Nhibernate.AddProgram	ADD_PROGRAMS	SignificantProject	SIGNIFICANTPROJECTID	NHibernate.Type.EnumType`1[[NetCity.Common.ObjectModel.Nhibernate.AddSchool.SignificantProject, NetCity.Common.ObjectModel, Version=5.14.65351.225, Culture=neutral, PublicKeyToken=ea3eeeb5c070719f]], NHibernate	property
NetCity.Common.ObjectModel.Nhibernate.AddProgram	NetCity.Common.ObjectModel.Nhibernate.AddProgram	ADD_PROGRAMS	MedReference	MEDREFERENCE	YesNoType	property
NetCity.Common.ObjectModel.Nhibernate.AddProgram	NetCity.Common.ObjectModel.Nhibernate.AddProgram	ADD_PROGRAMS	Status	STATUS	NHibernate.Type.EnumType`1[[NetCity.Common.ObjectModel.Nhibernate.AddSchool.AddProgramStatus, NetCity.Common.ObjectModel, Version=5.14.65351.225, Culture=neutral, PublicKeyToken=ea3eeeb5c070719f]], NHibernate	property
NetCity.Common.ObjectModel.Nhibernate.AddProgram	NetCity.Common.ObjectModel.Nhibernate.AddProgram	ADD_PROGRAMS	KeyWord	KEYWORD	AnsiString	property
NetCity.Common.ObjectModel.Nhibernate.AddProgram	NetCity.Common.ObjectModel.Nhibernate.AddProgram	ADD_PROGRAMS	PfdoId	PFDOID	Int32	property
NetCity.Common.ObjectModel.Nhibernate.AddProgram	NetCity.Common.ObjectModel.Nhibernate.AddProgram	ADD_PROGRAMS	SeatsNumber	SEATSNUMBER	Int32	property
NetCity.Common.ObjectModel.Nhibernate.AddProgram	NetCity.Common.ObjectModel.Nhibernate.AddProgram	ADD_PROGRAMS	PfdoNavId	PFDO_NAV_ID	AnsiString	property
NetCity.Common.ObjectModel.Nhibernate.AddProgram	NetCity.Common.ObjectModel.Nhibernate.AddProgram	ADD_PROGRAMS	PfdoNavStatus	PFDO_NAV_STATUS	Int32	property
NetCity.Common.ObjectModel.Nhibernate.AddProgram	NetCity.Common.ObjectModel.Nhibernate.AddProgram	ADD_PROGRAMS	PfdoNavDate	PFDO_NAV_DATE	DateTime	property
NetCity.Common.ObjectModel.Nhibernate.AddProgram	NetCity.Common.ObjectModel.Nhibernate.AddProgram	ADD_PROGRAMS	PfdoNavReason	PFDO_NAV_REASON	AnsiString	property
NetCity.Common.ObjectModel.Nhibernate.AddProgram	NetCity.Common.ObjectModel.Nhibernate.AddProgram	ADD_PROGRAMS	PfdoInLearnoId	PFDO_INLEARNO_ID	Int32	property
NetCity.Common.ObjectModel.Nhibernate.AddProgram	NetCity.Common.ObjectModel.Nhibernate.AddProgram	ADD_PROGRAMS	School	SCHOOLID	NetCity.Common.ObjectModel.Nhibernate.Organizations.School	many-to-one
NetCity.Common.ObjectModel.Nhibernate.AddProgram	NetCity.Common.ObjectModel.Nhibernate.AddProgram	ADD_PROGRAMS	ProgType	ADDPROGRAMTYPEID	NetCity.Common.ObjectModel.Nhibernate.AddProgramType	many-to-one
NetCity.Common.ObjectModel.Nhibernate.AddProgram	NetCity.Common.ObjectModel.Nhibernate.AddProgram	ADD_PROGRAMS	ProgDirection	DIRECTIONID	NetCity.Common.ObjectModel.Nhibernate.ProgDirection	many-to-one
NetCity.Common.ObjectModel.Nhibernate.AddProgram	NetCity.Common.ObjectModel.Nhibernate.AddProgram	ADD_PROGRAMS	ActivityType	TYPEID	NetCity.Common.ObjectModel.Nhibernate.AddSchool.AddActivityType	many-to-one
NetCity.Common.ObjectModel.Nhibernate.AddProgram	NetCity.Common.ObjectModel.Nhibernate.AddProgram	ADD_PROGRAMS	Attachment	ATTACHMENTID	NetCity.Common.ObjectModel.Nhibernate.FileAttachment	many-to-one
NetCity.Common.ObjectModel.Nhibernate.AddProgram	NetCity.Common.ObjectModel.Nhibernate.AddProgram	ADD_PROGRAMS	Image	IMAGEID	NetCity.Common.ObjectModel.Nhibernate.FileAttachment	many-to-one
NetCity.Common.ObjectModel.Nhibernate.AddProgram	NetCity.Common.ObjectModel.Nhibernate.AddProgram	ADD_PROGRAMS	FullContent	FULLCONTENTID	NetCity.Common.ObjectModel.Nhibernate.FileAttachment	many-to-one
NetCity.Common.ObjectModel.Nhibernate.AddSchool.AddProgramPaymentType	NetCity.Common.ObjectModel.Nhibernate.AddSchool.AddProgramPaymentType	ADDPROGRAMPAYMENTTYPES	Id	ID	Int32	id
NetCity.Common.ObjectModel.Nhibernate.AddSchool.AddProgramPaymentType	NetCity.Common.ObjectModel.Nhibernate.AddSchool.AddProgramPaymentType	ADDPROGRAMPAYMENTTYPES	PaymentType	PAYMENTTYPE	NHibernate.Type.EnumType`1[[NetCity.Common.ObjectModel.Nhibernate.AddSchool.AddProgPaymentType, NetCity.Common, Version=0.11.30.0, Culture=neutral, PublicKeyToken=ea3eeeb5c070719f]], NHibernate	property
NetCity.Common.ObjectModel.Nhibernate.AddSchool.AddProgramPaymentType	NetCity.Common.ObjectModel.Nhibernate.AddSchool.AddProgramPaymentType	ADDPROGRAMPAYMENTTYPES	Program	PROGRAMID	NetCity.Common.ObjectModel.Nhibernate.AddProgram	many-to-one
NetCity.Common.ObjectModel.Nhibernate.AddSchool.AddProgramStudentClass	NetCity.Common.ObjectModel.Nhibernate.AddSchool.AddProgramStudentClass	ADDCLS_STUD_DETAILS	PaymentType	PAYMENTTYPE	NHibernate.Type.EnumType`1[[NetCity.Common.ObjectModel.Nhibernate.AddSchool.AddProgPaymentType, NetCity.Common, Version=0.11.30.0, Culture=neutral, PublicKeyToken=ea3eeeb5c070719f]], NHibernate	property
NetCity.Common.ObjectModel.Nhibernate.AddSchool.AddProgramStudentClass	NetCity.Common.ObjectModel.Nhibernate.AddSchool.AddProgramStudentClass	ADDCLS_STUD_DETAILS	EnrollReason	ENROLLREASON	AnsiString	property
NetCity.Common.ObjectModel.Nhibernate.AddSchool.AddProgramStudentClass	NetCity.Common.ObjectModel.Nhibernate.AddSchool.AddProgramStudentClass	ADDCLS_STUD_DETAILS	DepartReason	DEPARTREASON	AnsiString	property
NetCity.Common.ObjectModel.Nhibernate.AddSchool.AddProgramStudent	NetCity.Common.ObjectModel.Nhibernate.AddSchool.AddProgramStudent	ADDCLASSES_STUDENTS	Id	ADDCLSSTUDID	Int32	id
NetCity.Common.ObjectModel.Nhibernate.AddSchool.AddProgramStudent	NetCity.Common.ObjectModel.Nhibernate.AddSchool.AddProgramStudent	ADDCLASSES_STUDENTS	Classes		System.Collections.Generic.ISet`1[[NetCity.Common.ObjectModel.Nhibernate.AddSchool.AddProgramStudentClass, NetCity.Common.ObjectModel, Version=5.14.65351.225, Culture=neutral, PublicKeyToken=ea3eeeb5c070719f]](NetCity.Common.ObjectModel.Nhibernate.AddSchool.AddProgramStudent.Classes)	collection
NetCity.Common.ObjectModel.Nhibernate.AddSchool.AddProgramStudent	NetCity.Common.ObjectModel.Nhibernate.AddSchool.AddProgramStudent	ADDCLASSES_STUDENTS	NumOrder	NUMORDER	Int32	property
NetCity.Common.ObjectModel.Nhibernate.AddSchool.AddProgramStudent	NetCity.Common.ObjectModel.Nhibernate.AddSchool.AddProgramStudent	ADDCLASSES_STUDENTS	Description	DESCRIPTION	AnsiString	property
NetCity.Common.ObjectModel.Nhibernate.AddSchool.AddProgramStudent	NetCity.Common.ObjectModel.Nhibernate.AddSchool.AddProgramStudent	ADDCLASSES_STUDENTS	Student	STUDENTID	NetCity.Common.ObjectModel.Nhibernate.Users.Student	many-to-one
NetCity.Common.ObjectModel.Nhibernate.AddSchool.AddProgramStudent	NetCity.Common.ObjectModel.Nhibernate.AddSchool.AddProgramStudent	ADDCLASSES_STUDENTS	AddProgram	PROGRAMID	NetCity.Common.ObjectModel.Nhibernate.AddProgram	many-to-one
NetCity.Common.ObjectModel.Nhibernate.AddSchool.AddProgramStudent	NetCity.Common.ObjectModel.Nhibernate.AddSchool.AddProgramStudent	ADDCLASSES_STUDENTS	School	SCHOOLID	NetCity.Common.ObjectModel.Nhibernate.Organizations.School	many-to-one
NetCity.Common.ObjectModel.Nhibernate.AddSchool.AddProgramStudent	NetCity.Common.ObjectModel.Nhibernate.AddSchool.AddProgramStudent	ADDCLASSES_STUDENTS	EnrollDoc	SUBDOCID1	NetCity.Common.ObjectModel.Nhibernate.Movement.MoveSubDoc	many-to-one
NetCity.Common.ObjectModel.Nhibernate.AddSchool.AddProgramStudent	NetCity.Common.ObjectModel.Nhibernate.AddSchool.AddProgramStudent	ADDCLASSES_STUDENTS	DepartDoc	SUBDOCID2	NetCity.Common.ObjectModel.Nhibernate.Movement.MoveSubDoc	many-to-one
NetCity.Common.ObjectModel.Nhibernate.AddSchool.AddProrgamAddress	NetCity.Common.ObjectModel.Nhibernate.AddSchool.AddProrgamAddress	ADDPROGRAMADDRESSES	Id	ID	Int32	id
NetCity.Common.ObjectModel.Nhibernate.AddSchool.AddProrgamAddress	NetCity.Common.ObjectModel.Nhibernate.AddSchool.AddProrgamAddress	ADDPROGRAMADDRESSES	AddressName	ADDRESSNAME	AnsiString	property
NetCity.Common.ObjectModel.Nhibernate.AddSchool.AddProrgamAddress	NetCity.Common.ObjectModel.Nhibernate.AddSchool.AddProrgamAddress	ADDPROGRAMADDRESSES	Program	PROGRAMID	NetCity.Common.ObjectModel.Nhibernate.AddProgram	many-to-one
NetCity.Common.ObjectModel.Nhibernate.AddSchool.AddProrgamAddress	NetCity.Common.ObjectModel.Nhibernate.AddSchool.AddProrgamAddress	ADDPROGRAMADDRESSES	Address	ADDRESSID	NetCity.Common.ObjectModel.Nhibernate.Address.Address	many-to-one
NetCity.Common.ObjectModel.Nhibernate.AddSchool.EducContractBlank	NetCity.Common.ObjectModel.Nhibernate.AddSchool.EducContractBlank	EDUCCONTRACTBLANKS	Id	ID	Int32	id
NetCity.Common.ObjectModel.Nhibernate.AddSchool.EducContractBlank	NetCity.Common.ObjectModel.Nhibernate.AddSchool.EducContractBlank	EDUCCONTRACTBLANKS	School	SCHOOLID	NetCity.Common.ObjectModel.Nhibernate.Organizations.School	many-to-one
NetCity.Common.ObjectModel.Nhibernate.AddSchool.EducContractBlank	NetCity.Common.ObjectModel.Nhibernate.AddSchool.EducContractBlank	EDUCCONTRACTBLANKS	Attachment	ATTACHMENTID	NetCity.Common.ObjectModel.Nhibernate.FileAttachment	many-to-one
NetCity.Common.ObjectModel.Nhibernate.AddSchool.InLearnoProgramSync	NetCity.Common.ObjectModel.Nhibernate.AddSchool.InLearnoProgramSync	INLEARNO_PROGRAMSYNC	Id	ID	Int32	id
NetCity.Common.ObjectModel.Nhibernate.AddSchool.InLearnoProgramSync	NetCity.Common.ObjectModel.Nhibernate.AddSchool.InLearnoProgramSync	INLEARNO_PROGRAMSYNC	LastSyncTime	LASTSYNCTIME	DateTime	property
NetCity.Common.ObjectModel.Nhibernate.AddSchool.InLearnoProgramSync	NetCity.Common.ObjectModel.Nhibernate.AddSchool.InLearnoProgramSync	INLEARNO_PROGRAMSYNC	School	SCHOOLID	NetCity.Common.ObjectModel.Nhibernate.Organizations.School	many-to-one
NetCity.Common.ObjectModel.Nhibernate.ProgramLimit	NetCity.Common.ObjectModel.Nhibernate.ProgramLimit	PROGRAM_LIMITS	YearHours	YEARHOURS	Decimal	property
NetCity.Common.ObjectModel.Nhibernate.ProgramLimit	NetCity.Common.ObjectModel.Nhibernate.ProgramLimit	PROGRAM_LIMITS	WeekHours	WEEKHOURS	Decimal	property
NetCity.Common.ObjectModel.Nhibernate.Announcement	NetCity.Common.ObjectModel.Nhibernate.Announcement	ANNOUNCEMENTS	Id	ANNOUNCEMENTID	Int32	id
NetCity.Common.ObjectModel.Nhibernate.Announcement	NetCity.Common.ObjectModel.Nhibernate.Announcement	ANNOUNCEMENTS	Schools		System.Collections.Generic.ISet`1[[NetCity.Common.ObjectModel.Nhibernate.Organizations.School, NetCity.Common.ObjectModel, Version=5.14.65351.225, Culture=neutral, PublicKeyToken=ea3eeeb5c070719f]](NetCity.Common.ObjectModel.Nhibernate.Announcement.Schools)	collection
NetCity.Common.ObjectModel.Nhibernate.Announcement	NetCity.Common.ObjectModel.Nhibernate.Announcement	ANNOUNCEMENTS	RecipientGroups		System.Collections.Generic.ISet`1[[System.Int32, mscorlib, Version=4.0.0.0, Culture=neutral, PublicKeyToken=b77a5c561934e089]](NetCity.Common.ObjectModel.Nhibernate.Announcement.RecipientGroups)	collection
NetCity.Common.ObjectModel.Nhibernate.Announcement	NetCity.Common.ObjectModel.Nhibernate.Announcement	ANNOUNCEMENTS	Attachments		System.Collections.Generic.ISet`1[[NetCity.Common.ObjectModel.Nhibernate.FileAttachment, NetCity.Common.ObjectModel, Version=5.14.65351.225, Culture=neutral, PublicKeyToken=ea3eeeb5c070719f]](NetCity.Common.ObjectModel.Nhibernate.Announcement.Attachments)	collection
NetCity.Common.ObjectModel.Nhibernate.Announcement	NetCity.Common.ObjectModel.Nhibernate.Announcement	ANNOUNCEMENTS	Deletedate	DELETEDATE	DateTime	property
NetCity.Common.ObjectModel.Nhibernate.Announcement	NetCity.Common.ObjectModel.Nhibernate.Announcement	ANNOUNCEMENTS	Description	DESCRIPTION	AnsiString	property
NetCity.Common.ObjectModel.Nhibernate.Announcement	NetCity.Common.ObjectModel.Nhibernate.Announcement	ANNOUNCEMENTS	Postdate	POSTDATE	DateTime	property
NetCity.Common.ObjectModel.Nhibernate.Announcement	NetCity.Common.ObjectModel.Nhibernate.Announcement	ANNOUNCEMENTS	Title	TITLE	AnsiString	property
NetCity.Common.ObjectModel.Nhibernate.Announcement	NetCity.Common.ObjectModel.Nhibernate.Announcement	ANNOUNCEMENTS	FuncType	FUNCTYPEID	NetCity.Common.ObjectModel.Nhibernate.Organizations.FunctionalityType	many-to-one
NetCity.Common.ObjectModel.Nhibernate.Announcement	NetCity.Common.ObjectModel.Nhibernate.Announcement	ANNOUNCEMENTS	Em	EMID	NetCity.Common.ObjectModel.Nhibernate.Organizations.EducManagement	many-to-one
NetCity.Common.ObjectModel.Nhibernate.Announcement	NetCity.Common.ObjectModel.Nhibernate.Announcement	ANNOUNCEMENTS	Author	USERID	NetCity.Common.ObjectModel.Nhibernate.Users.User	many-to-one
NetCity.Common.ObjectModel.Nhibernate.Users.Citizenship	NetCity.Common.ObjectModel.Nhibernate.Users.Citizenship	CITIZENSHIPS	Id	CITIZENSHIPID	Int32	id
NetCity.Common.ObjectModel.Nhibernate.Users.Citizenship	NetCity.Common.ObjectModel.Nhibernate.Users.Citizenship	CITIZENSHIPS	Users		System.Collections.Generic.ISet`1[[NetCity.Common.ObjectModel.Nhibernate.Users.User, NetCity.Common.ObjectModel, Version=5.14.65351.225, Culture=neutral, PublicKeyToken=ea3eeeb5c070719f]](NetCity.Common.ObjectModel.Nhibernate.Users.Citizenship.Users)	collection
NetCity.Common.ObjectModel.Nhibernate.Users.Citizenship	NetCity.Common.ObjectModel.Nhibernate.Users.Citizenship	CITIZENSHIPS	Name	NAME	AnsiString	property
NetCity.Common.ObjectModel.Nhibernate.Users.Citizenship	NetCity.Common.ObjectModel.Nhibernate.Users.Citizenship	CITIZENSHIPS	Code	COUNTRY_OKSM_ID	NetCity.Common.ObjectModel.Nhibernate.Address.CountryOKSM	many-to-one
NetCity.Common.ObjectModel.Nhibernate.Classes.ClassRelayInfo	NetCity.Common.ObjectModel.Nhibernate.Classes.ClassRelayInfo	CLASSES_RELAYS	Relay	RELAY	NetCity.Common.ObjectModel.Nhibernate.Schedule.ScheduleRelay	many-to-one
NetCity.Common.ObjectModel.Nhibernate.Classes.IupClass	NetCity.Common.ObjectModel.Nhibernate.Classes.IupClass	IUP_CLASSES	Id	CLASSID	Int32	id
NetCity.Common.ObjectModel.Nhibernate.Classes.PreClass	NetCity.Common.ObjectModel.Nhibernate.Classes.PreClass	PRECLASSES	Id	CLASSID	Int32	id
NetCity.Common.ObjectModel.Nhibernate.Classes.PreClass	NetCity.Common.ObjectModel.Nhibernate.Classes.PreClass	PRECLASSES	Programs		System.Collections.Generic.ISet`1[[NetCity.Common.ObjectModel.Nhibernate.Classes.EducProgram, NetCity.Common.ObjectModel, Version=5.14.65351.225, Culture=neutral, PublicKeyToken=ea3eeeb5c070719f]](NetCity.Common.ObjectModel.Nhibernate.Classes.PreClass.Programs)	collection
NetCity.Common.ObjectModel.Nhibernate.Classes.PreClass	NetCity.Common.ObjectModel.Nhibernate.Classes.PreClass	PRECLASSES	DouAttendances		System.Collections.Generic.ISet`1[[NetCity.Common.ObjectModel.Nhibernate.ClassJournal.DouAttendance, NetCity.Common.ObjectModel, Version=5.14.65351.225, Culture=neutral, PublicKeyToken=ea3eeeb5c070719f]](NetCity.Common.ObjectModel.Nhibernate.Classes.PreClass.DouAttendances)	collection
NetCity.Common.ObjectModel.Nhibernate.Classes.PreClass	NetCity.Common.ObjectModel.Nhibernate.Classes.PreClass	PRECLASSES	NoInformika	NOINFORMIKA	YesNoType	property
NetCity.Common.ObjectModel.Nhibernate.Classes.PreClass	NetCity.Common.ObjectModel.Nhibernate.Classes.PreClass	PRECLASSES	SeatsForTransfer	SEATSFORTRANSFER	Int32	property
NetCity.Common.ObjectModel.Nhibernate.Classes.PreClass	NetCity.Common.ObjectModel.Nhibernate.Classes.PreClass	PRECLASSES	SubGroupsCount	SUBGROUPSCOUNT	Int32	property
NetCity.Common.ObjectModel.Nhibernate.Classes.PreClass	NetCity.Common.ObjectModel.Nhibernate.Classes.PreClass	PRECLASSES	SeatsForShort	SEATSFORSHORT	Int32	property
NetCity.Common.ObjectModel.Nhibernate.Classes.PreClass	NetCity.Common.ObjectModel.Nhibernate.Classes.PreClass	PRECLASSES	AgeCategory	AGECATEGORYID	NetCity.Common.ObjectModel.Nhibernate.Classes.DouGroupAgeCategory	many-to-one
NetCity.Common.ObjectModel.Nhibernate.Classes.PreClass	NetCity.Common.ObjectModel.Nhibernate.Classes.PreClass	PRECLASSES	Age	AGEID	NetCity.Common.ObjectModel.Nhibernate.Classes.DouGroupAge	many-to-one
NetCity.Common.ObjectModel.Nhibernate.Classes.PreClass	NetCity.Common.ObjectModel.Nhibernate.Classes.PreClass	PRECLASSES	DouGroupType	PRETYPEID	NetCity.Common.ObjectModel.Nhibernate.Classes.DouGroupType	many-to-one
NetCity.Common.ObjectModel.Nhibernate.Classes.PreClass	NetCity.Common.ObjectModel.Nhibernate.Classes.PreClass	PRECLASSES	StayRegime	STAYID	NetCity.Common.ObjectModel.Nhibernate.Classes.StayRegime	many-to-one
NetCity.Common.ObjectModel.Nhibernate.Classes.Class	NetCity.Common.ObjectModel.Nhibernate.Classes.Class	CLASSES	Id	CLASSID	Int32	id
NetCity.Common.ObjectModel.Nhibernate.Classes.Class	NetCity.Common.ObjectModel.Nhibernate.Classes.Class	CLASSES	CurriculumHours		System.Collections.Generic.ISet`1[[NetCity.Common.ObjectModel.Nhibernate.Curiculum.Curiculum, NetCity.Common.ObjectModel, Version=5.14.65351.225, Culture=neutral, PublicKeyToken=ea3eeeb5c070719f]](NetCity.Common.ObjectModel.Nhibernate.Classes.Class.CurriculumHours)	collection
NetCity.Common.ObjectModel.Nhibernate.Classes.Class	NetCity.Common.ObjectModel.Nhibernate.Classes.Class	CLASSES	Classsubjectgroups		System.Collections.Generic.ISet`1[[NetCity.Common.ObjectModel.Nhibernate.ClassSubjectGroup, NetCity.Common.ObjectModel, Version=5.14.65351.225, Culture=neutral, PublicKeyToken=ea3eeeb5c070719f]](NetCity.Common.ObjectModel.Nhibernate.Classes.Class.Classsubjectgroups)	collection
NetCity.Common.ObjectModel.Nhibernate.Classes.Class	NetCity.Common.ObjectModel.Nhibernate.Classes.Class	CLASSES	EnrollDocs		System.Collections.Generic.ISet`1[[NetCity.Common.ObjectModel.Nhibernate.Movement.MoveSubDoc, NetCity.Common.ObjectModel, Version=5.14.65351.225, Culture=neutral, PublicKeyToken=ea3eeeb5c070719f]](NetCity.Common.ObjectModel.Nhibernate.Classes.Class.EnrollDocs)	collection
NetCity.Common.ObjectModel.Nhibernate.Classes.Class	NetCity.Common.ObjectModel.Nhibernate.Classes.Class	CLASSES	DepartDocs		System.Collections.Generic.ISet`1[[NetCity.Common.ObjectModel.Nhibernate.Movement.MoveSubDoc, NetCity.Common.ObjectModel, Version=5.14.65351.225, Culture=neutral, PublicKeyToken=ea3eeeb5c070719f]](NetCity.Common.ObjectModel.Nhibernate.Classes.Class.DepartDocs)	collection
NetCity.Common.ObjectModel.Nhibernate.Classes.Class	NetCity.Common.ObjectModel.Nhibernate.Classes.Class	CLASSES	Rooms		System.Collections.Generic.ISet`1[[NetCity.Common.ObjectModel.Nhibernate.Schedule.Room, NetCity.Common.ObjectModel, Version=5.14.65351.225, Culture=neutral, PublicKeyToken=ea3eeeb5c070719f]](NetCity.Common.ObjectModel.Nhibernate.Classes.Class.Rooms)	collection
NetCity.Common.ObjectModel.Nhibernate.Classes.Class	NetCity.Common.ObjectModel.Nhibernate.Classes.Class	CLASSES	Subjectgroups		System.Collections.Generic.ISet`1[[NetCity.Common.ObjectModel.Nhibernate.SubjectGroup, NetCity.Common.ObjectModel, Version=5.14.65351.225, Culture=neutral, PublicKeyToken=ea3eeeb5c070719f]](NetCity.Common.ObjectModel.Nhibernate.Classes.Class.Subjectgroups)	collection
NetCity.Common.ObjectModel.Nhibernate.Classes.Class	NetCity.Common.ObjectModel.Nhibernate.Classes.Class	CLASSES	Students		System.Collections.Generic.ISet`1[[NetCity.Common.ObjectModel.Nhibernate.Users.Student, NetCity.Common.ObjectModel, Version=5.14.65351.225, Culture=neutral, PublicKeyToken=ea3eeeb5c070719f]](NetCity.Common.ObjectModel.Nhibernate.Classes.Class.Students)	collection
NetCity.Common.ObjectModel.Nhibernate.Classes.Class	NetCity.Common.ObjectModel.Nhibernate.Classes.Class	CLASSES	StudentClassTerms		System.Collections.Generic.ISet`1[[NetCity.Common.ObjectModel.Nhibernate.Classes.StudentClass, NetCity.Common.ObjectModel, Version=5.14.65351.225, Culture=neutral, PublicKeyToken=ea3eeeb5c070719f]](NetCity.Common.ObjectModel.Nhibernate.Classes.Class.StudentClassTerms)	collection
NetCity.Common.ObjectModel.Nhibernate.Classes.Class	NetCity.Common.ObjectModel.Nhibernate.Classes.Class	CLASSES	FreeStudents		System.Collections.Generic.ISet`1[[NetCity.Common.ObjectModel.Nhibernate.Classes.FreeStudentClass, NetCity.Common.ObjectModel, Version=5.14.65351.225, Culture=neutral, PublicKeyToken=ea3eeeb5c070719f]](NetCity.Common.ObjectModel.Nhibernate.Classes.Class.FreeStudents)	collection
NetCity.Common.ObjectModel.Nhibernate.Classes.Class	NetCity.Common.ObjectModel.Nhibernate.Classes.Class	CLASSES	StudRanges		System.Collections.Generic.ISet`1[[NetCity.Common.ObjectModel.Nhibernate.Users.ClassStudRange, NetCity.Common.ObjectModel, Version=5.14.65351.225, Culture=neutral, PublicKeyToken=ea3eeeb5c070719f]](NetCity.Common.ObjectModel.Nhibernate.Classes.Class.StudRanges)	collection
NetCity.Common.ObjectModel.Nhibernate.Classes.Class	NetCity.Common.ObjectModel.Nhibernate.Classes.Class	CLASSES	Chiefs		System.Collections.Generic.ISet`1[[NetCity.Common.ObjectModel.Nhibernate.Users.User, NetCity.Common.ObjectModel, Version=5.14.65351.225, Culture=neutral, PublicKeyToken=ea3eeeb5c070719f]](NetCity.Common.ObjectModel.Nhibernate.Classes.Class.Chiefs)	collection
NetCity.Common.ObjectModel.Nhibernate.Classes.Class	NetCity.Common.ObjectModel.Nhibernate.Classes.Class	CLASSES	ScheduleTimeVariant		System.Collections.Generic.ISet`1[[NetCity.Common.ObjectModel.Nhibernate.Schedule.ScheduleTimeVariant, NetCity.Common.ObjectModel, Version=5.14.65351.225, Culture=neutral, PublicKeyToken=ea3eeeb5c070719f]](NetCity.Common.ObjectModel.Nhibernate.Classes.Class.ScheduleTimeVariant)	collection
NetCity.Common.ObjectModel.Nhibernate.Classes.Class	NetCity.Common.ObjectModel.Nhibernate.Classes.Class	CLASSES	SubjectGroupScheduleTimeVariants		System.Collections.Generic.ISet`1[[NetCity.Common.ObjectModel.Nhibernate.Schedule.SubjectGroupScheduleTimeVariant, NetCity.Common.ObjectModel, Version=5.14.65351.225, Culture=neutral, PublicKeyToken=ea3eeeb5c070719f]](NetCity.Common.ObjectModel.Nhibernate.Classes.Class.SubjectGroupScheduleTimeVariants)	collection
NetCity.Common.ObjectModel.Nhibernate.Classes.Class	NetCity.Common.ObjectModel.Nhibernate.Classes.Class	CLASSES	SubjectGroupTermStudents		System.Collections.Generic.ISet`1[[NetCity.Common.ObjectModel.Nhibernate.SubjectGroupClassTermStudent, NetCity.Common.ObjectModel, Version=5.14.65351.225, Culture=neutral, PublicKeyToken=ea3eeeb5c070719f]](NetCity.Common.ObjectModel.Nhibernate.Classes.Class.SubjectGroupTermStudents)	collection
NetCity.Common.ObjectModel.Nhibernate.Classes.Class	NetCity.Common.ObjectModel.Nhibernate.Classes.Class	CLASSES	RelayInfo		System.Collections.Generic.ISet`1[[NetCity.Common.ObjectModel.Nhibernate.Classes.ClassRelayInfo, NetCity.Common.ObjectModel, Version=5.14.65351.225, Culture=neutral, PublicKeyToken=ea3eeeb5c070719f]](NetCity.Common.ObjectModel.Nhibernate.Classes.Class.RelayInfo)	collection
NetCity.Common.ObjectModel.Nhibernate.Classes.Class	NetCity.Common.ObjectModel.Nhibernate.Classes.Class	CLASSES	Vacations		System.Collections.Generic.ISet`1[[NetCity.Common.ObjectModel.Nhibernate.Events.Vacation, NetCity.Common.ObjectModel, Version=5.14.65351.225, Culture=neutral, PublicKeyToken=ea3eeeb5c070719f]](NetCity.Common.ObjectModel.Nhibernate.Classes.Class.Vacations)	collection
NetCity.Common.ObjectModel.Nhibernate.Classes.Class	NetCity.Common.ObjectModel.Nhibernate.Classes.Class	CLASSES	Classname	CLASSNAME	AnsiString	property
NetCity.Common.ObjectModel.Nhibernate.Classes.Class	NetCity.Common.ObjectModel.Nhibernate.Classes.Class	CLASSES	Grade	GRADE	Int32	property
NetCity.Common.ObjectModel.Nhibernate.Classes.Class	NetCity.Common.ObjectModel.Nhibernate.Classes.Class	CLASSES	Step	STEP	Int32	property
NetCity.Common.ObjectModel.Nhibernate.Classes.Class	NetCity.Common.ObjectModel.Nhibernate.Classes.Class	CLASSES	PlannedOccupancy	PLANNEDOCCUPANCY	Int32	property
NetCity.Common.ObjectModel.Nhibernate.Classes.Class	NetCity.Common.ObjectModel.Nhibernate.Classes.Class	CLASSES	Stepname	STEPNAME	AnsiString	property
NetCity.Common.ObjectModel.Nhibernate.Classes.Class	NetCity.Common.ObjectModel.Nhibernate.Classes.Class	CLASSES	Letter	LETTER	AnsiString	property
NetCity.Common.ObjectModel.Nhibernate.Classes.Class	NetCity.Common.ObjectModel.Nhibernate.Classes.Class	CLASSES	Version	VERSION	DateTime	property
NetCity.Common.ObjectModel.Nhibernate.Classes.Class	NetCity.Common.ObjectModel.Nhibernate.Classes.Class	CLASSES	Created	CREATED	DateTime	property
NetCity.Common.ObjectModel.Nhibernate.Classes.Class	NetCity.Common.ObjectModel.Nhibernate.Classes.Class	CLASSES	ClassGuid	CLASS_GUID	Guid	property
NetCity.Common.ObjectModel.Nhibernate.Classes.Class	NetCity.Common.ObjectModel.Nhibernate.Classes.Class	CLASSES	AddProgram	PROGID	NetCity.Common.ObjectModel.Nhibernate.AddProgram	many-to-one
NetCity.Common.ObjectModel.Nhibernate.Classes.Class	NetCity.Common.ObjectModel.Nhibernate.Classes.Class	CLASSES	Type	TYPEID	NetCity.Common.ObjectModel.Nhibernate.Classes.ClassType	many-to-one
NetCity.Common.ObjectModel.Nhibernate.Classes.Class	NetCity.Common.ObjectModel.Nhibernate.Classes.Class	CLASSES	AddSpecialization	ADDSPECIALID	NetCity.Common.ObjectModel.Nhibernate.Classes.ClassType	many-to-one
NetCity.Common.ObjectModel.Nhibernate.Classes.Class	NetCity.Common.ObjectModel.Nhibernate.Classes.Class	CLASSES	Profile	PROFILEID	NetCity.Common.ObjectModel.Nhibernate.Curiculum.Profile	many-to-one
NetCity.Common.ObjectModel.Nhibernate.Classes.Class	NetCity.Common.ObjectModel.Nhibernate.Classes.Class	CLASSES	Schoolyear	SCHOOLYEARID	NetCity.Common.ObjectModel.Nhibernate.Schoolyear	many-to-one
NetCity.Common.ObjectModel.Nhibernate.Classes.Class	NetCity.Common.ObjectModel.Nhibernate.Classes.Class	CLASSES	Chief	TEACHERID	NetCity.Common.ObjectModel.Nhibernate.Users.User	many-to-one
NetCity.Common.ObjectModel.Nhibernate.Classes.ClassType	NetCity.Common.ObjectModel.Nhibernate.Classes.ClassType	CLASSESTYPES	Id	TYPEID	Int32	id
NetCity.Common.ObjectModel.Nhibernate.Classes.ClassType	NetCity.Common.ObjectModel.Nhibernate.Classes.ClassType	CLASSESTYPES	Name	TYPENAME	AnsiString	property
NetCity.Common.ObjectModel.Nhibernate.Classes.ClassType	NetCity.Common.ObjectModel.Nhibernate.Classes.ClassType	CLASSESTYPES	FuncType	FUNCTYPEID	NHibernate.Type.EnumType`1[[NetCity.Common.Enums.FuncType, NetCity.Common, Version=0.11.30.0, Culture=neutral, PublicKeyToken=ea3eeeb5c070719f]], NHibernate	property
NetCity.Common.ObjectModel.Nhibernate.Classes.ClassType	NetCity.Common.ObjectModel.Nhibernate.Classes.ClassType	CLASSESTYPES	SortOrder	SORTORDER	Int32	property
NetCity.Common.ObjectModel.Nhibernate.Classes.DouGroupAgeCategory	NetCity.Common.ObjectModel.Nhibernate.Classes.DouGroupAgeCategory	DOUGROUPAGECATEGORIES	Id	CATEGORYID	Int32	id
NetCity.Common.ObjectModel.Nhibernate.Classes.DouGroupAgeCategory	NetCity.Common.ObjectModel.Nhibernate.Classes.DouGroupAgeCategory	DOUGROUPAGECATEGORIES	Name	NAME	AnsiString	property
NetCity.Common.ObjectModel.Nhibernate.Classes.DouGroupAge	NetCity.Common.ObjectModel.Nhibernate.Classes.DouGroupAge	DOUGROUPAGES	Id	AGEID	Int32	id
NetCity.Common.ObjectModel.Nhibernate.Classes.DouGroupAge	NetCity.Common.ObjectModel.Nhibernate.Classes.DouGroupAge	DOUGROUPAGES	Name	AGENAME	AnsiString	property
NetCity.Common.ObjectModel.Nhibernate.Classes.DouGroupAge	NetCity.Common.ObjectModel.Nhibernate.Classes.DouGroupAge	DOUGROUPAGES	AgeMin	AGEMIN	Int32	property
NetCity.Common.ObjectModel.Nhibernate.Classes.DouGroupAge	NetCity.Common.ObjectModel.Nhibernate.Classes.DouGroupAge	DOUGROUPAGES	AgeMax	AGEMAX	Int32	property
NetCity.Common.ObjectModel.Nhibernate.Classes.DouGroupType	NetCity.Common.ObjectModel.Nhibernate.Classes.DouGroupType	DOUGROUPTYPES	Id	PRETYPEID	Int32	id
NetCity.Common.ObjectModel.Nhibernate.Classes.DouGroupType	NetCity.Common.ObjectModel.Nhibernate.Classes.DouGroupType	DOUGROUPTYPES	Name	PRETYPENAME	AnsiString	property
NetCity.Common.ObjectModel.Nhibernate.Classes.EducProgram	NetCity.Common.ObjectModel.Nhibernate.Classes.EducProgram	EDUCPROGRAMS	Id	PROGRAMID	Int32	id
NetCity.Common.ObjectModel.Nhibernate.Classes.EducProgram	NetCity.Common.ObjectModel.Nhibernate.Classes.EducProgram	EDUCPROGRAMS	Name	PROGRAMNAME	AnsiString	property
NetCity.Common.ObjectModel.Nhibernate.Classes.FreeStudentClass	NetCity.Common.ObjectModel.Nhibernate.Classes.FreeStudentClass	FREESTUDENTS	Schoolyear	SCHOOLYEARID	NetCity.Common.ObjectModel.Nhibernate.Schoolyear	many-to-one
NetCity.Common.ObjectModel.Nhibernate.Classes.StayRegime	NetCity.Common.ObjectModel.Nhibernate.Classes.StayRegime	STAYREGIMES	Id	STAYID	Int32	id
NetCity.Common.ObjectModel.Nhibernate.Classes.StayRegime	NetCity.Common.ObjectModel.Nhibernate.Classes.StayRegime	STAYREGIMES	Name	STAYNAME	AnsiString	property
NetCity.Common.ObjectModel.Nhibernate.ClassJournal.Activity	NetCity.Common.ObjectModel.Nhibernate.ClassJournal.Activity	ACTIVITIES	Id	ACTIVITYID	AnsiString	id
NetCity.Common.ObjectModel.Nhibernate.ClassJournal.Activity	NetCity.Common.ObjectModel.Nhibernate.ClassJournal.Activity	ACTIVITIES	Name	ACTIVITYNAME	AnsiString	property
NetCity.Common.ObjectModel.Nhibernate.ClassJournal.Activity	NetCity.Common.ObjectModel.Nhibernate.ClassJournal.Activity	ACTIVITIES	ProblemListUrl	PROBLEMLISTURL	AnsiString	property
NetCity.Common.ObjectModel.Nhibernate.ClassJournal.Activity	NetCity.Common.ObjectModel.Nhibernate.ClassJournal.Activity	ACTIVITIES	ProblemUrl	PROBLEMURL	AnsiString	property
NetCity.Common.ObjectModel.Nhibernate.ClassJournal.Activity	NetCity.Common.ObjectModel.Nhibernate.ClassJournal.Activity	ACTIVITIES	EntryUrl	ENTRYURL	AnsiString	property
NetCity.Common.ObjectModel.Nhibernate.ClassJournal.Activity	NetCity.Common.ObjectModel.Nhibernate.ClassJournal.Activity	ACTIVITIES	ResultsUrl	RESULTSURL	AnsiString	property
NetCity.Common.ObjectModel.Nhibernate.ClassJournal.Activity	NetCity.Common.ObjectModel.Nhibernate.ClassJournal.Activity	ACTIVITIES	GroupId	GROUPID	Int32	property
NetCity.Common.ObjectModel.Nhibernate.ClassJournal.Activity	NetCity.Common.ObjectModel.Nhibernate.ClassJournal.Activity	ACTIVITIES	IsDeleted	ISDELETED	YesNoType	property
NetCity.Common.ObjectModel.Nhibernate.ClassJournal.Activity	NetCity.Common.ObjectModel.Nhibernate.ClassJournal.Activity	ACTIVITIES	SelfPaced	SELFPACED	YesNoType	property
NetCity.Common.ObjectModel.Nhibernate.ClassJournal.Activity	NetCity.Common.ObjectModel.Nhibernate.ClassJournal.Activity	ACTIVITIES	Order	ORDERNO	Int32	property
NetCity.Common.ObjectModel.Nhibernate.ClassJournal.AssignmentActivityDetail	NetCity.Common.ObjectModel.Nhibernate.ClassJournal.AssignmentActivityDetail	ASSIGNMENTACTIVITYDETAILS	Assignmentid	ASSIGNMENTID	Int32	id
NetCity.Common.ObjectModel.Nhibernate.ClassJournal.AssignmentActivityDetail	NetCity.Common.ObjectModel.Nhibernate.ClassJournal.AssignmentActivityDetail	ASSIGNMENTACTIVITYDETAILS	Activityid	ACTIVITYID	AnsiString	property
NetCity.Common.ObjectModel.Nhibernate.ClassJournal.AssignmentActivityDetail	NetCity.Common.ObjectModel.Nhibernate.ClassJournal.AssignmentActivityDetail	ASSIGNMENTACTIVITYDETAILS	Duedate	DUEDATE	DateTime	property
NetCity.Common.ObjectModel.Nhibernate.ClassJournal.AssignmentActivityDetail	NetCity.Common.ObjectModel.Nhibernate.ClassJournal.AssignmentActivityDetail	ASSIGNMENTACTIVITYDETAILS	Lexilelevel	LEXILELEVEL	Int32	property
NetCity.Common.ObjectModel.Nhibernate.ClassJournal.AssignmentActivityDetail	NetCity.Common.ObjectModel.Nhibernate.ClassJournal.AssignmentActivityDetail	ASSIGNMENTACTIVITYDETAILS	Possiblepoints	POSSIBLEPOINTS	Int32	property
NetCity.Common.ObjectModel.Nhibernate.ClassJournal.AssignmentActivityDetail	NetCity.Common.ObjectModel.Nhibernate.ClassJournal.AssignmentActivityDetail	ASSIGNMENTACTIVITYDETAILS	Problemgroupid	PROBLEMGROUPID	Int32	property
NetCity.Common.ObjectModel.Nhibernate.ClassJournal.AssignmentActivityDetail	NetCity.Common.ObjectModel.Nhibernate.ClassJournal.AssignmentActivityDetail	ASSIGNMENTACTIVITYDETAILS	Problemname	PROBLEMNAME	String	property
NetCity.Common.ObjectModel.Nhibernate.ClassJournal.AssignmentActivityDetail	NetCity.Common.ObjectModel.Nhibernate.ClassJournal.AssignmentActivityDetail	ASSIGNMENTACTIVITYDETAILS	Problemparameters	PROBLEMPARAMETERS	AnsiString	property
NetCity.Common.ObjectModel.Nhibernate.ClassJournal.AssignmentActivityDetail	NetCity.Common.ObjectModel.Nhibernate.ClassJournal.AssignmentActivityDetail	ASSIGNMENTACTIVITYDETAILS	Startdate	STARTDATE	DateTime	property
NetCity.Common.ObjectModel.Nhibernate.ClassJournal.AssignmentActivityDetail	NetCity.Common.ObjectModel.Nhibernate.ClassJournal.AssignmentActivityDetail	ASSIGNMENTACTIVITYDETAILS	Assignment	ASSIGNMENTID	NetCity.Common.ObjectModel.Nhibernate.ClassJournal.Assignment	many-to-one
NetCity.Common.ObjectModel.Nhibernate.ClassJournal.AssignmentActivityDetail	NetCity.Common.ObjectModel.Nhibernate.ClassJournal.AssignmentActivityDetail	ASSIGNMENTACTIVITYDETAILS	Activity	ACTIVITYID	NetCity.Common.ObjectModel.Nhibernate.ClassJournal.Activity	many-to-one
NetCity.Common.ObjectModel.Nhibernate.ClassJournal.AssignmentAnswer	NetCity.Common.ObjectModel.Nhibernate.ClassJournal.AssignmentAnswer	ASSIGNMENT_ANSWERS	Id	Id	Int32	id
NetCity.Common.ObjectModel.Nhibernate.ClassJournal.AssignmentAnswer	NetCity.Common.ObjectModel.Nhibernate.ClassJournal.AssignmentAnswer	ASSIGNMENT_ANSWERS	Answer	ANSWER	AnsiString	property
NetCity.Common.ObjectModel.Nhibernate.ClassJournal.AssignmentAnswer	NetCity.Common.ObjectModel.Nhibernate.ClassJournal.AssignmentAnswer	ASSIGNMENT_ANSWERS	AnswerDate	ANSWERDATE	DateTime	property
NetCity.Common.ObjectModel.Nhibernate.ClassJournal.AssignmentAnswer	NetCity.Common.ObjectModel.Nhibernate.ClassJournal.AssignmentAnswer	ASSIGNMENT_ANSWERS	Assignment	ASSIGNMENTID	NetCity.Common.ObjectModel.Nhibernate.ClassJournal.Assignment	many-to-one
NetCity.Common.ObjectModel.Nhibernate.ClassJournal.AssignmentAnswer	NetCity.Common.ObjectModel.Nhibernate.ClassJournal.AssignmentAnswer	ASSIGNMENT_ANSWERS	Student	STUDENTID	NetCity.Common.ObjectModel.Nhibernate.Users.Student	many-to-one
NetCity.Common.ObjectModel.Nhibernate.ClassJournal.AssignmentDiagnostic	NetCity.Common.ObjectModel.Nhibernate.ClassJournal.AssignmentDiagnostic	ASSIGNMENTS_DIAGNOSTICS	ConsiderResults	Consider	Boolean	property
NetCity.Common.ObjectModel.Nhibernate.ClassJournal.AssignmentDiagnostic	NetCity.Common.ObjectModel.Nhibernate.ClassJournal.AssignmentDiagnostic	ASSIGNMENTS_DIAGNOSTICS	Variant	VARIANTID	NetCity.Common.ObjectModel.Nhibernate.QualityAssessment.DwVariant	many-to-one
NetCity.Common.ObjectModel.Nhibernate.ClassJournal.AssignmentFileResult	NetCity.Common.ObjectModel.Nhibernate.ClassJournal.AssignmentFileResult	ASSIGNMENT_FILERESULTS	Id	Id	Int32	id
NetCity.Common.ObjectModel.Nhibernate.ClassJournal.AssignmentFileResult	NetCity.Common.ObjectModel.Nhibernate.ClassJournal.AssignmentFileResult	ASSIGNMENT_FILERESULTS	AttachmentDate	ATTACHDATE	DateTime	property
NetCity.Common.ObjectModel.Nhibernate.ClassJournal.AssignmentFileResult	NetCity.Common.ObjectModel.Nhibernate.ClassJournal.AssignmentFileResult	ASSIGNMENT_FILERESULTS	Assignment	ASSIGNMENTID	NetCity.Common.ObjectModel.Nhibernate.ClassJournal.Assignment	many-to-one
NetCity.Common.ObjectModel.Nhibernate.ClassJournal.AssignmentFileResult	NetCity.Common.ObjectModel.Nhibernate.ClassJournal.AssignmentFileResult	ASSIGNMENT_FILERESULTS	Student	STUDENTID	NetCity.Common.ObjectModel.Nhibernate.Users.Student	many-to-one
NetCity.Common.ObjectModel.Nhibernate.ClassJournal.AssignmentFileResult	NetCity.Common.ObjectModel.Nhibernate.ClassJournal.AssignmentFileResult	ASSIGNMENT_FILERESULTS	Attachment	ATTACHMENTID	NetCity.Common.ObjectModel.Nhibernate.FileAttachment	many-to-one
NetCity.Common.ObjectModel.Nhibernate.ClassJournal.Assignment	NetCity.Common.ObjectModel.Nhibernate.ClassJournal.Assignment	ASSIGNMENTS	Id	ASSIGNMENTID	Int32	id
NetCity.Common.ObjectModel.Nhibernate.ClassJournal.Assignment	NetCity.Common.ObjectModel.Nhibernate.ClassJournal.Assignment	ASSIGNMENTS	Results		System.Collections.Generic.ISet`1[[NetCity.Common.ObjectModel.Nhibernate.ClassJournal.Result, NetCity.Common.ObjectModel, Version=5.14.65351.225, Culture=neutral, PublicKeyToken=ea3eeeb5c070719f]](NetCity.Common.ObjectModel.Nhibernate.ClassJournal.Assignment.Results)	collection
NetCity.Common.ObjectModel.Nhibernate.ClassJournal.Assignment	NetCity.Common.ObjectModel.Nhibernate.ClassJournal.Assignment	ASSIGNMENTS	ResultsMonitoring		System.Collections.Generic.ISet`1[[NetCity.Common.ObjectModel.Nhibernate.ClassJournal.ResultMonitoring, NetCity.Common.ObjectModel, Version=5.14.65351.225, Culture=neutral, PublicKeyToken=ea3eeeb5c070719f]](NetCity.Common.ObjectModel.Nhibernate.ClassJournal.Assignment.ResultsMonitoring)	collection
NetCity.Common.ObjectModel.Nhibernate.ClassJournal.Assignment	NetCity.Common.ObjectModel.Nhibernate.ClassJournal.Assignment	ASSIGNMENTS	TestPlans		System.Collections.Generic.ISet`1[[NetCity.Common.ObjectModel.Nhibernate.QualityAssessment.TestPlan, NetCity.Common.ObjectModel, Version=5.14.65351.225, Culture=neutral, PublicKeyToken=ea3eeeb5c070719f]](NetCity.Common.ObjectModel.Nhibernate.ClassJournal.Assignment.TestPlans)	collection
NetCity.Common.ObjectModel.Nhibernate.ClassJournal.Assignment	NetCity.Common.ObjectModel.Nhibernate.ClassJournal.Assignment	ASSIGNMENTS	FileAttachments		System.Collections.Generic.ISet`1[[NetCity.Common.ObjectModel.Nhibernate.FileAttachment, NetCity.Common.ObjectModel, Version=5.14.65351.225, Culture=neutral, PublicKeyToken=ea3eeeb5c070719f]](NetCity.Common.ObjectModel.Nhibernate.ClassJournal.Assignment.FileAttachments)	collection
NetCity.Common.ObjectModel.Nhibernate.ClassJournal.Assignment	NetCity.Common.ObjectModel.Nhibernate.ClassJournal.Assignment	ASSIGNMENTS	JournalComments		System.Collections.Generic.ISet`1[[NetCity.Common.ObjectModel.Nhibernate.ClassJournal.JournalComment, NetCity.Common.ObjectModel, Version=5.14.65351.225, Culture=neutral, PublicKeyToken=ea3eeeb5c070719f]](NetCity.Common.ObjectModel.Nhibernate.ClassJournal.Assignment.JournalComments)	collection
NetCity.Common.ObjectModel.Nhibernate.ClassJournal.Assignment	NetCity.Common.ObjectModel.Nhibernate.ClassJournal.Assignment	ASSIGNMENTS	FileResults		System.Collections.Generic.ISet`1[[NetCity.Common.ObjectModel.Nhibernate.ClassJournal.AssignmentFileResult, NetCity.Common.ObjectModel, Version=5.14.65351.225, Culture=neutral, PublicKeyToken=ea3eeeb5c070719f]](NetCity.Common.ObjectModel.Nhibernate.ClassJournal.Assignment.FileResults)	collection
NetCity.Common.ObjectModel.Nhibernate.ClassJournal.Assignment	NetCity.Common.ObjectModel.Nhibernate.ClassJournal.Assignment	ASSIGNMENTS	DwVprPartsVariants		System.Collections.Generic.ISet`1[[NetCity.Common.ObjectModel.Nhibernate.QualityAssessment.DwVprPartVariant, NetCity.Common.ObjectModel, Version=5.14.65351.225, Culture=neutral, PublicKeyToken=ea3eeeb5c070719f]](NetCity.Common.ObjectModel.Nhibernate.ClassJournal.Assignment.DwVprPartsVariants)	collection
NetCity.Common.ObjectModel.Nhibernate.ClassJournal.Assignment	NetCity.Common.ObjectModel.Nhibernate.ClassJournal.Assignment	ASSIGNMENTS	DwVprStudentCodes		System.Collections.Generic.ISet`1[[NetCity.Common.ObjectModel.Nhibernate.QualityAssessment.DwVprStudentCode, NetCity.Common.ObjectModel, Version=5.14.65351.225, Culture=neutral, PublicKeyToken=ea3eeeb5c070719f]](NetCity.Common.ObjectModel.Nhibernate.ClassJournal.Assignment.DwVprStudentCodes)	collection
NetCity.Common.ObjectModel.Nhibernate.ClassJournal.Assignment	NetCity.Common.ObjectModel.Nhibernate.ClassJournal.Assignment	ASSIGNMENTS	Assignmentname	ASSIGNMENTNAME	String	property
NetCity.Common.ObjectModel.Nhibernate.ClassJournal.Assignment	NetCity.Common.ObjectModel.Nhibernate.ClassJournal.Assignment	ASSIGNMENTS	Classassignment	CLASSASSIGNMENT	Int32	property
NetCity.Common.ObjectModel.Nhibernate.ClassJournal.Assignment	NetCity.Common.ObjectModel.Nhibernate.ClassJournal.Assignment	ASSIGNMENTS	Description	DESCRIPTION	AnsiString	property
NetCity.Common.ObjectModel.Nhibernate.ClassJournal.Assignment	NetCity.Common.ObjectModel.Nhibernate.ClassJournal.Assignment	ASSIGNMENTS	Weight	WEIGHT	Int32	property
NetCity.Common.ObjectModel.Nhibernate.ClassJournal.Assignment	NetCity.Common.ObjectModel.Nhibernate.ClassJournal.Assignment	ASSIGNMENTS	ModifyDate	MODIFYDATE	DateTime	property
NetCity.Common.ObjectModel.Nhibernate.ClassJournal.Assignment	NetCity.Common.ObjectModel.Nhibernate.ClassJournal.Assignment	ASSIGNMENTS	AssignmentType	ATYPEID	NetCity.Common.ObjectModel.Nhibernate.ClassJournal.AssignmentType	many-to-one
NetCity.Common.ObjectModel.Nhibernate.ClassJournal.Assignment	NetCity.Common.ObjectModel.Nhibernate.ClassJournal.Assignment	ASSIGNMENTS	Classmeeting	CLASSMEETINGID	NetCity.Common.ObjectModel.Nhibernate.Schedule.Classmeeting	many-to-one
NetCity.Common.ObjectModel.Nhibernate.ClassJournal.Assignment	NetCity.Common.ObjectModel.Nhibernate.ClassJournal.Assignment	ASSIGNMENTS	IssueClassmeeting	ISSUECMID	NetCity.Common.ObjectModel.Nhibernate.Schedule.Classmeeting	many-to-one
NetCity.Common.ObjectModel.Nhibernate.ClassJournal.Assignment	NetCity.Common.ObjectModel.Nhibernate.ClassJournal.Assignment	ASSIGNMENTS	SubjectGroup	SGID	NetCity.Common.ObjectModel.Nhibernate.SubjectGroup	many-to-one
NetCity.Common.ObjectModel.Nhibernate.ClassJournal.Assignment	NetCity.Common.ObjectModel.Nhibernate.ClassJournal.Assignment	ASSIGNMENTS	AssignmentActivityDetail		NetCity.Common.ObjectModel.Nhibernate.ClassJournal.AssignmentActivityDetail	property
NetCity.Common.ObjectModel.Nhibernate.ClassJournal.Assignment	NetCity.Common.ObjectModel.Nhibernate.ClassJournal.Assignment	ASSIGNMENTS	DiagnosticWorkInfo	ASSIGNMENTID	NetCity.Common.ObjectModel.Nhibernate.ClassJournal.AssignmentDiagnostic	many-to-one
NetCity.Common.ObjectModel.Nhibernate.ClassJournal.Assignment	NetCity.Common.ObjectModel.Nhibernate.ClassJournal.Assignment	ASSIGNMENTS	AssignmentsCourses	PRODUCTID,ASSIGNMENTID	component[ProductId,AssignmentId]	property
NetCity.Common.ObjectModel.Nhibernate.ClassJournal.AssignmentType	NetCity.Common.ObjectModel.Nhibernate.ClassJournal.AssignmentType	ASSIGNMENTTYPES	Id	TYPEID	Int32	id
NetCity.Common.ObjectModel.Nhibernate.ClassJournal.AssignmentType	NetCity.Common.ObjectModel.Nhibernate.ClassJournal.AssignmentType	ASSIGNMENTTYPES	Assignments		System.Collections.Generic.ISet`1[[NetCity.Common.ObjectModel.Nhibernate.ClassJournal.Assignment, NetCity.Common.ObjectModel, Version=5.14.65351.225, Culture=neutral, PublicKeyToken=ea3eeeb5c070719f]](NetCity.Common.ObjectModel.Nhibernate.ClassJournal.AssignmentType.Assignments)	collection
NetCity.Common.ObjectModel.Nhibernate.ClassJournal.AssignmentType	NetCity.Common.ObjectModel.Nhibernate.ClassJournal.AssignmentType	ASSIGNMENTTYPES	Abbr	ABBR	AnsiString	property
NetCity.Common.ObjectModel.Nhibernate.ClassJournal.AssignmentType	NetCity.Common.ObjectModel.Nhibernate.ClassJournal.AssignmentType	ASSIGNMENTTYPES	Editable	EDITABLE	YesNoType	property
NetCity.Common.ObjectModel.Nhibernate.ClassJournal.AssignmentType	NetCity.Common.ObjectModel.Nhibernate.ClassJournal.AssignmentType	ASSIGNMENTTYPES	Name	NAME	AnsiString	property
NetCity.Common.ObjectModel.Nhibernate.ClassJournal.AssignmentType	NetCity.Common.ObjectModel.Nhibernate.ClassJournal.AssignmentType	ASSIGNMENTTYPES	Order	order	Int32	property
NetCity.Common.ObjectModel.Nhibernate.ClassJournal.AssignmentTypeWeight	NetCity.Common.ObjectModel.Nhibernate.ClassJournal.AssignmentTypeWeight	ASSIGNMENTTYPES_WEIGHTS	Id	ID	Int32	id
NetCity.Common.ObjectModel.Nhibernate.ClassJournal.AssignmentTypeWeight	NetCity.Common.ObjectModel.Nhibernate.ClassJournal.AssignmentTypeWeight	ASSIGNMENTTYPES_WEIGHTS	Weight	WEIGHT	Int32	property
NetCity.Common.ObjectModel.Nhibernate.ClassJournal.AssignmentTypeWeight	NetCity.Common.ObjectModel.Nhibernate.ClassJournal.AssignmentTypeWeight	ASSIGNMENTTYPES_WEIGHTS	School	SCHOOLID	NetCity.Common.ObjectModel.Nhibernate.Organizations.School	many-to-one
NetCity.Common.ObjectModel.Nhibernate.ClassJournal.AssignmentTypeWeight	NetCity.Common.ObjectModel.Nhibernate.ClassJournal.AssignmentTypeWeight	ASSIGNMENTTYPES_WEIGHTS	AssignmentType	TYPEID	NetCity.Common.ObjectModel.Nhibernate.ClassJournal.AssignmentType	many-to-one
NetCity.Common.ObjectModel.Nhibernate.ClassJournal.Attendance	NetCity.Common.ObjectModel.Nhibernate.ClassJournal.Attendance	ATTENDANCE	Id	ID	Int32	id
NetCity.Common.ObjectModel.Nhibernate.ClassJournal.Attendance	NetCity.Common.ObjectModel.Nhibernate.ClassJournal.Attendance	ATTENDANCE	Reason	REASON	AnsiString	property
NetCity.Common.ObjectModel.Nhibernate.ClassJournal.Attendance	NetCity.Common.ObjectModel.Nhibernate.ClassJournal.Attendance	ATTENDANCE	Student	STUDENTID	NetCity.Common.ObjectModel.Nhibernate.Users.Student	many-to-one
NetCity.Common.ObjectModel.Nhibernate.ClassJournal.Attendance	NetCity.Common.ObjectModel.Nhibernate.ClassJournal.Attendance	ATTENDANCE	Classmeeting	CLASSMEETINGID	NetCity.Common.ObjectModel.Nhibernate.Schedule.Classmeeting	many-to-one
NetCity.Common.ObjectModel.Nhibernate.ClassJournal.DouAttendance	NetCity.Common.ObjectModel.Nhibernate.ClassJournal.DouAttendance	DOUATTENDANCE	Id	ID	Int32	id
NetCity.Common.ObjectModel.Nhibernate.ClassJournal.DouAttendance	NetCity.Common.ObjectModel.Nhibernate.ClassJournal.DouAttendance	DOUATTENDANCE	Day	DAY	DateTime	property
NetCity.Common.ObjectModel.Nhibernate.ClassJournal.DouAttendance	NetCity.Common.ObjectModel.Nhibernate.ClassJournal.DouAttendance	DOUATTENDANCE	Mark	MARK	AnsiString	property
NetCity.Common.ObjectModel.Nhibernate.ClassJournal.DouAttendance	NetCity.Common.ObjectModel.Nhibernate.ClassJournal.DouAttendance	DOUATTENDANCE	Student	STUDENTID	NetCity.Common.ObjectModel.Nhibernate.Users.Student	many-to-one
NetCity.Common.ObjectModel.Nhibernate.ClassJournal.DouAttendance	NetCity.Common.ObjectModel.Nhibernate.ClassJournal.DouAttendance	DOUATTENDANCE	Class	CLASSID	NetCity.Common.ObjectModel.Nhibernate.Classes.PreClass	many-to-one
NetCity.Common.ObjectModel.Nhibernate.ClassJournal.Grading.GradingScaleMark	NetCity.Common.ObjectModel.Nhibernate.ClassJournal.Grading.GradingScaleMark	GRADINGSCALES	Id	GRADINGSCALEID	Int32	id
NetCity.Common.ObjectModel.Nhibernate.ClassJournal.Grading.GradingScaleMark	NetCity.Common.ObjectModel.Nhibernate.ClassJournal.Grading.GradingScaleMark	GRADINGSCALES	Mark	NAME	Int32	property
NetCity.Common.ObjectModel.Nhibernate.ClassJournal.Grading.GradingScaleMark	NetCity.Common.ObjectModel.Nhibernate.ClassJournal.Grading.GradingScaleMark	GRADINGSCALES	Threshold	THRESHOLD	Int32	property
NetCity.Common.ObjectModel.Nhibernate.ClassJournal.Grading.GradingScaleMark	NetCity.Common.ObjectModel.Nhibernate.ClassJournal.Grading.GradingScaleMark	GRADINGSCALES	GradingSystem	GRADINGSYSTEMID	NetCity.Common.ObjectModel.Nhibernate.ClassJournal.Grading.GradingSystem	many-to-one
NetCity.Common.ObjectModel.Nhibernate.ClassJournal.Grading.GradingSystem	NetCity.Common.ObjectModel.Nhibernate.ClassJournal.Grading.GradingSystem	GRADINGSYSTEMS	Id	GRADINGSYSTEMID	Int32	id
NetCity.Common.ObjectModel.Nhibernate.ClassJournal.Grading.GradingSystem	NetCity.Common.ObjectModel.Nhibernate.ClassJournal.Grading.GradingSystem	GRADINGSYSTEMS	Scale		System.Collections.Generic.ISet`1[[NetCity.Common.ObjectModel.Nhibernate.ClassJournal.Grading.GradingScaleMark, NetCity.Common.ObjectModel, Version=5.14.65351.225, Culture=neutral, PublicKeyToken=ea3eeeb5c070719f]](NetCity.Common.ObjectModel.Nhibernate.ClassJournal.Grading.GradingSystem.Scale)	collection
NetCity.Common.ObjectModel.Nhibernate.ClassJournal.Grading.GradingSystem	NetCity.Common.ObjectModel.Nhibernate.ClassJournal.Grading.GradingSystem	GRADINGSYSTEMS	SubjectGroupsActivities		System.Collections.Generic.ISet`1[[NetCity.Common.ObjectModel.Nhibernate.ClassJournal.Grading.SubjectGroupActivityGradingSystem, NetCity.Common.ObjectModel, Version=5.14.65351.225, Culture=neutral, PublicKeyToken=ea3eeeb5c070719f]](NetCity.Common.ObjectModel.Nhibernate.ClassJournal.Grading.GradingSystem.SubjectGroupsActivities)	collection
NetCity.Common.ObjectModel.Nhibernate.ClassJournal.Grading.GradingSystem	NetCity.Common.ObjectModel.Nhibernate.ClassJournal.Grading.GradingSystem	GRADINGSYSTEMS	Name	NAME	AnsiString	property
NetCity.Common.ObjectModel.Nhibernate.ClassJournal.Grading.GradingSystem	NetCity.Common.ObjectModel.Nhibernate.ClassJournal.Grading.GradingSystem	GRADINGSYSTEMS	Default	DEFAULTVAL	YesNoType	property
NetCity.Common.ObjectModel.Nhibernate.ClassJournal.Grading.GradingSystem	NetCity.Common.ObjectModel.Nhibernate.ClassJournal.Grading.GradingSystem	GRADINGSYSTEMS	Schoolyear	SCHOOLYEARID	NetCity.Common.ObjectModel.Nhibernate.Schoolyear	many-to-one
NetCity.Common.ObjectModel.Nhibernate.ClassJournal.JournalComment	NetCity.Common.ObjectModel.Nhibernate.ClassJournal.JournalComment	JOURNALCOMMENTS	Id	Id	Int32	id
NetCity.Common.ObjectModel.Nhibernate.ClassJournal.JournalComment	NetCity.Common.ObjectModel.Nhibernate.ClassJournal.JournalComment	JOURNALCOMMENTS	Reads		System.Collections.Generic.ISet`1[[NetCity.Common.ObjectModel.Nhibernate.ClassJournal.JournalCommentRead, NetCity.Common.ObjectModel, Version=5.14.65351.225, Culture=neutral, PublicKeyToken=ea3eeeb5c070719f]](NetCity.Common.ObjectModel.Nhibernate.ClassJournal.JournalComment.Reads)	collection
NetCity.Common.ObjectModel.Nhibernate.ClassJournal.JournalComment	NetCity.Common.ObjectModel.Nhibernate.ClassJournal.JournalComment	JOURNALCOMMENTS	EditTime	EDITTIME	DateTime	property
NetCity.Common.ObjectModel.Nhibernate.ClassJournal.JournalComment	NetCity.Common.ObjectModel.Nhibernate.ClassJournal.JournalComment	JOURNALCOMMENTS	Text	TEXT	AnsiString	property
NetCity.Common.ObjectModel.Nhibernate.ClassJournal.JournalComment	NetCity.Common.ObjectModel.Nhibernate.ClassJournal.JournalComment	JOURNALCOMMENTS	Assignment	ASSIGNMENTID	NetCity.Common.ObjectModel.Nhibernate.ClassJournal.Assignment	many-to-one
NetCity.Common.ObjectModel.Nhibernate.ClassJournal.JournalComment	NetCity.Common.ObjectModel.Nhibernate.ClassJournal.JournalComment	JOURNALCOMMENTS	Student	STUDENTID	NetCity.Common.ObjectModel.Nhibernate.Users.Student	many-to-one
NetCity.Common.ObjectModel.Nhibernate.ClassJournal.JournalComment	NetCity.Common.ObjectModel.Nhibernate.ClassJournal.JournalComment	JOURNALCOMMENTS	Teacher	TEACHERID	NetCity.Common.ObjectModel.Nhibernate.Users.User	many-to-one
NetCity.Common.ObjectModel.Nhibernate.ClassJournal.JournalCommentRead	NetCity.Common.ObjectModel.Nhibernate.ClassJournal.JournalCommentRead	JOURNALCOMMENTREADS	Id	Id	Int32	id
NetCity.Common.ObjectModel.Nhibernate.ClassJournal.JournalCommentRead	NetCity.Common.ObjectModel.Nhibernate.ClassJournal.JournalCommentRead	JOURNALCOMMENTREADS	ReadTime	READTIME	DateTime	property
NetCity.Common.ObjectModel.Nhibernate.ClassJournal.JournalCommentRead	NetCity.Common.ObjectModel.Nhibernate.ClassJournal.JournalCommentRead	JOURNALCOMMENTREADS	Comment	COMMENTID	NetCity.Common.ObjectModel.Nhibernate.ClassJournal.JournalComment	many-to-one
NetCity.Common.ObjectModel.Nhibernate.ClassJournal.JournalCommentRead	NetCity.Common.ObjectModel.Nhibernate.ClassJournal.JournalCommentRead	JOURNALCOMMENTREADS	User	USERID	NetCity.Common.ObjectModel.Nhibernate.Users.User	many-to-one
NetCity.Common.ObjectModel.Nhibernate.ClassJournal.JournalCorrection	NetCity.Common.ObjectModel.Nhibernate.ClassJournal.JournalCorrection	JOURNALCORRECTIONS	Id	ID	Int32	id
NetCity.Common.ObjectModel.Nhibernate.ClassJournal.JournalCorrection	NetCity.Common.ObjectModel.Nhibernate.ClassJournal.JournalCorrection	JOURNALCORRECTIONS	EditTime	EDITTIME	DateTime	property
NetCity.Common.ObjectModel.Nhibernate.ClassJournal.JournalCorrection	NetCity.Common.ObjectModel.Nhibernate.ClassJournal.JournalCorrection	JOURNALCORRECTIONS	Reason	REASON	AnsiString	property
NetCity.Common.ObjectModel.Nhibernate.ClassJournal.JournalCorrection	NetCity.Common.ObjectModel.Nhibernate.ClassJournal.JournalCorrection	JOURNALCORRECTIONS	PrevMark	PREVMARK	Int32	property
NetCity.Common.ObjectModel.Nhibernate.ClassJournal.JournalCorrection	NetCity.Common.ObjectModel.Nhibernate.ClassJournal.JournalCorrection	JOURNALCORRECTIONS	Mark	MARK	Int32	property
NetCity.Common.ObjectModel.Nhibernate.ClassJournal.JournalCorrection	NetCity.Common.ObjectModel.Nhibernate.ClassJournal.JournalCorrection	JOURNALCORRECTIONS	CorrectionType	CORRECTIONTYPE	NetCity.NHibernate.Mapping.CustomTypes.JournalCorrectionMapType, NetCity.NHibernate.Mapping	property
NetCity.Common.ObjectModel.Nhibernate.ClassJournal.JournalCorrection	NetCity.Common.ObjectModel.Nhibernate.ClassJournal.JournalCorrection	JOURNALCORRECTIONS	SubjectGroup	SGID	NetCity.Common.ObjectModel.Nhibernate.SubjectGroup	many-to-one
NetCity.Common.ObjectModel.Nhibernate.ClassJournal.JournalCorrection	NetCity.Common.ObjectModel.Nhibernate.ClassJournal.JournalCorrection	JOURNALCORRECTIONS	Student	STUDENTID	NetCity.Common.ObjectModel.Nhibernate.Users.Student	many-to-one
NetCity.Common.ObjectModel.Nhibernate.ClassJournal.JournalCorrection	NetCity.Common.ObjectModel.Nhibernate.ClassJournal.JournalCorrection	JOURNALCORRECTIONS	User	USERID	NetCity.Common.ObjectModel.Nhibernate.Users.User	many-to-one
NetCity.Common.ObjectModel.Nhibernate.ClassJournal.JournalCorrection	NetCity.Common.ObjectModel.Nhibernate.ClassJournal.JournalCorrection	JOURNALCORRECTIONS	Schoolyear	SCHOOLYEARID	NetCity.Common.ObjectModel.Nhibernate.Schoolyear	many-to-one
NetCity.Common.ObjectModel.Nhibernate.ClassJournal.JournalCorrection	NetCity.Common.ObjectModel.Nhibernate.ClassJournal.JournalCorrection	JOURNALCORRECTIONS	Term	TERMID	NetCity.Common.ObjectModel.Nhibernate.Term	many-to-one
NetCity.Common.ObjectModel.Nhibernate.ClassJournal.JournalCorrection	NetCity.Common.ObjectModel.Nhibernate.ClassJournal.JournalCorrection	JOURNALCORRECTIONS	PeriodType	PERIODTYPEID	NetCity.Common.ObjectModel.Nhibernate.ClassJournal.PeriodType	many-to-one
NetCity.Common.ObjectModel.Nhibernate.ClassJournal.JournalEditLimit	NetCity.Common.ObjectModel.Nhibernate.ClassJournal.JournalEditLimit	JOURNAL_EDITLIMITS	Id	ID	Int32	id
NetCity.Common.ObjectModel.Nhibernate.ClassJournal.JournalEditLimit	NetCity.Common.ObjectModel.Nhibernate.ClassJournal.JournalEditLimit	JOURNAL_EDITLIMITS	LimitationType	LIMITATION_TYPE	NHibernate.Type.EnumType`1[[NetCity.Common.ObjectModel.Nhibernate.ClassJournal.LimitationType, NetCity.Common, Version=0.11.30.0, Culture=neutral, PublicKeyToken=ea3eeeb5c070719f]], NHibernate	property
NetCity.Common.ObjectModel.Nhibernate.ClassJournal.JournalEditLimit	NetCity.Common.ObjectModel.Nhibernate.ClassJournal.JournalEditLimit	JOURNAL_EDITLIMITS	LimitationValue	LIMITATION_VALUE	Int32	property
NetCity.Common.ObjectModel.Nhibernate.ClassJournal.JournalEditLimit	NetCity.Common.ObjectModel.Nhibernate.ClassJournal.JournalEditLimit	JOURNAL_EDITLIMITS	School	SCHOOLID	NetCity.Common.ObjectModel.Nhibernate.Organizations.School	many-to-one
NetCity.Common.ObjectModel.Nhibernate.ClassJournal.JournalEditLimit	NetCity.Common.ObjectModel.Nhibernate.ClassJournal.JournalEditLimit	JOURNAL_EDITLIMITS	EducManagement	EMID	NetCity.Common.ObjectModel.Nhibernate.Organizations.EducManagement	many-to-one
NetCity.Common.ObjectModel.Nhibernate.ClassJournal.PeriodType	NetCity.Common.ObjectModel.Nhibernate.ClassJournal.PeriodType	PERIODTYPES	Id	PERIODTYPEID	Int32	id
NetCity.Common.ObjectModel.Nhibernate.ClassJournal.PeriodType	NetCity.Common.ObjectModel.Nhibernate.ClassJournal.PeriodType	PERIODTYPES	Subjectgroups		System.Collections.Generic.ISet`1[[NetCity.Common.ObjectModel.Nhibernate.ClassJournal.SgExamType, NetCity.Common.ObjectModel, Version=5.14.65351.225, Culture=neutral, PublicKeyToken=ea3eeeb5c070719f]](NetCity.Common.ObjectModel.Nhibernate.ClassJournal.PeriodType.Subjectgroups)	collection
NetCity.Common.ObjectModel.Nhibernate.ClassJournal.PeriodType	NetCity.Common.ObjectModel.Nhibernate.ClassJournal.PeriodType	PERIODTYPES	Name	NAME	AnsiString	property
NetCity.Common.ObjectModel.Nhibernate.ClassJournal.PeriodType	NetCity.Common.ObjectModel.Nhibernate.ClassJournal.PeriodType	PERIODTYPES	Abbr	ABBR	AnsiString	property
NetCity.Common.ObjectModel.Nhibernate.ClassJournal.PeriodType	NetCity.Common.ObjectModel.Nhibernate.ClassJournal.PeriodType	PERIODTYPES	Title	TITLE	AnsiString	property
NetCity.Common.ObjectModel.Nhibernate.ClassJournal.PeriodType	NetCity.Common.ObjectModel.Nhibernate.ClassJournal.PeriodType	PERIODTYPES	TypeOrder	TYPEORDER	Int32	property
NetCity.Common.ObjectModel.Nhibernate.ClassJournal.PeriodType	NetCity.Common.ObjectModel.Nhibernate.ClassJournal.PeriodType	PERIODTYPES	IsExam	IsExam	YesNo	property
NetCity.Common.ObjectModel.Nhibernate.ClassJournal.PeriodType	NetCity.Common.ObjectModel.Nhibernate.ClassJournal.PeriodType	PERIODTYPES	Type	GradingSys	NHibernate.Type.EnumType`1[[NetCity.Common.ObjectModel.Nhibernate.GradingSys, NetCity.Common, Version=0.11.30.0, Culture=neutral, PublicKeyToken=ea3eeeb5c070719f]], NHibernate	property
NetCity.Common.ObjectModel.Nhibernate.ClassJournal.PeriodType	NetCity.Common.ObjectModel.Nhibernate.ClassJournal.PeriodType	PERIODTYPES	IsUsed		Boolean	property
NetCity.Common.ObjectModel.Nhibernate.ClassJournal.Result	NetCity.Common.ObjectModel.Nhibernate.ClassJournal.Result	RESULTS	Id	ID	Int32	id
NetCity.Common.ObjectModel.Nhibernate.ClassJournal.Result	NetCity.Common.ObjectModel.Nhibernate.ClassJournal.Result	RESULTS	Donedate	DONEDATE	DateTime	property
NetCity.Common.ObjectModel.Nhibernate.ClassJournal.Result	NetCity.Common.ObjectModel.Nhibernate.ClassJournal.Result	RESULTS	Mark	RESULT	Double	property
NetCity.Common.ObjectModel.Nhibernate.ClassJournal.Result	NetCity.Common.ObjectModel.Nhibernate.ClassJournal.Result	RESULTS	Student	STUDENTID	NetCity.Common.ObjectModel.Nhibernate.Users.Student	many-to-one
NetCity.Common.ObjectModel.Nhibernate.ClassJournal.Result	NetCity.Common.ObjectModel.Nhibernate.ClassJournal.Result	RESULTS	Assignment	ASSIGNMENTID	NetCity.Common.ObjectModel.Nhibernate.ClassJournal.Assignment	many-to-one
NetCity.Common.ObjectModel.Nhibernate.ClassJournal.ResultMonitoring	NetCity.Common.ObjectModel.Nhibernate.ClassJournal.ResultMonitoring	RESULTS_MONITORING	Donedate	DONEDATE	DateTime	property
NetCity.Common.ObjectModel.Nhibernate.ClassJournal.ResultMonitoring	NetCity.Common.ObjectModel.Nhibernate.ClassJournal.ResultMonitoring	RESULTS_MONITORING	Mark	RESULT	Double	property
NetCity.Common.ObjectModel.Nhibernate.ClassJournal.ResultDetail	NetCity.Common.ObjectModel.Nhibernate.ClassJournal.ResultDetail	RESULTSDETAILS	ResultId	RESULTID	Int32	id
NetCity.Common.ObjectModel.Nhibernate.ClassJournal.ResultDetail	NetCity.Common.ObjectModel.Nhibernate.ClassJournal.ResultDetail	RESULTSDETAILS	Details	DETAILS	Byte[]	property
NetCity.Common.ObjectModel.Nhibernate.ClassJournal.ResultDetail	NetCity.Common.ObjectModel.Nhibernate.ClassJournal.ResultDetail	RESULTSDETAILS	Result	RESULTID	NetCity.Common.ObjectModel.Nhibernate.ClassJournal.Result	many-to-one
NetCity.Common.ObjectModel.Nhibernate.ClassJournal.Total	NetCity.Common.ObjectModel.Nhibernate.ClassJournal.Total	TOTALS	Id	ID	Int32	id
NetCity.Common.ObjectModel.Nhibernate.ClassJournal.Total	NetCity.Common.ObjectModel.Nhibernate.ClassJournal.Total	TOTALS	Mark	MARK	Int32	property
NetCity.Common.ObjectModel.Nhibernate.ClassJournal.Total	NetCity.Common.ObjectModel.Nhibernate.ClassJournal.Total	TOTALS	ModifyDate	MODIFYDATE	DateTime	property
NetCity.Common.ObjectModel.Nhibernate.ClassJournal.Total	NetCity.Common.ObjectModel.Nhibernate.ClassJournal.Total	TOTALS	Student	STUDENTID	NetCity.Common.ObjectModel.Nhibernate.Users.Student	many-to-one
NetCity.Common.ObjectModel.Nhibernate.ClassJournal.Total	NetCity.Common.ObjectModel.Nhibernate.ClassJournal.Total	TOTALS	SubjectGroup	SGID	NetCity.Common.ObjectModel.Nhibernate.SubjectGroup	many-to-one
NetCity.Common.ObjectModel.Nhibernate.ClassJournal.Total	NetCity.Common.ObjectModel.Nhibernate.ClassJournal.Total	TOTALS	Term	PERIODID	NetCity.Common.ObjectModel.Nhibernate.Term	many-to-one
NetCity.Common.ObjectModel.Nhibernate.ClassJournal.YearTotal	NetCity.Common.ObjectModel.Nhibernate.ClassJournal.YearTotal	YEARTOTALS	Id	ID	Int32	id
NetCity.Common.ObjectModel.Nhibernate.ClassJournal.YearTotal	NetCity.Common.ObjectModel.Nhibernate.ClassJournal.YearTotal	YEARTOTALS	Mark	MARK	Int32	property
NetCity.Common.ObjectModel.Nhibernate.ClassJournal.YearTotal	NetCity.Common.ObjectModel.Nhibernate.ClassJournal.YearTotal	YEARTOTALS	ModifyDate	MODIFYDATE	DateTime	property
NetCity.Common.ObjectModel.Nhibernate.ClassJournal.YearTotal	NetCity.Common.ObjectModel.Nhibernate.ClassJournal.YearTotal	YEARTOTALS	SubjectGroup	SGID	NetCity.Common.ObjectModel.Nhibernate.SubjectGroup	many-to-one
NetCity.Common.ObjectModel.Nhibernate.ClassJournal.YearTotal	NetCity.Common.ObjectModel.Nhibernate.ClassJournal.YearTotal	YEARTOTALS	Schoolyear	SCHOOLYEARID	NetCity.Common.ObjectModel.Nhibernate.Schoolyear	many-to-one
NetCity.Common.ObjectModel.Nhibernate.ClassJournal.YearTotal	NetCity.Common.ObjectModel.Nhibernate.ClassJournal.YearTotal	YEARTOTALS	Student	STUDENTID	NetCity.Common.ObjectModel.Nhibernate.Users.Student	many-to-one
NetCity.Common.ObjectModel.Nhibernate.ClassJournal.YearTotal	NetCity.Common.ObjectModel.Nhibernate.ClassJournal.YearTotal	YEARTOTALS	PeriodType	PERIODTYPEID	NetCity.Common.ObjectModel.Nhibernate.ClassJournal.PeriodType	many-to-one
NetCity.Common.ObjectModel.Nhibernate.Users.ClassStudRange	NetCity.Common.ObjectModel.Nhibernate.Users.ClassStudRange	CLASS_STUD_RANGES	Id	ID	Int32	id
NetCity.Common.ObjectModel.Nhibernate.Users.ClassStudRange	NetCity.Common.ObjectModel.Nhibernate.Users.ClassStudRange	CLASS_STUD_RANGES	ModifyDate	MODIFYDATE	DateTime	property
NetCity.Common.ObjectModel.Nhibernate.Users.ClassStudRange	NetCity.Common.ObjectModel.Nhibernate.Users.ClassStudRange	CLASS_STUD_RANGES	Student	STUDENTID	NetCity.Common.ObjectModel.Nhibernate.Users.Student	many-to-one
NetCity.Common.ObjectModel.Nhibernate.Users.ClassStudRange	NetCity.Common.ObjectModel.Nhibernate.Users.ClassStudRange	CLASS_STUD_RANGES	Class	CLASSID	NetCity.Common.ObjectModel.Nhibernate.Classes.Class	many-to-one
NetCity.Common.ObjectModel.Nhibernate.Users.ClassStudRange	NetCity.Common.ObjectModel.Nhibernate.Users.ClassStudRange	CLASS_STUD_RANGES	DateRange	DateRangeId	NetCity.Common.ObjectModel.Nhibernate.Users.DateRange	many-to-one
NetCity.Common.ObjectModel.Nhibernate.Commission	NetCity.Common.ObjectModel.Nhibernate.Commission	COMMISSIONS	Id	COMMISSID	Int32	id
NetCity.Common.ObjectModel.Nhibernate.Commission	NetCity.Common.ObjectModel.Nhibernate.Commission	COMMISSIONS	Info		System.Collections.Generic.ISet`1[[NetCity.Common.ObjectModel.Nhibernate.Users.UserParams.UserInfoListItem, NetCity.Common.ObjectModel, Version=5.14.65351.225, Culture=neutral, PublicKeyToken=ea3eeeb5c070719f]](NetCity.Common.ObjectModel.Nhibernate.Commission.Info)	collection
NetCity.Common.ObjectModel.Nhibernate.Commission	NetCity.Common.ObjectModel.Nhibernate.Commission	COMMISSIONS	Commissiontype	COMMISSTYPEID	NHibernate.Type.EnumType`1[[NetCity.Common.ObjectModel.CommissionType, NetCity.Common.ObjectModel, Version=5.14.65351.225, Culture=neutral, PublicKeyToken=ea3eeeb5c070719f]], NHibernate	property
NetCity.Common.ObjectModel.Nhibernate.Commission	NetCity.Common.ObjectModel.Nhibernate.Commission	COMMISSIONS	Commissionnum	COMMISSNUM	AnsiString	property
NetCity.Common.ObjectModel.Nhibernate.Commission	NetCity.Common.ObjectModel.Nhibernate.Commission	COMMISSIONS	Startdate	STARTDATE	DateTime	property
NetCity.Common.ObjectModel.Nhibernate.Commission	NetCity.Common.ObjectModel.Nhibernate.Commission	COMMISSIONS	Enddate	ENDDATE	DateTime	property
NetCity.Common.ObjectModel.Nhibernate.Commission	NetCity.Common.ObjectModel.Nhibernate.Commission	COMMISSIONS	Student	STUDENTID	NetCity.Common.ObjectModel.Nhibernate.Users.Student	many-to-one
NetCity.Common.ObjectModel.Nhibernate.Commission	NetCity.Common.ObjectModel.Nhibernate.Commission	COMMISSIONS	Schoolyear	SCHOOLYEARID	NetCity.Common.ObjectModel.Nhibernate.Schoolyear	many-to-one
NetCity.Common.ObjectModel.Nhibernate.Organizations.Creative	NetCity.Common.ObjectModel.Nhibernate.Organizations.Creative	CREATIVES	Id	Id	Int32	id
NetCity.Common.ObjectModel.Nhibernate.Organizations.Creative	NetCity.Common.ObjectModel.Nhibernate.Organizations.Creative	CREATIVES	TeamCount	TEAMCOUNT	Int32	property
NetCity.Common.ObjectModel.Nhibernate.Organizations.Creative	NetCity.Common.ObjectModel.Nhibernate.Organizations.Creative	CREATIVES	CreativeType	TYPEID	NetCity.Common.ObjectModel.Nhibernate.Organizations.CreativeType	many-to-one
NetCity.Common.ObjectModel.Nhibernate.Organizations.Creative	NetCity.Common.ObjectModel.Nhibernate.Organizations.Creative	CREATIVES	EducOrganization	EOID	NetCity.Common.ObjectModel.Nhibernate.Organizations.EducOrganization	many-to-one
NetCity.Common.ObjectModel.Nhibernate.Organizations.CreativeType	NetCity.Common.ObjectModel.Nhibernate.Organizations.CreativeType	CREATIVETYPES	Id	TYPEID	Int32	id
NetCity.Common.ObjectModel.Nhibernate.Organizations.CreativeType	NetCity.Common.ObjectModel.Nhibernate.Organizations.CreativeType	CREATIVETYPES	StudentCreatives		System.Collections.Generic.ISet`1[[NetCity.Common.ObjectModel.Nhibernate.Organizations.StudentCreative, NetCity.Common.ObjectModel, Version=5.14.65351.225, Culture=neutral, PublicKeyToken=ea3eeeb5c070719f]](NetCity.Common.ObjectModel.Nhibernate.Organizations.CreativeType.StudentCreatives)	collection
NetCity.Common.ObjectModel.Nhibernate.Organizations.CreativeType	NetCity.Common.ObjectModel.Nhibernate.Organizations.CreativeType	CREATIVETYPES	TypeName	TYPENAME	AnsiString	property
NetCity.Common.ObjectModel.Nhibernate.Curiculum.Component	NetCity.Common.ObjectModel.Nhibernate.Curiculum.Component	COMPONENTS	Id	COMPONENTID	Int32	id
NetCity.Common.ObjectModel.Nhibernate.Curiculum.Component	NetCity.Common.ObjectModel.Nhibernate.Curiculum.Component	COMPONENTS	Name	COMPONENTNAME	AnsiString	property
NetCity.Common.ObjectModel.Nhibernate.Curiculum.Component	NetCity.Common.ObjectModel.Nhibernate.Curiculum.Component	COMPONENTS	OrderNo	ORDERNO	Int32	property
NetCity.Common.ObjectModel.Nhibernate.Curiculum.Component	NetCity.Common.ObjectModel.Nhibernate.Curiculum.Component	COMPONENTS	IsDeleted	ISDELETED	Boolean	property
NetCity.Common.ObjectModel.Nhibernate.Curiculum.Component	NetCity.Common.ObjectModel.Nhibernate.Curiculum.Component	COMPONENTS	School	SCHOOLID	NetCity.Common.ObjectModel.Nhibernate.Organizations.School	many-to-one
NetCity.Common.ObjectModel.Nhibernate.Curiculum.CuriculumLimit	NetCity.Common.ObjectModel.Nhibernate.Curiculum.CuriculumLimit	CURICULUMLIMITS	Hours	HOURS	Double	property
NetCity.Common.ObjectModel.Nhibernate.Curiculum.Curiculum	NetCity.Common.ObjectModel.Nhibernate.Curiculum.Curiculum	CURICULUM	Hours	HOURS	Double	property
NetCity.Common.ObjectModel.Nhibernate.Curiculum.EaCuriculumLimit	NetCity.Common.ObjectModel.Nhibernate.Curiculum.EaCuriculumLimit	EA_CURICULUMLIMITS	Hours	HOURS	Double	property
NetCity.Common.ObjectModel.Nhibernate.Curiculum.EaCuriculum	NetCity.Common.ObjectModel.Nhibernate.Curiculum.EaCuriculum	EA_CURICULUM	Hours	HOURS	Double	property
NetCity.Common.ObjectModel.Nhibernate.Curiculum.IupComponent	NetCity.Common.ObjectModel.Nhibernate.Curiculum.IupComponent	IUP_COMPONENTS	Id	COMPONENTID	Int32	id
NetCity.Common.ObjectModel.Nhibernate.Curiculum.IupComponent	NetCity.Common.ObjectModel.Nhibernate.Curiculum.IupComponent	IUP_COMPONENTS	Name	COMPONENTNAME	AnsiString	property
NetCity.Common.ObjectModel.Nhibernate.Curiculum.IupCuriculumLimit	NetCity.Common.ObjectModel.Nhibernate.Curiculum.IupCuriculumLimit	IUP_CURICULUMLIMITS	Hours	HOURS	Double	property
NetCity.Common.ObjectModel.Nhibernate.Curiculum.IupCuriculum	NetCity.Common.ObjectModel.Nhibernate.Curiculum.IupCuriculum	IUP_CURICULUM	Hours	HOURS	Double	property
NetCity.Common.ObjectModel.Nhibernate.Curiculum.IupLevel	NetCity.Common.ObjectModel.Nhibernate.Curiculum.IupLevel	IUP_LEVELS	Id	LEVELID	Int32	id
NetCity.Common.ObjectModel.Nhibernate.Curiculum.IupLevel	NetCity.Common.ObjectModel.Nhibernate.Curiculum.IupLevel	IUP_LEVELS	Name	LEVELNAME	AnsiString	property
NetCity.Common.ObjectModel.Nhibernate.Curiculum.IupLevel	NetCity.Common.ObjectModel.Nhibernate.Curiculum.IupLevel	IUP_LEVELS	ShortName	SHORTNAME	AnsiString	property
NetCity.Common.ObjectModel.Nhibernate.Curiculum.Profile	NetCity.Common.ObjectModel.Nhibernate.Curiculum.Profile	CURICULUMPROFILES	Id	PROFILEID	Int32	id
NetCity.Common.ObjectModel.Nhibernate.Curiculum.Profile	NetCity.Common.ObjectModel.Nhibernate.Curiculum.Profile	CURICULUMPROFILES	Classes		System.Collections.Generic.ISet`1[[NetCity.Common.ObjectModel.Nhibernate.Classes.Class, NetCity.Common.ObjectModel, Version=5.14.65351.225, Culture=neutral, PublicKeyToken=ea3eeeb5c070719f]](NetCity.Common.ObjectModel.Nhibernate.Curiculum.Profile.Classes)	collection
NetCity.Common.ObjectModel.Nhibernate.Curiculum.Profile	NetCity.Common.ObjectModel.Nhibernate.Curiculum.Profile	CURICULUMPROFILES	CuriculumTemplates		System.Collections.Generic.ISet`1[[NetCity.Common.ObjectModel.Nhibernate.Curiculum.CuriculumTemplate, NetCity.Common.ObjectModel, Version=5.14.65351.225, Culture=neutral, PublicKeyToken=ea3eeeb5c070719f]](NetCity.Common.ObjectModel.Nhibernate.Curiculum.Profile.CuriculumTemplates)	collection
NetCity.Common.ObjectModel.Nhibernate.Curiculum.Profile	NetCity.Common.ObjectModel.Nhibernate.Curiculum.Profile	CURICULUMPROFILES	Name	PROFILENAME	AnsiString	property
NetCity.Common.ObjectModel.Nhibernate.Curiculum.Profile	NetCity.Common.ObjectModel.Nhibernate.Curiculum.Profile	CURICULUMPROFILES	GradeSet	GRADESET	Int32	property
NetCity.Common.ObjectModel.Nhibernate.Curiculum.Profile	NetCity.Common.ObjectModel.Nhibernate.Curiculum.Profile	CURICULUMPROFILES	School	SCHOOLID	NetCity.Common.ObjectModel.Nhibernate.Organizations.School	many-to-one
NetCity.Common.ObjectModel.Nhibernate.Users.DateRange	NetCity.Common.ObjectModel.Nhibernate.Users.DateRange	DATERANGE	Id	id	Int32	id
NetCity.Common.ObjectModel.Nhibernate.Users.DateRange	NetCity.Common.ObjectModel.Nhibernate.Users.DateRange	DATERANGE	Enroll	ENROLL	DateTime	property
NetCity.Common.ObjectModel.Nhibernate.Users.DateRange	NetCity.Common.ObjectModel.Nhibernate.Users.DateRange	DATERANGE	Depart	DEPART	DateTime	property
NetCity.Common.ObjectModel.Nhibernate.Users.DateRange	NetCity.Common.ObjectModel.Nhibernate.Users.DateRange	DATERANGE	SchoolYear	SCHOOLYEARID	NetCity.Common.ObjectModel.Nhibernate.Schoolyear	many-to-one
NetCity.Common.ObjectModel.Nhibernate.EducCertificates.AddCertifCategory	NetCity.Common.ObjectModel.Nhibernate.EducCertificates.AddCertifCategory	ADD_CERTIF_CATEGORIES	Id	CATEGORYID	Int32	id
NetCity.Common.ObjectModel.Nhibernate.EducCertificates.AddCertifCategory	NetCity.Common.ObjectModel.Nhibernate.EducCertificates.AddCertifCategory	ADD_CERTIF_CATEGORIES	CategoryName	CATEGORYNAME	AnsiString	property
NetCity.Common.ObjectModel.Nhibernate.EducCertificates.AddCertifCategory	NetCity.Common.ObjectModel.Nhibernate.EducCertificates.AddCertifCategory	ADD_CERTIF_CATEGORIES	FounderCode	FOUNDERCODE	AnsiString	property
NetCity.Common.ObjectModel.Nhibernate.EducCertificates.AddCertifCategory	NetCity.Common.ObjectModel.Nhibernate.EducCertificates.AddCertifCategory	ADD_CERTIF_CATEGORIES	Nominal	NOMINAL	AnsiString	property
NetCity.Common.ObjectModel.Nhibernate.EducCertificates.EducCertificate	NetCity.Common.ObjectModel.Nhibernate.EducCertificates.EducCertificate	EDUCCERTIFICATES	Id	ID	Int32	id
NetCity.Common.ObjectModel.Nhibernate.EducCertificates.EducCertificate	NetCity.Common.ObjectModel.Nhibernate.EducCertificates.EducCertificate	EDUCCERTIFICATES	Number	NUMBER	AnsiString	property
NetCity.Common.ObjectModel.Nhibernate.EducCertificates.EducCertificate	NetCity.Common.ObjectModel.Nhibernate.EducCertificates.EducCertificate	EDUCCERTIFICATES	NumberOrder	NUMBERORDER	Int32	property
NetCity.Common.ObjectModel.Nhibernate.EducCertificates.EducCertificate	NetCity.Common.ObjectModel.Nhibernate.EducCertificates.EducCertificate	EDUCCERTIFICATES	StartDate	STARTDATE	DateTime	property
NetCity.Common.ObjectModel.Nhibernate.EducCertificates.EducCertificate	NetCity.Common.ObjectModel.Nhibernate.EducCertificates.EducCertificate	EDUCCERTIFICATES	EndDate	ENDDATE	DateTime	property
NetCity.Common.ObjectModel.Nhibernate.EducCertificates.EducCertificate	NetCity.Common.ObjectModel.Nhibernate.EducCertificates.EducCertificate	EDUCCERTIFICATES	PfdoTransferRequired	PFDO_TRANSFER_REQUIRED	Boolean	property
NetCity.Common.ObjectModel.Nhibernate.EducCertificates.EducCertificate	NetCity.Common.ObjectModel.Nhibernate.EducCertificates.EducCertificate	EDUCCERTIFICATES	CanBeDeleted	CANBEDELETED	Boolean	property
NetCity.Common.ObjectModel.Nhibernate.EducCertificates.EducCertificate	NetCity.Common.ObjectModel.Nhibernate.EducCertificates.EducCertificate	EDUCCERTIFICATES	PfdoUpdateRequired	PFDO_UPDATE_REQUIRED	Boolean	property
NetCity.Common.ObjectModel.Nhibernate.EducCertificates.EducCertificate	NetCity.Common.ObjectModel.Nhibernate.EducCertificates.EducCertificate	EDUCCERTIFICATES	Status	STATUS	NHibernate.Type.EnumType`1[[NetCity.Common.ObjectModel.Nhibernate.EducCertificates.CertificateStatus, NetCity.Common, Version=0.11.30.0, Culture=neutral, PublicKeyToken=ea3eeeb5c070719f]], NHibernate	property
NetCity.Common.ObjectModel.Nhibernate.EducCertificates.EducCertificate	NetCity.Common.ObjectModel.Nhibernate.EducCertificates.EducCertificate	EDUCCERTIFICATES	Pdf	PDF	BinaryBlob	property
NetCity.Common.ObjectModel.Nhibernate.EducCertificates.EducCertificate	NetCity.Common.ObjectModel.Nhibernate.EducCertificates.EducCertificate	EDUCCERTIFICATES	Student	STUDENTID	NetCity.Common.ObjectModel.Nhibernate.Users.Student	many-to-one
NetCity.Common.ObjectModel.Nhibernate.EducCertificates.EducCertificate	NetCity.Common.ObjectModel.Nhibernate.EducCertificates.EducCertificate	EDUCCERTIFICATES	IssuedByOrg	SCHOOLID	NetCity.Common.ObjectModel.Nhibernate.Organizations.School	many-to-one
NetCity.Common.ObjectModel.Nhibernate.EducCertificates.EducCertificate	NetCity.Common.ObjectModel.Nhibernate.EducCertificates.EducCertificate	EDUCCERTIFICATES	Em	EMID	NetCity.Common.ObjectModel.Nhibernate.Organizations.EducManagement	many-to-one
NetCity.Common.ObjectModel.Nhibernate.EducCertificates.EducCertificate	NetCity.Common.ObjectModel.Nhibernate.EducCertificates.EducCertificate	EDUCCERTIFICATES	AddCertifCategory	CATEGORYID	NetCity.Common.ObjectModel.Nhibernate.EducCertificates.AddCertifCategory	many-to-one
NetCity.Common.ObjectModel.Nhibernate.Organizations.EducManagement	NetCity.Common.ObjectModel.Nhibernate.Organizations.EducManagement	EDUCMANAGEMENTS	Id	EMID	Int32	id
NetCity.Common.ObjectModel.Nhibernate.Organizations.EducManagement	NetCity.Common.ObjectModel.Nhibernate.Organizations.EducManagement	EDUCMANAGEMENTS	Schools		System.Collections.Generic.ISet`1[[NetCity.Common.ObjectModel.Nhibernate.Organizations.EmSchoolAll, NetCity.Common.ObjectModel, Version=5.14.65351.225, Culture=neutral, PublicKeyToken=ea3eeeb5c070719f]](NetCity.Common.ObjectModel.Nhibernate.Organizations.EducManagement.Schools)	collection
NetCity.Common.ObjectModel.Nhibernate.Organizations.EducManagement	NetCity.Common.ObjectModel.Nhibernate.Organizations.EducManagement	EDUCMANAGEMENTS	AuthoritySchools		System.Collections.Generic.ISet`1[[NetCity.Common.ObjectModel.Nhibernate.Organizations.School, NetCity.Common.ObjectModel, Version=5.14.65351.225, Culture=neutral, PublicKeyToken=ea3eeeb5c070719f]](NetCity.Common.ObjectModel.Nhibernate.Organizations.EducManagement.AuthoritySchools)	collection
NetCity.Common.ObjectModel.Nhibernate.Organizations.EducManagement	NetCity.Common.ObjectModel.Nhibernate.Organizations.EducManagement	EDUCMANAGEMENTS	IndicatorGroups		System.Collections.Generic.ISet`1[[NetCity.Common.ObjectModel.Nhibernate.StatReports.IndicatorGroup, NetCity.Common.ObjectModel, Version=5.14.65351.225, Culture=neutral, PublicKeyToken=ea3eeeb5c070719f]](NetCity.Common.ObjectModel.Nhibernate.Organizations.EducManagement.IndicatorGroups)	collection
NetCity.Common.ObjectModel.Nhibernate.Organizations.EducManagement	NetCity.Common.ObjectModel.Nhibernate.Organizations.EducManagement	EDUCMANAGEMENTS	EmInfos		System.Collections.Generic.ISet`1[[NetCity.Common.ObjectModel.Nhibernate.Organizations.EmInfo, NetCity.Common.ObjectModel, Version=5.14.65351.225, Culture=neutral, PublicKeyToken=ea3eeeb5c070719f]](NetCity.Common.ObjectModel.Nhibernate.Organizations.EducManagement.EmInfos)	collection
NetCity.Common.ObjectModel.Nhibernate.Organizations.EducManagement	NetCity.Common.ObjectModel.Nhibernate.Organizations.EducManagement	EDUCMANAGEMENTS	PayNormDecrees		System.Collections.Generic.ISet`1[[NetCity.Common.ObjectModel.Nhibernate.ParentPay.PayNormDecree, NetCity.Common.ObjectModel, Version=5.14.65351.225, Culture=neutral, PublicKeyToken=ea3eeeb5c070719f]](NetCity.Common.ObjectModel.Nhibernate.Organizations.EducManagement.PayNormDecrees)	collection
NetCity.Common.ObjectModel.Nhibernate.Organizations.EducManagement	NetCity.Common.ObjectModel.Nhibernate.Organizations.EducManagement	EDUCMANAGEMENTS	HierarchyLevel	HLEVEL	NHibernate.Type.EnumType`1[[NetCity.Common.ObjectModel.EducManagements.HierarchyLevel, NetCity.Common, Version=0.11.30.0, Culture=neutral, PublicKeyToken=ea3eeeb5c070719f]], NHibernate	property
NetCity.Common.ObjectModel.Nhibernate.Organizations.EducManagement	NetCity.Common.ObjectModel.Nhibernate.Organizations.EducManagement	EDUCMANAGEMENTS	NationOlympOrg	NATIONOLYMPORG	Boolean	property
NetCity.Common.ObjectModel.Nhibernate.Organizations.EducManagement	NetCity.Common.ObjectModel.Nhibernate.Organizations.EducManagement	EDUCMANAGEMENTS	Founder	FOUNDERID	NetCity.Common.ObjectModel.Nhibernate.Organizations.Founder	many-to-one
NetCity.Common.ObjectModel.Nhibernate.Organizations.EducManagement	NetCity.Common.ObjectModel.Nhibernate.Organizations.EducManagement	EDUCMANAGEMENTS	CertificateSettings		NetCity.Common.ObjectModel.Nhibernate.Organizations.EmCertificateSettings	property
NetCity.Common.ObjectModel.Nhibernate.Organizations.EducOrganization	NetCity.Common.ObjectModel.Nhibernate.Organizations.EducOrganization	MOV_EOS	Id	EOID	Int32	id
NetCity.Common.ObjectModel.Nhibernate.Organizations.EducOrganization	NetCity.Common.ObjectModel.Nhibernate.Organizations.EducOrganization	MOV_EOS	Founders		System.Collections.Generic.ISet`1[[NetCity.Common.ObjectModel.Nhibernate.Organizations.Founder, NetCity.Common.ObjectModel, Version=5.14.65351.225, Culture=neutral, PublicKeyToken=ea3eeeb5c070719f]](NetCity.Common.ObjectModel.Nhibernate.Organizations.EducOrganization.Founders)	collection
NetCity.Common.ObjectModel.Nhibernate.Organizations.EducOrganization	NetCity.Common.ObjectModel.Nhibernate.Organizations.EducOrganization	MOV_EOS	Creatives		System.Collections.Generic.ISet`1[[NetCity.Common.ObjectModel.Nhibernate.Organizations.Creative, NetCity.Common.ObjectModel, Version=5.14.65351.225, Culture=neutral, PublicKeyToken=ea3eeeb5c070719f]](NetCity.Common.ObjectModel.Nhibernate.Organizations.EducOrganization.Creatives)	collection
NetCity.Common.ObjectModel.Nhibernate.Organizations.EducOrganization	NetCity.Common.ObjectModel.Nhibernate.Organizations.EducOrganization	MOV_EOS	StudentCreatives		System.Collections.Generic.ISet`1[[NetCity.Common.ObjectModel.Nhibernate.Organizations.StudentCreative, NetCity.Common.ObjectModel, Version=5.14.65351.225, Culture=neutral, PublicKeyToken=ea3eeeb5c070719f]](NetCity.Common.ObjectModel.Nhibernate.Organizations.EducOrganization.StudentCreatives)	collection
NetCity.Common.ObjectModel.Nhibernate.Organizations.EducOrganization	NetCity.Common.ObjectModel.Nhibernate.Organizations.EducOrganization	MOV_EOS	MovDocStudents		System.Collections.Generic.ISet`1[[NetCity.Common.ObjectModel.Nhibernate.Movement.MovDocStudent, NetCity.Common.ObjectModel, Version=5.14.65351.225, Culture=neutral, PublicKeyToken=ea3eeeb5c070719f]](NetCity.Common.ObjectModel.Nhibernate.Organizations.EducOrganization.MovDocStudents)	collection
NetCity.Common.ObjectModel.Nhibernate.Organizations.EducOrganization	NetCity.Common.ObjectModel.Nhibernate.Organizations.EducOrganization	MOV_EOS	Name	EONAME	AnsiString	property
NetCity.Common.ObjectModel.Nhibernate.Organizations.EducOrganization	NetCity.Common.ObjectModel.Nhibernate.Organizations.EducOrganization	MOV_EOS	City	CITYID	NetCity.Common.ObjectModel.Nhibernate.Address.City	many-to-one
NetCity.Common.ObjectModel.Nhibernate.Organizations.EducOrganization	NetCity.Common.ObjectModel.Nhibernate.Organizations.EducOrganization	MOV_EOS	Form	EOFORMID	NetCity.Common.ObjectModel.Nhibernate.Organizations.EoForm	many-to-one
NetCity.Common.ObjectModel.Nhibernate.Organizations.EducOrganization	NetCity.Common.ObjectModel.Nhibernate.Organizations.EducOrganization	MOV_EOS	LegalForm83	EOLEGALFORM83ID	NetCity.Common.ObjectModel.Nhibernate.Organizations.EoLegalForm83	many-to-one
NetCity.Common.ObjectModel.Nhibernate.Organizations.EducOrganization	NetCity.Common.ObjectModel.Nhibernate.Organizations.EducOrganization	MOV_EOS	LegalForm	EOLEGALFORMID	NetCity.Common.ObjectModel.Nhibernate.Organizations.EoLegalForm	many-to-one
NetCity.Common.ObjectModel.Nhibernate.Organizations.EducOrganization	NetCity.Common.ObjectModel.Nhibernate.Organizations.EducOrganization	MOV_EOS	Otrasl	OTRASLID	NetCity.Common.ObjectModel.Nhibernate.Users.UserParams.UserInfoListItem	many-to-one
NetCity.Common.ObjectModel.Nhibernate.Organizations.EducOrganization	NetCity.Common.ObjectModel.Nhibernate.Organizations.EducOrganization	MOV_EOS	School		NetCity.Common.ObjectModel.Nhibernate.Organizations.School	property
NetCity.Common.ObjectModel.Nhibernate.Organizations.EmSchoolAll	NetCity.Common.ObjectModel.Nhibernate.Organizations.EmSchoolAll	EM_SCHOOLS_ALL	SchoolId	SCHOOLID	Int32	property
NetCity.Common.ObjectModel.Nhibernate.Organizations.EmSchoolAll	NetCity.Common.ObjectModel.Nhibernate.Organizations.EmSchoolAll	EM_SCHOOLS_ALL	EmId	EMID	Int32	property
NetCity.Common.ObjectModel.Nhibernate.Organizations.EmSchoolAll	NetCity.Common.ObjectModel.Nhibernate.Organizations.EmSchoolAll	EM_SCHOOLS_ALL	OwnEmId	OWN_EMID	Int32	property
NetCity.Common.ObjectModel.Nhibernate.Organizations.EoForm	NetCity.Common.ObjectModel.Nhibernate.Organizations.EoForm	EO_FORMS	Id	EOFORMID	Int32	id
NetCity.Common.ObjectModel.Nhibernate.Organizations.EoForm	NetCity.Common.ObjectModel.Nhibernate.Organizations.EoForm	EO_FORMS	Classifiercode	CLASSIFIERCODE	AnsiString	property
NetCity.Common.ObjectModel.Nhibernate.Organizations.EoForm	NetCity.Common.ObjectModel.Nhibernate.Organizations.EoForm	EO_FORMS	Name	NAME	AnsiString	property
NetCity.Common.ObjectModel.Nhibernate.Organizations.EoForm	NetCity.Common.ObjectModel.Nhibernate.Organizations.EoForm	EO_FORMS	FuncType	FUNCTIONALITYTYPEID	NetCity.Common.ObjectModel.Nhibernate.Organizations.FunctionalityType	many-to-one
NetCity.Common.ObjectModel.Nhibernate.Organizations.EoForm	NetCity.Common.ObjectModel.Nhibernate.Organizations.EoForm	EO_FORMS	RealFuncType	REAL_FUNCTIONALITYTYPEID	NetCity.Common.ObjectModel.Nhibernate.Organizations.FunctionalityType	many-to-one
NetCity.Common.ObjectModel.Nhibernate.Organizations.EoForm	NetCity.Common.ObjectModel.Nhibernate.Organizations.EoForm	EO_FORMS	EoType	EOTYPEID	NetCity.Common.ObjectModel.Nhibernate.Organizations.EoType	many-to-one
NetCity.Common.ObjectModel.Nhibernate.Organizations.EoLegalForm83	NetCity.Common.ObjectModel.Nhibernate.Organizations.EoLegalForm83	EO_LEGALFORMS_83	Id	EOLEGALFORM83ID	Int32	id
NetCity.Common.ObjectModel.Nhibernate.Organizations.EoLegalForm83	NetCity.Common.ObjectModel.Nhibernate.Organizations.EoLegalForm83	EO_LEGALFORMS_83	Name	NAME	AnsiString	property
NetCity.Common.ObjectModel.Nhibernate.Organizations.EoLegalForm	NetCity.Common.ObjectModel.Nhibernate.Organizations.EoLegalForm	EO_LEGALFORMS	Id	EOLEGALFORMID	Int32	id
NetCity.Common.ObjectModel.Nhibernate.Organizations.EoLegalForm	NetCity.Common.ObjectModel.Nhibernate.Organizations.EoLegalForm	EO_LEGALFORMS	Organizations		System.Collections.Generic.ISet`1[[NetCity.Common.ObjectModel.Nhibernate.Organizations.EducOrganization, NetCity.Common.ObjectModel, Version=5.14.65351.225, Culture=neutral, PublicKeyToken=ea3eeeb5c070719f]](NetCity.Common.ObjectModel.Nhibernate.Organizations.EoLegalForm.Organizations)	collection
NetCity.Common.ObjectModel.Nhibernate.Organizations.EoLegalForm	NetCity.Common.ObjectModel.Nhibernate.Organizations.EoLegalForm	EO_LEGALFORMS	Name	NAME	AnsiString	property
NetCity.Common.ObjectModel.Nhibernate.Organizations.EoType	NetCity.Common.ObjectModel.Nhibernate.Organizations.EoType	EO_TYPES	Id	EOTYPEID	Int32	id
NetCity.Common.ObjectModel.Nhibernate.Organizations.EoType	NetCity.Common.ObjectModel.Nhibernate.Organizations.EoType	EO_TYPES	EoForms		System.Collections.Generic.ISet`1[[NetCity.Common.ObjectModel.Nhibernate.Organizations.EoForm, NetCity.Common.ObjectModel, Version=5.14.65351.225, Culture=neutral, PublicKeyToken=ea3eeeb5c070719f]](NetCity.Common.ObjectModel.Nhibernate.Organizations.EoType.EoForms)	collection
NetCity.Common.ObjectModel.Nhibernate.Organizations.EoType	NetCity.Common.ObjectModel.Nhibernate.Organizations.EoType	EO_TYPES	Classifiercode	CLASSIFIERCODE	Int32	property
NetCity.Common.ObjectModel.Nhibernate.Organizations.EoType	NetCity.Common.ObjectModel.Nhibernate.Organizations.EoType	EO_TYPES	Name	NAME	AnsiString	property
NetCity.Common.ObjectModel.Nhibernate.Events.AwardEventDirection	NetCity.Common.ObjectModel.Nhibernate.Events.AwardEventDirection	AWARDEVENTDIRECTIONS	Id	ID	Int32	id
NetCity.Common.ObjectModel.Nhibernate.Events.AwardEventDirection	NetCity.Common.ObjectModel.Nhibernate.Events.AwardEventDirection	AWARDEVENTDIRECTIONS	AwardEvents		System.Collections.Generic.ISet`1[[NetCity.Common.ObjectModel.Nhibernate.Events.AwardEvent, NetCity.Common.ObjectModel, Version=5.14.65351.225, Culture=neutral, PublicKeyToken=ea3eeeb5c070719f]](NetCity.Common.ObjectModel.Nhibernate.Events.AwardEventDirection.AwardEvents)	collection
NetCity.Common.ObjectModel.Nhibernate.Events.AwardEventDirection	NetCity.Common.ObjectModel.Nhibernate.Events.AwardEventDirection	AWARDEVENTDIRECTIONS	Name	DIRECTIONNAME	AnsiString	property
NetCity.Common.ObjectModel.Nhibernate.Events.AwardEventFile	NetCity.Common.ObjectModel.Nhibernate.Events.AwardEventFile	AWARDEVENTSFILES	Id	ID	Int32	id
NetCity.Common.ObjectModel.Nhibernate.Events.AwardEventFile	NetCity.Common.ObjectModel.Nhibernate.Events.AwardEventFile	AWARDEVENTSFILES	Description	DESCRIPTION	AnsiString	property
NetCity.Common.ObjectModel.Nhibernate.Events.AwardEventFile	NetCity.Common.ObjectModel.Nhibernate.Events.AwardEventFile	AWARDEVENTSFILES	Name	NAME	AnsiString	property
NetCity.Common.ObjectModel.Nhibernate.Events.AwardEventFile	NetCity.Common.ObjectModel.Nhibernate.Events.AwardEventFile	AWARDEVENTSFILES	OriginalFileName	FILENAME	AnsiString	property
NetCity.Common.ObjectModel.Nhibernate.Events.AwardEventFile	NetCity.Common.ObjectModel.Nhibernate.Events.AwardEventFile	AWARDEVENTSFILES	File	AFILE	BinaryBlob	property
NetCity.Common.ObjectModel.Nhibernate.Events.AwardEventFile	NetCity.Common.ObjectModel.Nhibernate.Events.AwardEventFile	AWARDEVENTSFILES	AwardEvent	AWARDEVENTID	NetCity.Common.ObjectModel.Nhibernate.Events.AwardEvent	many-to-one
NetCity.Common.ObjectModel.Nhibernate.Events.AwardEventGrade	NetCity.Common.ObjectModel.Nhibernate.Events.AwardEventGrade	AWARDEVENTS_GRADES	Id	ID	Int32	id
NetCity.Common.ObjectModel.Nhibernate.Events.AwardEventGrade	NetCity.Common.ObjectModel.Nhibernate.Events.AwardEventGrade	AWARDEVENTS_GRADES	Grade	GRADE	Int32	property
NetCity.Common.ObjectModel.Nhibernate.Events.AwardEventGrade	NetCity.Common.ObjectModel.Nhibernate.Events.AwardEventGrade	AWARDEVENTS_GRADES	Event	EVENTID	NetCity.Common.ObjectModel.Nhibernate.Events.AwardEvent	many-to-one
NetCity.Common.ObjectModel.Nhibernate.Events.AwardEvent	NetCity.Common.ObjectModel.Nhibernate.Events.AwardEvent	AWARDEVENTS	Id	EVENTID	Int32	id
NetCity.Common.ObjectModel.Nhibernate.Events.AwardEvent	NetCity.Common.ObjectModel.Nhibernate.Events.AwardEvent	AWARDEVENTS	Members		System.Collections.Generic.ISet`1[[NetCity.Common.ObjectModel.Nhibernate.Events.EventMember, NetCity.Common.ObjectModel, Version=5.14.65351.225, Culture=neutral, PublicKeyToken=ea3eeeb5c070719f]](NetCity.Common.ObjectModel.Nhibernate.Events.AwardEvent.Members)	collection
NetCity.Common.ObjectModel.Nhibernate.Events.AwardEvent	NetCity.Common.ObjectModel.Nhibernate.Events.AwardEvent	AWARDEVENTS	Files		System.Collections.Generic.ISet`1[[NetCity.Common.ObjectModel.Nhibernate.Events.AwardEventFile, NetCity.Common.ObjectModel, Version=5.14.65351.225, Culture=neutral, PublicKeyToken=ea3eeeb5c070719f]](NetCity.Common.ObjectModel.Nhibernate.Events.AwardEvent.Files)	collection
NetCity.Common.ObjectModel.Nhibernate.Events.AwardEvent	NetCity.Common.ObjectModel.Nhibernate.Events.AwardEvent	AWARDEVENTS	Grades		System.Collections.Generic.ISet`1[[NetCity.Common.ObjectModel.Nhibernate.Events.AwardEventGrade, NetCity.Common.ObjectModel, Version=5.14.65351.225, Culture=neutral, PublicKeyToken=ea3eeeb5c070719f]](NetCity.Common.ObjectModel.Nhibernate.Events.AwardEvent.Grades)	collection
NetCity.Common.ObjectModel.Nhibernate.Events.AwardEvent	NetCity.Common.ObjectModel.Nhibernate.Events.AwardEvent	AWARDEVENTS	Level	LEVEL	enumstring - EventLevel	property
NetCity.Common.ObjectModel.Nhibernate.Events.AwardEvent	NetCity.Common.ObjectModel.Nhibernate.Events.AwardEvent	AWARDEVENTS	Type	TYPE	enumstring - AwardEventType	property
NetCity.Common.ObjectModel.Nhibernate.Events.AwardEvent	NetCity.Common.ObjectModel.Nhibernate.Events.AwardEvent	AWARDEVENTS	Deleted	DELETED	Boolean	property
NetCity.Common.ObjectModel.Nhibernate.Events.AwardEvent	NetCity.Common.ObjectModel.Nhibernate.Events.AwardEvent	AWARDEVENTS	IsLocal	ISLOCAL	Boolean	property
NetCity.Common.ObjectModel.Nhibernate.Events.AwardEvent	NetCity.Common.ObjectModel.Nhibernate.Events.AwardEvent	AWARDEVENTS	Subject	SUBJECT	String	property
NetCity.Common.ObjectModel.Nhibernate.Events.AwardEvent	NetCity.Common.ObjectModel.Nhibernate.Events.AwardEvent	AWARDEVENTS	VisitForm	VISITFORM	enumstring - VisitForm	property
NetCity.Common.ObjectModel.Nhibernate.Events.AwardEvent	NetCity.Common.ObjectModel.Nhibernate.Events.AwardEvent	AWARDEVENTS	PartForm	PARTFORM	enumstring - ParticipiationForm	property
NetCity.Common.ObjectModel.Nhibernate.Events.AwardEvent	NetCity.Common.ObjectModel.Nhibernate.Events.AwardEvent	AWARDEVENTS	Status	STATUS	NHibernate.Type.EnumType`1[[NetCity.Common.ObjectModel.Nhibernate.Events.AwardEventStatus, NetCity.Common, Version=0.11.30.0, Culture=neutral, PublicKeyToken=ea3eeeb5c070719f]], NHibernate	property
NetCity.Common.ObjectModel.Nhibernate.Events.AwardEvent	NetCity.Common.ObjectModel.Nhibernate.Events.AwardEvent	AWARDEVENTS	PublishState	PUBLISHSTATE	NHibernate.Type.EnumType`1[[NetCity.Common.ObjectModel.Nhibernate.Events.PublishState, NetCity.Common, Version=0.11.30.0, Culture=neutral, PublicKeyToken=ea3eeeb5c070719f]], NHibernate	property
NetCity.Common.ObjectModel.Nhibernate.Events.AwardEvent	NetCity.Common.ObjectModel.Nhibernate.Events.AwardEvent	AWARDEVENTS	MembersRegistrationType	MEMBERSREGTYPE	NHibernate.Type.EnumType`1[[NetCity.Common.Enums.Events.AwardEventMembersRegistrationType, NetCity.Common, Version=0.11.30.0, Culture=neutral, PublicKeyToken=ea3eeeb5c070719f]], NHibernate	property
NetCity.Common.ObjectModel.Nhibernate.Events.AwardEvent	NetCity.Common.ObjectModel.Nhibernate.Events.AwardEvent	AWARDEVENTS	MunicipalityId	MUNICIPALITYID	Int32	property
NetCity.Common.ObjectModel.Nhibernate.Events.AwardEvent	NetCity.Common.ObjectModel.Nhibernate.Events.AwardEvent	AWARDEVENTS	Curator	CURATORID	NetCity.Common.ObjectModel.Nhibernate.Users.User	many-to-one
NetCity.Common.ObjectModel.Nhibernate.Events.AwardEvent	NetCity.Common.ObjectModel.Nhibernate.Events.AwardEvent	AWARDEVENTS	OlympSubject	OLYMP_SUBJECTID	NetCity.Common.ObjectModel.Nhibernate.OlympSubject	many-to-one
NetCity.Common.ObjectModel.Nhibernate.Events.AwardEvent	NetCity.Common.ObjectModel.Nhibernate.Events.AwardEvent	AWARDEVENTS	Direction	DIRECTIONID	NetCity.Common.ObjectModel.Nhibernate.Events.AwardEventDirection	many-to-one
NetCity.Common.ObjectModel.Nhibernate.Events.AwardEvent	NetCity.Common.ObjectModel.Nhibernate.Events.AwardEvent	AWARDEVENTS	State	STATEID	NetCity.Common.ObjectModel.Nhibernate.Address.State	many-to-one
NetCity.Common.ObjectModel.Nhibernate.Events.AwardEvent	NetCity.Common.ObjectModel.Nhibernate.Events.AwardEvent	AWARDEVENTS	Founder	OTHER,SCHOOLID,EMID	component[OtherName,School,EducManagement]	property
NetCity.Common.ObjectModel.Nhibernate.Events.ClassEvent	NetCity.Common.ObjectModel.Nhibernate.Events.ClassEvent	CLASSCALENDAR	Id	EVENTID	Int32	id
NetCity.Common.ObjectModel.Nhibernate.Events.ClassEvent	NetCity.Common.ObjectModel.Nhibernate.Events.ClassEvent	CLASSCALENDAR	Class	CLASSID	NetCity.Common.ObjectModel.Nhibernate.Classes.Class	many-to-one
NetCity.Common.ObjectModel.Nhibernate.Events.ClassEvent	NetCity.Common.ObjectModel.Nhibernate.Events.ClassEvent	CLASSCALENDAR	Room	ROOMID	NetCity.Common.ObjectModel.Nhibernate.Schedule.Room	many-to-one
NetCity.Common.ObjectModel.Nhibernate.Events.Holiday	NetCity.Common.ObjectModel.Nhibernate.Events.Holiday	HOLIDAYS	Id	EVENTID	Int32	id
NetCity.Common.ObjectModel.Nhibernate.Events.Holiday	NetCity.Common.ObjectModel.Nhibernate.Events.Holiday	HOLIDAYS	SchoolYear	SCHOOLYEARID	NetCity.Common.ObjectModel.Nhibernate.Schoolyear	many-to-one
NetCity.Common.ObjectModel.Nhibernate.Events.SchoolEvent	NetCity.Common.ObjectModel.Nhibernate.Events.SchoolEvent	SCHOOLCALENDAR	Id	EVENTID	Int32	id
NetCity.Common.ObjectModel.Nhibernate.Events.SchoolEvent	NetCity.Common.ObjectModel.Nhibernate.Events.SchoolEvent	SCHOOLCALENDAR	SchoolYear	SCHOOLYEARID	NetCity.Common.ObjectModel.Nhibernate.Schoolyear	many-to-one
NetCity.Common.ObjectModel.Nhibernate.Events.SchoolEvent	NetCity.Common.ObjectModel.Nhibernate.Events.SchoolEvent	SCHOOLCALENDAR	Room	ROOMID	NetCity.Common.ObjectModel.Nhibernate.Schedule.Room	many-to-one
NetCity.Common.ObjectModel.Nhibernate.Events.Vacation	NetCity.Common.ObjectModel.Nhibernate.Events.Vacation	VACATIONS	Id	EVENTID	Int32	id
NetCity.Common.ObjectModel.Nhibernate.Events.Vacation	NetCity.Common.ObjectModel.Nhibernate.Events.Vacation	VACATIONS	Classes		System.Collections.Generic.ISet`1[[NetCity.Common.ObjectModel.Nhibernate.Classes.Class, NetCity.Common.ObjectModel, Version=5.14.65351.225, Culture=neutral, PublicKeyToken=ea3eeeb5c070719f]](NetCity.Common.ObjectModel.Nhibernate.Events.Vacation.Classes)	collection
NetCity.Common.ObjectModel.Nhibernate.Events.Vacation	NetCity.Common.ObjectModel.Nhibernate.Events.Vacation	VACATIONS	SchoolYear	SCHOOLYEARID	NetCity.Common.ObjectModel.Nhibernate.Schoolyear	many-to-one
NetCity.Common.ObjectModel.Nhibernate.Events.Event	NetCity.Common.ObjectModel.Nhibernate.Events.Event	EVENTS	Id	EVENTID	Int32	id
NetCity.Common.ObjectModel.Nhibernate.Events.Event	NetCity.Common.ObjectModel.Nhibernate.Events.Event	EVENTS	Version	VERSION	Timestamp	property
NetCity.Common.ObjectModel.Nhibernate.Events.Event	NetCity.Common.ObjectModel.Nhibernate.Events.Event	EVENTS	StartTime	STARTTIME	DateTime	property
NetCity.Common.ObjectModel.Nhibernate.Events.Event	NetCity.Common.ObjectModel.Nhibernate.Events.Event	EVENTS	EndTime	ENDTIME	DateTime	property
NetCity.Common.ObjectModel.Nhibernate.Events.Event	NetCity.Common.ObjectModel.Nhibernate.Events.Event	EVENTS	Name	EVENTNAME	AnsiString	property
NetCity.Common.ObjectModel.Nhibernate.Events.Event	NetCity.Common.ObjectModel.Nhibernate.Events.Event	EVENTS	Description	EVENTDESCRIPTION	AnsiString	property
NetCity.Common.ObjectModel.Nhibernate.Events.Event	NetCity.Common.ObjectModel.Nhibernate.Events.Event	EVENTS	Periodicity	PERIODICITY	YesNo	property
NetCity.Common.ObjectModel.Nhibernate.Events.Event	NetCity.Common.ObjectModel.Nhibernate.Events.Event	EVENTS	GlobalYear	GLOBALYEARID	NetCity.Common.ObjectModel.Nhibernate.GlobalYear	many-to-one
NetCity.Common.ObjectModel.Nhibernate.Events.Event	NetCity.Common.ObjectModel.Nhibernate.Events.Event	EVENTS	Organization	OTHER,SCHOOLID,EMID,ROOMID	component[OtherName,School,EducManagement,Room]	property
NetCity.Common.ObjectModel.Nhibernate.Events.EventMember	NetCity.Common.ObjectModel.Nhibernate.Events.EventMember	EVENTSMEMBERS	Id	ID	Int32	id
NetCity.Common.ObjectModel.Nhibernate.Events.EventMember	NetCity.Common.ObjectModel.Nhibernate.Events.EventMember	EVENTSMEMBERS	Version	VERSION	Timestamp	property
NetCity.Common.ObjectModel.Nhibernate.Events.EventMember	NetCity.Common.ObjectModel.Nhibernate.Events.EventMember	EVENTSMEMBERS	Files		System.Collections.Generic.ISet`1[[NetCity.Common.ObjectModel.Nhibernate.FileAttachment, NetCity.Common.ObjectModel, Version=5.14.65351.225, Culture=neutral, PublicKeyToken=ea3eeeb5c070719f]](NetCity.Common.ObjectModel.Nhibernate.Events.EventMember.Files)	collection
NetCity.Common.ObjectModel.Nhibernate.Events.EventMember	NetCity.Common.ObjectModel.Nhibernate.Events.EventMember	EVENTSMEMBERS	Appeals		System.Collections.Generic.ISet`1[[NetCity.Common.ObjectModel.Nhibernate.Events.OlympAppeal, NetCity.Common.ObjectModel, Version=5.14.65351.225, Culture=neutral, PublicKeyToken=ea3eeeb5c070719f]](NetCity.Common.ObjectModel.Nhibernate.Events.EventMember.Appeals)	collection
NetCity.Common.ObjectModel.Nhibernate.Events.EventMember	NetCity.Common.ObjectModel.Nhibernate.Events.EventMember	EVENTSMEMBERS	Title	TITLE	NHibernate.Type.EnumType`1[[NetCity.Common.ObjectModel.Nhibernate.Events.EventMemberTitle, NetCity.Common, Version=0.11.30.0, Culture=neutral, PublicKeyToken=ea3eeeb5c070719f]], NHibernate	property
NetCity.Common.ObjectModel.Nhibernate.Events.EventMember	NetCity.Common.ObjectModel.Nhibernate.Events.EventMember	EVENTSMEMBERS	SportTitle	SPORTTITLE	NHibernate.Type.EnumType`1[[NetCity.Common.ObjectModel.Nhibernate.Events.SportTitle, NetCity.Common, Version=0.11.30.0, Culture=neutral, PublicKeyToken=ea3eeeb5c070719f]], NHibernate	property
NetCity.Common.ObjectModel.Nhibernate.Events.EventMember	NetCity.Common.ObjectModel.Nhibernate.Events.EventMember	EVENTSMEMBERS	SportCategory	SPORTCATEGORY	NHibernate.Type.EnumType`1[[NetCity.Common.ObjectModel.Nhibernate.Events.SportCategory, NetCity.Common, Version=0.11.30.0, Culture=neutral, PublicKeyToken=ea3eeeb5c070719f]], NHibernate	property
NetCity.Common.ObjectModel.Nhibernate.Events.EventMember	NetCity.Common.ObjectModel.Nhibernate.Events.EventMember	EVENTSMEMBERS	SpecialNotes	NOTES	AnsiString	property
NetCity.Common.ObjectModel.Nhibernate.Events.EventMember	NetCity.Common.ObjectModel.Nhibernate.Events.EventMember	EVENTSMEMBERS	Rank	RANK	AnsiString	property
NetCity.Common.ObjectModel.Nhibernate.Events.EventMember	NetCity.Common.ObjectModel.Nhibernate.Events.EventMember	EVENTSMEMBERS	Score	SCORE	Int32	property
NetCity.Common.ObjectModel.Nhibernate.Events.EventMember	NetCity.Common.ObjectModel.Nhibernate.Events.EventMember	EVENTSMEMBERS	PublishState	PUBLISHSTATE	NHibernate.Type.EnumType`1[[NetCity.Common.ObjectModel.Nhibernate.Events.PublishState, NetCity.Common, Version=0.11.30.0, Culture=neutral, PublicKeyToken=ea3eeeb5c070719f]], NHibernate	property
NetCity.Common.ObjectModel.Nhibernate.Events.EventMember	NetCity.Common.ObjectModel.Nhibernate.Events.EventMember	EVENTSMEMBERS	User	USERID	NetCity.Common.ObjectModel.Nhibernate.Users.User	many-to-one
NetCity.Common.ObjectModel.Nhibernate.Events.EventMember	NetCity.Common.ObjectModel.Nhibernate.Events.EventMember	EVENTSMEMBERS	Curator	CURATORID	NetCity.Common.ObjectModel.Nhibernate.Users.User	many-to-one
NetCity.Common.ObjectModel.Nhibernate.Events.EventMember	NetCity.Common.ObjectModel.Nhibernate.Events.EventMember	EVENTSMEMBERS	Event	EVENTID	NetCity.Common.ObjectModel.Nhibernate.Events.Event	many-to-one
NetCity.Common.ObjectModel.Nhibernate.Events.OlympAppealArgument	NetCity.Common.ObjectModel.Nhibernate.Events.OlympAppealArgument	OLYMP_APPEAL_ARGUMENTS	Id	ID	Int32	id
NetCity.Common.ObjectModel.Nhibernate.Events.OlympAppealArgument	NetCity.Common.ObjectModel.Nhibernate.Events.OlympAppealArgument	OLYMP_APPEAL_ARGUMENTS	TaskNumbers	TASK_NUMBERS	AnsiString	property
NetCity.Common.ObjectModel.Nhibernate.Events.OlympAppealArgument	NetCity.Common.ObjectModel.Nhibernate.Events.OlympAppealArgument	OLYMP_APPEAL_ARGUMENTS	Argument	ARGUMENT	AnsiString	property
NetCity.Common.ObjectModel.Nhibernate.Events.OlympAppealArgument	NetCity.Common.ObjectModel.Nhibernate.Events.OlympAppealArgument	OLYMP_APPEAL_ARGUMENTS	OlympAppeal	APPEALID	NetCity.Common.ObjectModel.Nhibernate.Events.OlympAppeal	many-to-one
NetCity.Common.ObjectModel.Nhibernate.Events.OlympAppeal	NetCity.Common.ObjectModel.Nhibernate.Events.OlympAppeal	OLYMP_APPEAL	Id	ID	Int32	id
NetCity.Common.ObjectModel.Nhibernate.Events.OlympAppeal	NetCity.Common.ObjectModel.Nhibernate.Events.OlympAppeal	OLYMP_APPEAL	Arguments		System.Collections.Generic.ISet`1[[NetCity.Common.ObjectModel.Nhibernate.Events.OlympAppealArgument, NetCity.Common.ObjectModel, Version=5.14.65351.225, Culture=neutral, PublicKeyToken=ea3eeeb5c070719f]](NetCity.Common.ObjectModel.Nhibernate.Events.OlympAppeal.Arguments)	collection
NetCity.Common.ObjectModel.Nhibernate.Events.OlympAppeal	NetCity.Common.ObjectModel.Nhibernate.Events.OlympAppeal	OLYMP_APPEAL	Status	REQUESTSTATUS	NHibernate.Type.EnumType`1[[NetCity.Common.Enums.Events.OlympAppealStatus, NetCity.Common, Version=0.11.30.0, Culture=neutral, PublicKeyToken=ea3eeeb5c070719f]], NHibernate	property
NetCity.Common.ObjectModel.Nhibernate.Events.OlympAppeal	NetCity.Common.ObjectModel.Nhibernate.Events.OlympAppeal	OLYMP_APPEAL	InitialScore	INITIAL_SCORE	Int32	property
NetCity.Common.ObjectModel.Nhibernate.Events.OlympAppeal	NetCity.Common.ObjectModel.Nhibernate.Events.OlympAppeal	OLYMP_APPEAL	FinalScore	FINAL_SCORE	Int32	property
NetCity.Common.ObjectModel.Nhibernate.Events.OlympAppeal	NetCity.Common.ObjectModel.Nhibernate.Events.OlympAppeal	OLYMP_APPEAL	ReviewRequestTime	REVIEWREQUEST_TIME	DateTime	property
NetCity.Common.ObjectModel.Nhibernate.Events.OlympAppeal	NetCity.Common.ObjectModel.Nhibernate.Events.OlympAppeal	OLYMP_APPEAL	ReviewCompleteTime	REVIEWCOMPLETE_TIME	DateTime	property
NetCity.Common.ObjectModel.Nhibernate.Events.OlympAppeal	NetCity.Common.ObjectModel.Nhibernate.Events.OlympAppeal	OLYMP_APPEAL	AppealRequestTime	APPEALREQUEST_TIME	DateTime	property
NetCity.Common.ObjectModel.Nhibernate.Events.OlympAppeal	NetCity.Common.ObjectModel.Nhibernate.Events.OlympAppeal	OLYMP_APPEAL	AppealResponseTime	APPEALRESPONSE_TIME	DateTime	property
NetCity.Common.ObjectModel.Nhibernate.Events.OlympAppeal	NetCity.Common.ObjectModel.Nhibernate.Events.OlympAppeal	OLYMP_APPEAL	AppealResponse	APPEALRESPONSE	AnsiString	property
NetCity.Common.ObjectModel.Nhibernate.Events.OlympAppeal	NetCity.Common.ObjectModel.Nhibernate.Events.OlympAppeal	OLYMP_APPEAL	WorkFile	WORKFILE_ATTACHMENTID	NetCity.Common.ObjectModel.Nhibernate.FileAttachment	many-to-one
NetCity.Common.ObjectModel.Nhibernate.Events.OlympAppeal	NetCity.Common.ObjectModel.Nhibernate.Events.OlympAppeal	OLYMP_APPEAL	JuriFile	JURIFILE_ATTACHMENTID	NetCity.Common.ObjectModel.Nhibernate.FileAttachment	many-to-one
NetCity.Common.ObjectModel.Nhibernate.Events.OlympAppeal	NetCity.Common.ObjectModel.Nhibernate.Events.OlympAppeal	OLYMP_APPEAL	EventMember	EVENT_MEMBERID	NetCity.Common.ObjectModel.Nhibernate.Events.EventMember	many-to-one
NetCity.Common.ObjectModel.Nhibernate.Events.OlympPassRateGrade	NetCity.Common.ObjectModel.Nhibernate.Events.OlympPassRateGrade	OLYMP_PASSRATES_GRADES	Id	ID	Int32	id
NetCity.Common.ObjectModel.Nhibernate.Events.OlympPassRateGrade	NetCity.Common.ObjectModel.Nhibernate.Events.OlympPassRateGrade	OLYMP_PASSRATES_GRADES	Grade	GRADE	Int32	property
NetCity.Common.ObjectModel.Nhibernate.Events.OlympPassRateGrade	NetCity.Common.ObjectModel.Nhibernate.Events.OlympPassRateGrade	OLYMP_PASSRATES_GRADES	OlympPassRate	OLYMP_PASSRATEID	NetCity.Common.ObjectModel.Nhibernate.Events.OlympPassRate	many-to-one
NetCity.Common.ObjectModel.Nhibernate.Events.OlympPassRate	NetCity.Common.ObjectModel.Nhibernate.Events.OlympPassRate	OLYMP_PASSRATES	Id	ID	Int32	id
NetCity.Common.ObjectModel.Nhibernate.Events.OlympPassRate	NetCity.Common.ObjectModel.Nhibernate.Events.OlympPassRate	OLYMP_PASSRATES	Grades		System.Collections.Generic.ISet`1[[NetCity.Common.ObjectModel.Nhibernate.Events.OlympPassRateGrade, NetCity.Common.ObjectModel, Version=5.14.65351.225, Culture=neutral, PublicKeyToken=ea3eeeb5c070719f]](NetCity.Common.ObjectModel.Nhibernate.Events.OlympPassRate.Grades)	collection
NetCity.Common.ObjectModel.Nhibernate.Events.OlympPassRate	NetCity.Common.ObjectModel.Nhibernate.Events.OlympPassRate	OLYMP_PASSRATES	EventLevel	EVENT_LEVEL	enumstring - EventLevel	property
NetCity.Common.ObjectModel.Nhibernate.Events.OlympPassRate	NetCity.Common.ObjectModel.Nhibernate.Events.OlympPassRate	OLYMP_PASSRATES	Rate	RATE	Int32	property
NetCity.Common.ObjectModel.Nhibernate.Events.OlympPassRate	NetCity.Common.ObjectModel.Nhibernate.Events.OlympPassRate	OLYMP_PASSRATES	MunicipalityId	MUNICIPALITYID	Int32	property
NetCity.Common.ObjectModel.Nhibernate.Events.OlympPassRate	NetCity.Common.ObjectModel.Nhibernate.Events.OlympPassRate	OLYMP_PASSRATES	GlobalYear	GLOBALYEARID	NetCity.Common.ObjectModel.Nhibernate.GlobalYear	many-to-one
NetCity.Common.ObjectModel.Nhibernate.Events.OlympPassRate	NetCity.Common.ObjectModel.Nhibernate.Events.OlympPassRate	OLYMP_PASSRATES	EducManagement	DISTRICTEMID	NetCity.Common.ObjectModel.Nhibernate.Organizations.EducManagement	many-to-one
NetCity.Common.ObjectModel.Nhibernate.Events.OlympPassRate	NetCity.Common.ObjectModel.Nhibernate.Events.OlympPassRate	OLYMP_PASSRATES	OlympSubject	OLYMP_SUBJECTID	NetCity.Common.ObjectModel.Nhibernate.OlympSubject	many-to-one
NetCity.Common.ObjectModel.Nhibernate.Events.UserEvents.UserEvent	NetCity.Common.ObjectModel.Nhibernate.Events.UserEvents.UserEvent	USEREVENTS	Id	EVENTID	Int32	id
NetCity.Common.ObjectModel.Nhibernate.Events.UserEvents.UserEvent	NetCity.Common.ObjectModel.Nhibernate.Events.UserEvents.UserEvent	USEREVENTS	Type	TYPEID	NHibernate.Type.EnumType`1[[NetCity.Common.Enums.UserEventType, NetCity.Common, Version=0.11.30.0, Culture=neutral, PublicKeyToken=ea3eeeb5c070719f]], NHibernate	property
NetCity.Common.ObjectModel.Nhibernate.Events.UserEvents.UserEvent	NetCity.Common.ObjectModel.Nhibernate.Events.UserEvents.UserEvent	USEREVENTS	RemoteAddress	REMOTEADDR	AnsiString	property
NetCity.Common.ObjectModel.Nhibernate.Events.UserEvents.UserEvent	NetCity.Common.ObjectModel.Nhibernate.Events.UserEvents.UserEvent	USEREVENTS	EventTime	EVENTTIME	DateTime	property
NetCity.Common.ObjectModel.Nhibernate.Events.UserEvents.UserEvent	NetCity.Common.ObjectModel.Nhibernate.Events.UserEvents.UserEvent	USEREVENTS	Details1	DETAILS1	Int32	property
NetCity.Common.ObjectModel.Nhibernate.Events.UserEvents.UserEvent	NetCity.Common.ObjectModel.Nhibernate.Events.UserEvents.UserEvent	USEREVENTS	Details2	DETAILS2	AnsiString	property
NetCity.Common.ObjectModel.Nhibernate.Events.UserEvents.UserEvent	NetCity.Common.ObjectModel.Nhibernate.Events.UserEvents.UserEvent	USEREVENTS	School	SCHOOLID	NetCity.Common.ObjectModel.Nhibernate.Organizations.School	many-to-one
NetCity.Common.ObjectModel.Nhibernate.Events.UserEvents.UserEvent	NetCity.Common.ObjectModel.Nhibernate.Events.UserEvents.UserEvent	USEREVENTS	User	USERID	NetCity.Common.ObjectModel.Nhibernate.Users.User	many-to-one
NetCity.Common.ObjectModel.Nhibernate.Events.Login.UserLoginEvent	NetCity.Common.ObjectModel.Nhibernate.Events.Login.UserLoginEvent	USERLOGINEVENTS	Id	EVENTID	Int32	id
NetCity.Common.ObjectModel.Nhibernate.Events.Login.UserLoginEvent	NetCity.Common.ObjectModel.Nhibernate.Events.Login.UserLoginEvent	USERLOGINEVENTS	UserLoginEventDetails		System.Collections.Generic.ISet`1[[NetCity.Common.ObjectModel.Nhibernate.Events.Login.UserLoginEventDetail, NetCity.Common.ObjectModel, Version=5.14.65351.225, Culture=neutral, PublicKeyToken=ea3eeeb5c070719f]](NetCity.Common.ObjectModel.Nhibernate.Events.Login.UserLoginEvent.UserLoginEventDetails)	collection
NetCity.Common.ObjectModel.Nhibernate.Events.Login.UserLoginEvent	NetCity.Common.ObjectModel.Nhibernate.Events.Login.UserLoginEvent	USERLOGINEVENTS	RemoteAddress	REMOTEADDR	AnsiString	property
NetCity.Common.ObjectModel.Nhibernate.Events.Login.UserLoginEvent	NetCity.Common.ObjectModel.Nhibernate.Events.Login.UserLoginEvent	USERLOGINEVENTS	LoginTime	LOGINTIME	DateTime	property
NetCity.Common.ObjectModel.Nhibernate.Events.Login.UserLoginEvent	NetCity.Common.ObjectModel.Nhibernate.Events.Login.UserLoginEvent	USERLOGINEVENTS	LogoutTime	LOGOUTTIME	DateTime	property
NetCity.Common.ObjectModel.Nhibernate.Events.Login.UserLoginEvent	NetCity.Common.ObjectModel.Nhibernate.Events.Login.UserLoginEvent	USERLOGINEVENTS	Idp	IDP	NHibernate.Type.EnumType`1[[NetCity.Common.Enums.Users.IdpType, NetCity.Common, Version=0.11.30.0, Culture=neutral, PublicKeyToken=ea3eeeb5c070719f]], NHibernate	property
NetCity.Common.ObjectModel.Nhibernate.Events.Login.UserLoginEvent	NetCity.Common.ObjectModel.Nhibernate.Events.Login.UserLoginEvent	USERLOGINEVENTS	GrantType	GRANT_TYPE	AnsiString	property
NetCity.Common.ObjectModel.Nhibernate.Events.Login.UserLoginEvent	NetCity.Common.ObjectModel.Nhibernate.Events.Login.UserLoginEvent	USERLOGINEVENTS	ClientId	CLIENT_ID	AnsiString	property
NetCity.Common.ObjectModel.Nhibernate.Events.Login.UserLoginEvent	NetCity.Common.ObjectModel.Nhibernate.Events.Login.UserLoginEvent	USERLOGINEVENTS	School	SCHOOLID	NetCity.Common.ObjectModel.Nhibernate.Organizations.School	many-to-one
NetCity.Common.ObjectModel.Nhibernate.Events.Login.UserLoginEvent	NetCity.Common.ObjectModel.Nhibernate.Events.Login.UserLoginEvent	USERLOGINEVENTS	User	USERID	NetCity.Common.ObjectModel.Nhibernate.Users.User	many-to-one
NetCity.Common.ObjectModel.Nhibernate.FamilyObserve	NetCity.Common.ObjectModel.Nhibernate.FamilyObserve	FAMILYOBSERVES	Id	ID	Int32	id
NetCity.Common.ObjectModel.Nhibernate.FamilyObserve	NetCity.Common.ObjectModel.Nhibernate.FamilyObserve	FAMILYOBSERVES	ObserveReason	OBSERVEREASON	AnsiString	property
NetCity.Common.ObjectModel.Nhibernate.FamilyObserve	NetCity.Common.ObjectModel.Nhibernate.FamilyObserve	FAMILYOBSERVES	StartDate	STARTDATE	DateTime	property
NetCity.Common.ObjectModel.Nhibernate.FamilyObserve	NetCity.Common.ObjectModel.Nhibernate.FamilyObserve	FAMILYOBSERVES	ObserveType	OBSERVETYPE	NHibernate.Type.EnumType`1[[NetCity.Common.ObjectModel.Nhibernate.Users.FamilyObserveType, NetCity.Common, Version=0.11.30.0, Culture=neutral, PublicKeyToken=ea3eeeb5c070719f]], NHibernate	property
NetCity.Common.ObjectModel.Nhibernate.FamilyObserve	NetCity.Common.ObjectModel.Nhibernate.FamilyObserve	FAMILYOBSERVES	Family	FAMILYID	NetCity.Common.ObjectModel.Nhibernate.Users.Family	many-to-one
NetCity.Common.ObjectModel.Nhibernate.FileAttachment	NetCity.Common.ObjectModel.Nhibernate.FileAttachment	FILEATTACHMENTS	Id	ATTACHMENTID	Int32	id
NetCity.Common.ObjectModel.Nhibernate.FileAttachment	NetCity.Common.ObjectModel.Nhibernate.FileAttachment	FILEATTACHMENTS	Assignments		System.Collections.Generic.ISet`1[[NetCity.Common.ObjectModel.Nhibernate.ClassJournal.Assignment, NetCity.Common.ObjectModel, Version=5.14.65351.225, Culture=neutral, PublicKeyToken=ea3eeeb5c070719f]](NetCity.Common.ObjectModel.Nhibernate.FileAttachment.Assignments)	collection
NetCity.Common.ObjectModel.Nhibernate.FileAttachment	NetCity.Common.ObjectModel.Nhibernate.FileAttachment	FILEATTACHMENTS	Announcements		System.Collections.Generic.ISet`1[[NetCity.Common.ObjectModel.Nhibernate.Announcement, NetCity.Common.ObjectModel, Version=5.14.65351.225, Culture=neutral, PublicKeyToken=ea3eeeb5c070719f]](NetCity.Common.ObjectModel.Nhibernate.FileAttachment.Announcements)	collection
NetCity.Common.ObjectModel.Nhibernate.FileAttachment	NetCity.Common.ObjectModel.Nhibernate.FileAttachment	FILEATTACHMENTS	Lessons		System.Collections.Generic.ISet`1[[NetCity.Common.ObjectModel.Nhibernate.ThematicPlanning.Lesson, NetCity.Common.ObjectModel, Version=5.14.65351.225, Culture=neutral, PublicKeyToken=ea3eeeb5c070719f]](NetCity.Common.ObjectModel.Nhibernate.FileAttachment.Lessons)	collection
NetCity.Common.ObjectModel.Nhibernate.FileAttachment	NetCity.Common.ObjectModel.Nhibernate.FileAttachment	FILEATTACHMENTS	SchoolInfoAttachments		System.Collections.Generic.ISet`1[[NetCity.Common.ObjectModel.Nhibernate.SchoolInfoAttachment, NetCity.Common.ObjectModel, Version=5.14.65351.225, Culture=neutral, PublicKeyToken=ea3eeeb5c070719f]](NetCity.Common.ObjectModel.Nhibernate.FileAttachment.SchoolInfoAttachments)	collection
NetCity.Common.ObjectModel.Nhibernate.FileAttachment	NetCity.Common.ObjectModel.Nhibernate.FileAttachment	FILEATTACHMENTS	AddPrograms		System.Collections.Generic.ISet`1[[NetCity.Common.ObjectModel.Nhibernate.AddProgram, NetCity.Common.ObjectModel, Version=5.14.65351.225, Culture=neutral, PublicKeyToken=ea3eeeb5c070719f]](NetCity.Common.ObjectModel.Nhibernate.FileAttachment.AddPrograms)	collection
NetCity.Common.ObjectModel.Nhibernate.FileAttachment	NetCity.Common.ObjectModel.Nhibernate.FileAttachment	FILEATTACHMENTS	EducContractBlanks		System.Collections.Generic.ISet`1[[NetCity.Common.ObjectModel.Nhibernate.AddSchool.EducContractBlank, NetCity.Common.ObjectModel, Version=5.14.65351.225, Culture=neutral, PublicKeyToken=ea3eeeb5c070719f]](NetCity.Common.ObjectModel.Nhibernate.FileAttachment.EducContractBlanks)	collection
NetCity.Common.ObjectModel.Nhibernate.FileAttachment	NetCity.Common.ObjectModel.Nhibernate.FileAttachment	FILEATTACHMENTS	Description	DESCRIPTION	AnsiString	property
NetCity.Common.ObjectModel.Nhibernate.FileAttachment	NetCity.Common.ObjectModel.Nhibernate.FileAttachment	FILEATTACHMENTS	AFileName	AFILENAME	AnsiString	property
NetCity.Common.ObjectModel.Nhibernate.FileAttachment	NetCity.Common.ObjectModel.Nhibernate.FileAttachment	FILEATTACHMENTS	Saved	SAVED	Int32	property
NetCity.Common.ObjectModel.Nhibernate.FileAttachment	NetCity.Common.ObjectModel.Nhibernate.FileAttachment	FILEATTACHMENTS	StorageType	STORAGE_TYPE	NHibernate.Type.EnumType`1[[NetCity.Common.Enums.FileStorageType, NetCity.Common, Version=0.11.30.0, Culture=neutral, PublicKeyToken=ea3eeeb5c070719f]], NHibernate	property
NetCity.Common.ObjectModel.Nhibernate.FileAttachment	NetCity.Common.ObjectModel.Nhibernate.FileAttachment	FILEATTACHMENTS	StorageFileId	STORAGE_FILEID	AnsiString	property
NetCity.Common.ObjectModel.Nhibernate.FileAttachment	NetCity.Common.ObjectModel.Nhibernate.FileAttachment	FILEATTACHMENTS	AFile	AFILE	BinaryBlob	property
NetCity.Common.ObjectModel.Nhibernate.FileAttachment	NetCity.Common.ObjectModel.Nhibernate.FileAttachment	FILEATTACHMENTS	User	USERID	NetCity.Common.ObjectModel.Nhibernate.Users.User	many-to-one
NetCity.Common.ObjectModel.Nhibernate.FileAttachment	NetCity.Common.ObjectModel.Nhibernate.FileAttachment	FILEATTACHMENTS	UploadedBy	UPLOADEDBY	NetCity.Common.ObjectModel.Nhibernate.Users.User	many-to-one
NetCity.Common.ObjectModel.Nhibernate.Forum.ForumMessage	NetCity.Common.ObjectModel.Nhibernate.Forum.ForumMessage	FORUMMESSAGES	Id	MESSAGEID	Int32	id
NetCity.Common.ObjectModel.Nhibernate.Forum.ForumMessage	NetCity.Common.ObjectModel.Nhibernate.Forum.ForumMessage	FORUMMESSAGES	Text	MESSAGETEXT	String	property
NetCity.Common.ObjectModel.Nhibernate.Forum.ForumMessage	NetCity.Common.ObjectModel.Nhibernate.Forum.ForumMessage	FORUMMESSAGES	Sent	SENT	DateTime	property
NetCity.Common.ObjectModel.Nhibernate.Forum.ForumMessage	NetCity.Common.ObjectModel.Nhibernate.Forum.ForumMessage	FORUMMESSAGES	Topic	TOPICID	NetCity.Common.ObjectModel.Nhibernate.Forum.ForumTopic	many-to-one
NetCity.Common.ObjectModel.Nhibernate.Forum.ForumMessage	NetCity.Common.ObjectModel.Nhibernate.Forum.ForumMessage	FORUMMESSAGES	User	USERID	NetCity.Common.ObjectModel.Nhibernate.Users.User	many-to-one
NetCity.Common.ObjectModel.Nhibernate.Forum.ForumTopic	NetCity.Common.ObjectModel.Nhibernate.Forum.ForumTopic	FORUMTOPICS	Id	TOPICID	Int32	id
NetCity.Common.ObjectModel.Nhibernate.Forum.ForumTopic	NetCity.Common.ObjectModel.Nhibernate.Forum.ForumTopic	FORUMTOPICS	Name	NAME	AnsiString	property
NetCity.Common.ObjectModel.Nhibernate.Forum.ForumTopic	NetCity.Common.ObjectModel.Nhibernate.Forum.ForumTopic	FORUMTOPICS	School	SCHOOLID	NetCity.Common.ObjectModel.Nhibernate.Organizations.School	many-to-one
NetCity.Common.ObjectModel.Nhibernate.Organizations.Founder	NetCity.Common.ObjectModel.Nhibernate.Organizations.Founder	FOUNDERS	Id	FOUNDERID	Int32	id
NetCity.Common.ObjectModel.Nhibernate.Organizations.Founder	NetCity.Common.ObjectModel.Nhibernate.Organizations.Founder	FOUNDERS	ChildFounders		System.Collections.Generic.ISet`1[[NetCity.Common.ObjectModel.Nhibernate.Organizations.Founder, NetCity.Common.ObjectModel, Version=5.14.65351.225, Culture=neutral, PublicKeyToken=ea3eeeb5c070719f]](NetCity.Common.ObjectModel.Nhibernate.Organizations.Founder.ChildFounders)	collection
NetCity.Common.ObjectModel.Nhibernate.Organizations.Founder	NetCity.Common.ObjectModel.Nhibernate.Organizations.Founder	FOUNDERS	Name	FNAME	AnsiString	property
NetCity.Common.ObjectModel.Nhibernate.Organizations.Founder	NetCity.Common.ObjectModel.Nhibernate.Organizations.Founder	FOUNDERS	FullName	FULLNAME	AnsiString	property
NetCity.Common.ObjectModel.Nhibernate.Organizations.Founder	NetCity.Common.ObjectModel.Nhibernate.Organizations.Founder	FOUNDERS	Code	CODE	AnsiString	property
NetCity.Common.ObjectModel.Nhibernate.Organizations.Founder	NetCity.Common.ObjectModel.Nhibernate.Organizations.Founder	FOUNDERS	Type	TYPEID	NHibernate.Type.EnumType`1[[NetCity.Common.ObjectModel.Nhibernate.Organizations.FounderType, NetCity.Common, Version=0.11.30.0, Culture=neutral, PublicKeyToken=ea3eeeb5c070719f]], NHibernate	property
NetCity.Common.ObjectModel.Nhibernate.Organizations.Founder	NetCity.Common.ObjectModel.Nhibernate.Organizations.Founder	FOUNDERS	FounderKind	FOUNDERKINDID	NHibernate.Type.EnumType`1[[NetCity.Common.ObjectModel.Nhibernate.Organizations.FounderKind, NetCity.Common, Version=0.11.30.0, Culture=neutral, PublicKeyToken=ea3eeeb5c070719f]], NHibernate	property
NetCity.Common.ObjectModel.Nhibernate.Organizations.Founder	NetCity.Common.ObjectModel.Nhibernate.Organizations.Founder	FOUNDERS	IsAuthority	ISAUTHORITY	Boolean	property
NetCity.Common.ObjectModel.Nhibernate.Organizations.Founder	NetCity.Common.ObjectModel.Nhibernate.Organizations.Founder	FOUNDERS	AuthorityType	AUTHORITYTYPE	NHibernate.Type.EnumType`1[[NetCity.Common.ObjectModel.Nhibernate.Organizations.AuthorityType, NetCity.Common, Version=0.11.30.0, Culture=neutral, PublicKeyToken=ea3eeeb5c070719f]], NHibernate	property
NetCity.Common.ObjectModel.Nhibernate.Organizations.Founder	NetCity.Common.ObjectModel.Nhibernate.Organizations.Founder	FOUNDERS	State	STATEID	NetCity.Common.ObjectModel.Nhibernate.Address.State	many-to-one
NetCity.Common.ObjectModel.Nhibernate.Organizations.Founder	NetCity.Common.ObjectModel.Nhibernate.Organizations.Founder	FOUNDERS	City	CITYID	NetCity.Common.ObjectModel.Nhibernate.Address.City	many-to-one
NetCity.Common.ObjectModel.Nhibernate.Organizations.Founder	NetCity.Common.ObjectModel.Nhibernate.Organizations.Founder	FOUNDERS	EducManagement		NetCity.Common.ObjectModel.Nhibernate.Organizations.EducManagement	property
NetCity.Common.ObjectModel.Nhibernate.Organizations.Founder	NetCity.Common.ObjectModel.Nhibernate.Organizations.Founder	FOUNDERS	ParentFounder	PARENTFOUNDERID	NetCity.Common.ObjectModel.Nhibernate.Organizations.Founder	many-to-one
NetCity.Common.ObjectModel.Nhibernate.Organizations.FunctionalityType	NetCity.Common.ObjectModel.Nhibernate.Organizations.FunctionalityType	FUNCTIONALITYTYPES	Id	FUNCTIONALITYTYPEID	Int32	id
NetCity.Common.ObjectModel.Nhibernate.Organizations.FunctionalityType	NetCity.Common.ObjectModel.Nhibernate.Organizations.FunctionalityType	FUNCTIONALITYTYPES	Schools		System.Collections.Generic.ISet`1[[NetCity.Common.ObjectModel.Nhibernate.Organizations.School, NetCity.Common.ObjectModel, Version=5.14.65351.225, Culture=neutral, PublicKeyToken=ea3eeeb5c070719f]](NetCity.Common.ObjectModel.Nhibernate.Organizations.FunctionalityType.Schools)	collection
NetCity.Common.ObjectModel.Nhibernate.Organizations.FunctionalityType	NetCity.Common.ObjectModel.Nhibernate.Organizations.FunctionalityType	FUNCTIONALITYTYPES	Name	NAME	AnsiString	property
NetCity.Common.ObjectModel.Nhibernate.EGE.GiaClass	NetCity.Common.ObjectModel.Nhibernate.EGE.GiaClass	GIA_CLASSES	Id	ID	Int32	id
NetCity.Common.ObjectModel.Nhibernate.EGE.GiaClass	NetCity.Common.ObjectModel.Nhibernate.EGE.GiaClass	GIA_CLASSES	Results		System.Collections.Generic.ISet`1[[NetCity.Common.ObjectModel.Nhibernate.EGE.GiaResult, NetCity.Common.ObjectModel, Version=5.14.65351.225, Culture=neutral, PublicKeyToken=ea3eeeb5c070719f]](NetCity.Common.ObjectModel.Nhibernate.EGE.GiaClass.Results)	collection
NetCity.Common.ObjectModel.Nhibernate.EGE.GiaClass	NetCity.Common.ObjectModel.Nhibernate.EGE.GiaClass	GIA_CLASSES	GlobalYearId	GLOBALYEARID	Int32	property
NetCity.Common.ObjectModel.Nhibernate.EGE.GiaClass	NetCity.Common.ObjectModel.Nhibernate.EGE.GiaClass	GIA_CLASSES	Name	CLASSNAME	String	property
NetCity.Common.ObjectModel.Nhibernate.EGE.GiaClass	NetCity.Common.ObjectModel.Nhibernate.EGE.GiaClass	GIA_CLASSES	CodeOu	CODE_OU	String	property
NetCity.Common.ObjectModel.Nhibernate.EGE.GiaPerson	NetCity.Common.ObjectModel.Nhibernate.EGE.GiaPerson	GIA_PERSONS	Id	ID	Int32	id
NetCity.Common.ObjectModel.Nhibernate.EGE.GiaPerson	NetCity.Common.ObjectModel.Nhibernate.EGE.GiaPerson	GIA_PERSONS	Results		System.Collections.Generic.ISet`1[[NetCity.Common.ObjectModel.Nhibernate.EGE.GiaResult, NetCity.Common.ObjectModel, Version=5.14.65351.225, Culture=neutral, PublicKeyToken=ea3eeeb5c070719f]](NetCity.Common.ObjectModel.Nhibernate.EGE.GiaPerson.Results)	collection
NetCity.Common.ObjectModel.Nhibernate.EGE.GiaPerson	NetCity.Common.ObjectModel.Nhibernate.EGE.GiaPerson	GIA_PERSONS	Users		System.Collections.Generic.ISet`1[[NetCity.Common.ObjectModel.Nhibernate.Users.Student, NetCity.Common.ObjectModel, Version=5.14.65351.225, Culture=neutral, PublicKeyToken=ea3eeeb5c070719f]](NetCity.Common.ObjectModel.Nhibernate.EGE.GiaPerson.Users)	collection
NetCity.Common.ObjectModel.Nhibernate.EGE.GiaPerson	NetCity.Common.ObjectModel.Nhibernate.EGE.GiaPerson	GIA_PERSONS	LastName	LASTNAME	String	property
NetCity.Common.ObjectModel.Nhibernate.EGE.GiaPerson	NetCity.Common.ObjectModel.Nhibernate.EGE.GiaPerson	GIA_PERSONS	FirstName	FIRSTNAME	String	property
NetCity.Common.ObjectModel.Nhibernate.EGE.GiaPerson	NetCity.Common.ObjectModel.Nhibernate.EGE.GiaPerson	GIA_PERSONS	MiddleName	MIDDLENAME	String	property
NetCity.Common.ObjectModel.Nhibernate.EGE.GiaPerson	NetCity.Common.ObjectModel.Nhibernate.EGE.GiaPerson	GIA_PERSONS	DocSerial	DOC_SERIAL	String	property
NetCity.Common.ObjectModel.Nhibernate.EGE.GiaPerson	NetCity.Common.ObjectModel.Nhibernate.EGE.GiaPerson	GIA_PERSONS	DocNumber	DOC_NUMBER	String	property
NetCity.Common.ObjectModel.Nhibernate.EGE.GiaResult	NetCity.Common.ObjectModel.Nhibernate.EGE.GiaResult	GIA_RESULTS	Id	RESULTID	Int32	id
NetCity.Common.ObjectModel.Nhibernate.EGE.GiaResult	NetCity.Common.ObjectModel.Nhibernate.EGE.GiaResult	GIA_RESULTS	Mask_A	MASK_A	String	property
NetCity.Common.ObjectModel.Nhibernate.EGE.GiaResult	NetCity.Common.ObjectModel.Nhibernate.EGE.GiaResult	GIA_RESULTS	Mask_B	MASK_B	String	property
NetCity.Common.ObjectModel.Nhibernate.EGE.GiaResult	NetCity.Common.ObjectModel.Nhibernate.EGE.GiaResult	GIA_RESULTS	Mask_C	MASK_C	String	property
NetCity.Common.ObjectModel.Nhibernate.EGE.GiaResult	NetCity.Common.ObjectModel.Nhibernate.EGE.GiaResult	GIA_RESULTS	Mask_D	MASK_D	String	property
NetCity.Common.ObjectModel.Nhibernate.EGE.GiaResult	NetCity.Common.ObjectModel.Nhibernate.EGE.GiaResult	GIA_RESULTS	TotalScore	TOTAL_SCORE	Int32	property
NetCity.Common.ObjectModel.Nhibernate.EGE.GiaResult	NetCity.Common.ObjectModel.Nhibernate.EGE.GiaResult	GIA_RESULTS	PrimaryScore	PRIMARY_SCORE	Int32	property
NetCity.Common.ObjectModel.Nhibernate.EGE.GiaResult	NetCity.Common.ObjectModel.Nhibernate.EGE.GiaResult	GIA_RESULTS	TotalMark	TOTAL_MARK	Int32	property
NetCity.Common.ObjectModel.Nhibernate.EGE.GiaResult	NetCity.Common.ObjectModel.Nhibernate.EGE.GiaResult	GIA_RESULTS	Auditory	AUDITORY	String	property
NetCity.Common.ObjectModel.Nhibernate.EGE.GiaResult	NetCity.Common.ObjectModel.Nhibernate.EGE.GiaResult	GIA_RESULTS	ExamType	EXAMTYPE	NHibernate.Type.EnumType`1[[NetCity.Common.ObjectModel.Nhibernate.EGE.GiaExamType, NetCity.Common, Version=0.11.30.0, Culture=neutral, PublicKeyToken=ea3eeeb5c070719f]], NHibernate	property
NetCity.Common.ObjectModel.Nhibernate.EGE.GiaResult	NetCity.Common.ObjectModel.Nhibernate.EGE.GiaResult	GIA_RESULTS	ParentsAware	PARENTSAWARE	Boolean	property
NetCity.Common.ObjectModel.Nhibernate.EGE.GiaResult	NetCity.Common.ObjectModel.Nhibernate.EGE.GiaResult	GIA_RESULTS	OralScore	ORAL_SCORE	Int32	property
NetCity.Common.ObjectModel.Nhibernate.EGE.GiaResult	NetCity.Common.ObjectModel.Nhibernate.EGE.GiaResult	GIA_RESULTS	WrittenScore	WRITTEN_SCORE	Int32	property
NetCity.Common.ObjectModel.Nhibernate.EGE.GiaResult	NetCity.Common.ObjectModel.Nhibernate.EGE.GiaResult	GIA_RESULTS	TestScore	TEST_SCORE	Int32	property
NetCity.Common.ObjectModel.Nhibernate.EGE.GiaResult	NetCity.Common.ObjectModel.Nhibernate.EGE.GiaResult	GIA_RESULTS	Class	CLASSID	NetCity.Common.ObjectModel.Nhibernate.EGE.GiaClass	many-to-one
NetCity.Common.ObjectModel.Nhibernate.EGE.GiaResult	NetCity.Common.ObjectModel.Nhibernate.EGE.GiaResult	GIA_RESULTS	Subject	SUBJECTID	NetCity.Common.ObjectModel.Nhibernate.EGE.GiaSubject	many-to-one
NetCity.Common.ObjectModel.Nhibernate.EGE.GiaResult	NetCity.Common.ObjectModel.Nhibernate.EGE.GiaResult	GIA_RESULTS	Person	PERSONID	NetCity.Common.ObjectModel.Nhibernate.EGE.GiaPerson	many-to-one
NetCity.Common.ObjectModel.Nhibernate.EGE.GiaSubject	NetCity.Common.ObjectModel.Nhibernate.EGE.GiaSubject	GIA_SUBJECTS	Id	ID	Int32	id
NetCity.Common.ObjectModel.Nhibernate.EGE.GiaSubject	NetCity.Common.ObjectModel.Nhibernate.EGE.GiaSubject	GIA_SUBJECTS	Results		System.Collections.Generic.ISet`1[[NetCity.Common.ObjectModel.Nhibernate.EGE.GiaResult, NetCity.Common.ObjectModel, Version=5.14.65351.225, Culture=neutral, PublicKeyToken=ea3eeeb5c070719f]](NetCity.Common.ObjectModel.Nhibernate.EGE.GiaSubject.Results)	collection
NetCity.Common.ObjectModel.Nhibernate.EGE.GiaSubject	NetCity.Common.ObjectModel.Nhibernate.EGE.GiaSubject	GIA_SUBJECTS	Name	SUBJECTNAME	String	property
NetCity.Common.ObjectModel.Nhibernate.GlobalSubject	NetCity.Common.ObjectModel.Nhibernate.GlobalSubject	GLOBALSUBJECTS	Id	GLOBALSUBJID	Int32	id
NetCity.Common.ObjectModel.Nhibernate.GlobalSubject	NetCity.Common.ObjectModel.Nhibernate.GlobalSubject	GLOBALSUBJECTS	Subjects		System.Collections.Generic.ISet`1[[NetCity.Common.ObjectModel.Nhibernate.Subject, NetCity.Common.ObjectModel, Version=5.14.65351.225, Culture=neutral, PublicKeyToken=ea3eeeb5c070719f]](NetCity.Common.ObjectModel.Nhibernate.GlobalSubject.Subjects)	collection
NetCity.Common.ObjectModel.Nhibernate.GlobalSubject	NetCity.Common.ObjectModel.Nhibernate.GlobalSubject	GLOBALSUBJECTS	Abbreviation	SUBJABBR	AnsiString	property
NetCity.Common.ObjectModel.Nhibernate.GlobalSubject	NetCity.Common.ObjectModel.Nhibernate.GlobalSubject	GLOBALSUBJECTS	Name	SUBJNAME	AnsiString	property
NetCity.Common.ObjectModel.Nhibernate.GlobalSubject	NetCity.Common.ObjectModel.Nhibernate.GlobalSubject	GLOBALSUBJECTS	IsFederal	ISFEDERAL	Boolean	property
NetCity.Common.ObjectModel.Nhibernate.GlobalYear	NetCity.Common.ObjectModel.Nhibernate.GlobalYear	GLOBALYEARS	Id	GLOBALYEARID	Int32	id
NetCity.Common.ObjectModel.Nhibernate.GlobalYear	NetCity.Common.ObjectModel.Nhibernate.GlobalYear	GLOBALYEARS	Schoolyears		System.Collections.Generic.ISet`1[[NetCity.Common.ObjectModel.Nhibernate.Schoolyear, NetCity.Common.ObjectModel, Version=5.14.65351.225, Culture=neutral, PublicKeyToken=ea3eeeb5c070719f]](NetCity.Common.ObjectModel.Nhibernate.GlobalYear.Schoolyears)	collection
NetCity.Common.ObjectModel.Nhibernate.GlobalYear	NetCity.Common.ObjectModel.Nhibernate.GlobalYear	GLOBALYEARS	MovePeriods		System.Collections.Generic.ISet`1[[NetCity.Common.ObjectModel.Nhibernate.Movement.MovePeriod, NetCity.Common.ObjectModel, Version=5.14.65351.225, Culture=neutral, PublicKeyToken=ea3eeeb5c070719f]](NetCity.Common.ObjectModel.Nhibernate.GlobalYear.MovePeriods)	collection
NetCity.Common.ObjectModel.Nhibernate.GlobalYear	NetCity.Common.ObjectModel.Nhibernate.GlobalYear	GLOBALYEARS	Enddate	ENDDATE	DateTime	property
NetCity.Common.ObjectModel.Nhibernate.GlobalYear	NetCity.Common.ObjectModel.Nhibernate.GlobalYear	GLOBALYEARS	Schoolyearname	SCHOOLYEARNAME	AnsiString	property
NetCity.Common.ObjectModel.Nhibernate.GlobalYear	NetCity.Common.ObjectModel.Nhibernate.GlobalYear	GLOBALYEARS	Startdate	STARTDATE	DateTime	property
NetCity.Common.ObjectModel.Nhibernate.Group	NetCity.Common.ObjectModel.Nhibernate.Group	GROUPS	Id	GROUPID	Int32	id
NetCity.Common.ObjectModel.Nhibernate.Group	NetCity.Common.ObjectModel.Nhibernate.Group	GROUPS	Classsubjectgroups		System.Collections.Generic.ISet`1[[NetCity.Common.ObjectModel.Nhibernate.ClassSubjectGroup, NetCity.Common.ObjectModel, Version=5.14.65351.225, Culture=neutral, PublicKeyToken=ea3eeeb5c070719f]](NetCity.Common.ObjectModel.Nhibernate.Group.Classsubjectgroups)	collection
NetCity.Common.ObjectModel.Nhibernate.Group	NetCity.Common.ObjectModel.Nhibernate.Group	GROUPS	Groupabbrev	GROUPABBREV	AnsiString	property
NetCity.Common.ObjectModel.Nhibernate.Group	NetCity.Common.ObjectModel.Nhibernate.Group	GROUPS	Groupname	GROUPNAME	AnsiString	property
NetCity.Common.ObjectModel.Nhibernate.Group	NetCity.Common.ObjectModel.Nhibernate.Group	GROUPS	Subject	SUBJECTID	NetCity.Common.ObjectModel.Nhibernate.Subject	many-to-one
NetCity.Common.ObjectModel.Nhibernate.HealthMonitoring	NetCity.Common.ObjectModel.Nhibernate.HealthMonitoring	HEALTHMONITORING	Id	ID	Int32	id
NetCity.Common.ObjectModel.Nhibernate.HealthMonitoring	NetCity.Common.ObjectModel.Nhibernate.HealthMonitoring	HEALTHMONITORING	Date	DATE	DateTime	property
NetCity.Common.ObjectModel.Nhibernate.HealthMonitoring	NetCity.Common.ObjectModel.Nhibernate.HealthMonitoring	HEALTHMONITORING	Temperature	TEMPERATURE	Decimal	property
NetCity.Common.ObjectModel.Nhibernate.HealthMonitoring	NetCity.Common.ObjectModel.Nhibernate.HealthMonitoring	HEALTHMONITORING	Operator	OPERATORID	NetCity.Common.ObjectModel.Nhibernate.Users.User	many-to-one
NetCity.Common.ObjectModel.Nhibernate.HealthMonitoring	NetCity.Common.ObjectModel.Nhibernate.HealthMonitoring	HEALTHMONITORING	Student	STUDENTID	NetCity.Common.ObjectModel.Nhibernate.Users.Student	many-to-one
NetCity.Common.ObjectModel.Nhibernate.IndividualSupport.IndividualSupportMeasure	NetCity.Common.ObjectModel.Nhibernate.IndividualSupport.IndividualSupportMeasure	INDIVIDSUPPORTMEASURES	Id	ID	Int32	id
NetCity.Common.ObjectModel.Nhibernate.IndividualSupport.IndividualSupportMeasure	NetCity.Common.ObjectModel.Nhibernate.IndividualSupport.IndividualSupportMeasure	INDIVIDSUPPORTMEASURES	Date	DATE	DateTime	property
NetCity.Common.ObjectModel.Nhibernate.IndividualSupport.IndividualSupportMeasure	NetCity.Common.ObjectModel.Nhibernate.IndividualSupport.IndividualSupportMeasure	INDIVIDSUPPORTMEASURES	ExtraInfo	EXTAINFO	AnsiString	property
NetCity.Common.ObjectModel.Nhibernate.IndividualSupport.IndividualSupportMeasure	NetCity.Common.ObjectModel.Nhibernate.IndividualSupport.IndividualSupportMeasure	INDIVIDSUPPORTMEASURES	Description	DESCRIPTION	AnsiString	property
NetCity.Common.ObjectModel.Nhibernate.IndividualSupport.IndividualSupportMeasure	NetCity.Common.ObjectModel.Nhibernate.IndividualSupport.IndividualSupportMeasure	INDIVIDSUPPORTMEASURES	Result	RESULT	AnsiString	property
NetCity.Common.ObjectModel.Nhibernate.IndividualSupport.IndividualSupportMeasure	NetCity.Common.ObjectModel.Nhibernate.IndividualSupport.IndividualSupportMeasure	INDIVIDSUPPORTMEASURES	SupportStudent	INDIVIDSUPPORSTUDENTID	NetCity.Common.ObjectModel.Nhibernate.IndividualSupport.IndividualSupportStudent	many-to-one
NetCity.Common.ObjectModel.Nhibernate.IndividualSupport.IndividualSupportMeasure	NetCity.Common.ObjectModel.Nhibernate.IndividualSupport.IndividualSupportMeasure	INDIVIDSUPPORTMEASURES	User	USERID	NetCity.Common.ObjectModel.Nhibernate.Users.User	many-to-one
NetCity.Common.ObjectModel.Nhibernate.IndividualSupport.IndividualSupportMeasure	NetCity.Common.ObjectModel.Nhibernate.IndividualSupport.IndividualSupportMeasure	INDIVIDSUPPORTMEASURES	MeasureType	MEASURETYPE	NetCity.Common.ObjectModel.Nhibernate.IndividualSupport.IndividualSupportMeasureType	many-to-one
NetCity.Common.ObjectModel.Nhibernate.IndividualSupport.IndividualSupportMeasureType	NetCity.Common.ObjectModel.Nhibernate.IndividualSupport.IndividualSupportMeasureType	INDIVIDSUPPORTMEASURETYPES	Id	ID	Int32	id
NetCity.Common.ObjectModel.Nhibernate.IndividualSupport.IndividualSupportMeasureType	NetCity.Common.ObjectModel.Nhibernate.IndividualSupport.IndividualSupportMeasureType	INDIVIDSUPPORTMEASURETYPES	Name	NAME	AnsiString	property
NetCity.Common.ObjectModel.Nhibernate.IndividualSupport.IndividualSupportMeasureType	NetCity.Common.ObjectModel.Nhibernate.IndividualSupport.IndividualSupportMeasureType	INDIVIDSUPPORTMEASURETYPES	Role	ROLETYPE	Int32	property
NetCity.Common.ObjectModel.Nhibernate.IndividualSupport.IndividualSupportReason	NetCity.Common.ObjectModel.Nhibernate.IndividualSupport.IndividualSupportReason	INDIVIDSUPPORTREASONS	Id	ID	Int32	id
NetCity.Common.ObjectModel.Nhibernate.IndividualSupport.IndividualSupportReason	NetCity.Common.ObjectModel.Nhibernate.IndividualSupport.IndividualSupportReason	INDIVIDSUPPORTREASONS	Name	NAME	AnsiString	property
NetCity.Common.ObjectModel.Nhibernate.IndividualSupport.IndividualSupportStudent	NetCity.Common.ObjectModel.Nhibernate.IndividualSupport.IndividualSupportStudent	INDIVIDSUPPORTSTUDENTS	Id	ID	Int32	id
NetCity.Common.ObjectModel.Nhibernate.IndividualSupport.IndividualSupportStudent	NetCity.Common.ObjectModel.Nhibernate.IndividualSupport.IndividualSupportStudent	INDIVIDSUPPORTSTUDENTS	Measures		System.Collections.Generic.ISet`1[[NetCity.Common.ObjectModel.Nhibernate.IndividualSupport.IndividualSupportMeasure, NetCity.Common.ObjectModel, Version=5.14.65351.225, Culture=neutral, PublicKeyToken=ea3eeeb5c070719f]](NetCity.Common.ObjectModel.Nhibernate.IndividualSupport.IndividualSupportStudent.Measures)	collection
NetCity.Common.ObjectModel.Nhibernate.IndividualSupport.IndividualSupportStudent	NetCity.Common.ObjectModel.Nhibernate.IndividualSupport.IndividualSupportStudent	INDIVIDSUPPORTSTUDENTS	Reasons		System.Collections.Generic.ISet`1[[NetCity.Common.ObjectModel.Nhibernate.IndividualSupport.IndividualSupportReason, NetCity.Common.ObjectModel, Version=5.14.65351.225, Culture=neutral, PublicKeyToken=ea3eeeb5c070719f]](NetCity.Common.ObjectModel.Nhibernate.IndividualSupport.IndividualSupportStudent.Reasons)	collection
NetCity.Common.ObjectModel.Nhibernate.IndividualSupport.IndividualSupportStudent	NetCity.Common.ObjectModel.Nhibernate.IndividualSupport.IndividualSupportStudent	INDIVIDSUPPORTSTUDENTS	Subjects		System.Collections.Generic.ISet`1[[NetCity.Common.ObjectModel.Nhibernate.Subject, NetCity.Common.ObjectModel, Version=5.14.65351.225, Culture=neutral, PublicKeyToken=ea3eeeb5c070719f]](NetCity.Common.ObjectModel.Nhibernate.IndividualSupport.IndividualSupportStudent.Subjects)	collection
NetCity.Common.ObjectModel.Nhibernate.IndividualSupport.IndividualSupportStudent	NetCity.Common.ObjectModel.Nhibernate.IndividualSupport.IndividualSupportStudent	INDIVIDSUPPORTSTUDENTS	OtherReason	OTHERREASON	AnsiString	property
NetCity.Common.ObjectModel.Nhibernate.IndividualSupport.IndividualSupportStudent	NetCity.Common.ObjectModel.Nhibernate.IndividualSupport.IndividualSupportStudent	INDIVIDSUPPORTSTUDENTS	Student	STUDENTID	NetCity.Common.ObjectModel.Nhibernate.Users.Student	many-to-one
NetCity.Common.ObjectModel.Nhibernate.IndividualSupport.IndividualSupportStudent	NetCity.Common.ObjectModel.Nhibernate.IndividualSupport.IndividualSupportStudent	INDIVIDSUPPORTSTUDENTS	School	SCHOOLID	NetCity.Common.ObjectModel.Nhibernate.Organizations.School	many-to-one
NetCity.Common.ObjectModel.Nhibernate.Mail.MailBoxMessage	NetCity.Common.ObjectModel.Nhibernate.Mail.MailBoxMessage	MAILBOXESMESSAGES	Read	READ	YesNoType	property
NetCity.Common.ObjectModel.Nhibernate.Mail.MailBoxMessage	NetCity.Common.ObjectModel.Nhibernate.Mail.MailBoxMessage	MAILBOXESMESSAGES	NotifyPushed	NOTIFYPUSHED	Boolean	property
NetCity.Common.ObjectModel.Nhibernate.Mail.MessageAttachment	NetCity.Common.ObjectModel.Nhibernate.Mail.MessageAttachment	ATTACHMENTS	MessageId	MESSAGEID	Int32	id
NetCity.Common.ObjectModel.Nhibernate.Mail.MessageAttachment	NetCity.Common.ObjectModel.Nhibernate.Mail.MessageAttachment	ATTACHMENTS	Title	TITLE	AnsiString	property
NetCity.Common.ObjectModel.Nhibernate.Mail.MessageAttachment	NetCity.Common.ObjectModel.Nhibernate.Mail.MessageAttachment	ATTACHMENTS	Type	TYPE	String	property
NetCity.Common.ObjectModel.Nhibernate.Mail.MessageAttachment	NetCity.Common.ObjectModel.Nhibernate.Mail.MessageAttachment	ATTACHMENTS	Attachment	ATTACHMENT	String	property
NetCity.Common.ObjectModel.Nhibernate.Mail.Message	NetCity.Common.ObjectModel.Nhibernate.Mail.Message	MESSAGES	Id	MESSAGEID	Int32	id
NetCity.Common.ObjectModel.Nhibernate.Mail.Message	NetCity.Common.ObjectModel.Nhibernate.Mail.Message	MESSAGES	MailBoxMessages		System.Collections.Generic.ISet`1[[NetCity.Common.ObjectModel.Nhibernate.Mail.MailBoxMessage, NetCity.Common.ObjectModel, Version=5.14.65351.225, Culture=neutral, PublicKeyToken=ea3eeeb5c070719f]](NetCity.Common.ObjectModel.Nhibernate.Mail.Message.MailBoxMessages)	collection
NetCity.Common.ObjectModel.Nhibernate.Mail.Message	NetCity.Common.ObjectModel.Nhibernate.Mail.Message	MESSAGES	FileAttachments		System.Collections.Generic.ISet`1[[NetCity.Common.ObjectModel.Nhibernate.FileAttachment, NetCity.Common.ObjectModel, Version=5.14.65351.225, Culture=neutral, PublicKeyToken=ea3eeeb5c070719f]](NetCity.Common.ObjectModel.Nhibernate.Mail.Message.FileAttachments)	collection
NetCity.Common.ObjectModel.Nhibernate.Mail.Message	NetCity.Common.ObjectModel.Nhibernate.Mail.Message	MESSAGES	Subject	SUBJECT	AnsiString	property
NetCity.Common.ObjectModel.Nhibernate.Mail.Message	NetCity.Common.ObjectModel.Nhibernate.Mail.Message	MESSAGES	Text	TEXT	String	property
NetCity.Common.ObjectModel.Nhibernate.Mail.Message	NetCity.Common.ObjectModel.Nhibernate.Mail.Message	MESSAGES	FromName	FROMNAME	AnsiString	property
NetCity.Common.ObjectModel.Nhibernate.Mail.Message	NetCity.Common.ObjectModel.Nhibernate.Mail.Message	MESSAGES	SentTo	SENTTO	AnsiString	property
NetCity.Common.ObjectModel.Nhibernate.Mail.Message	NetCity.Common.ObjectModel.Nhibernate.Mail.Message	MESSAGES	SentCc	SENTCC	AnsiString	property
NetCity.Common.ObjectModel.Nhibernate.Mail.Message	NetCity.Common.ObjectModel.Nhibernate.Mail.Message	MESSAGES	ListTo	LISTTO	AnsiString	property
NetCity.Common.ObjectModel.Nhibernate.Mail.Message	NetCity.Common.ObjectModel.Nhibernate.Mail.Message	MESSAGES	ListCc	LISTCC	AnsiString	property
NetCity.Common.ObjectModel.Nhibernate.Mail.Message	NetCity.Common.ObjectModel.Nhibernate.Mail.Message	MESSAGES	NeedNotification	NEEDNOTIFICATION	Int32	property
NetCity.Common.ObjectModel.Nhibernate.Mail.Message	NetCity.Common.ObjectModel.Nhibernate.Mail.Message	MESSAGES	NoReply	NOREPLY	Boolean	property
NetCity.Common.ObjectModel.Nhibernate.Mail.Message	NetCity.Common.ObjectModel.Nhibernate.Mail.Message	MESSAGES	Sent	SENT	DateTime	property
NetCity.Common.ObjectModel.Nhibernate.Mail.Message	NetCity.Common.ObjectModel.Nhibernate.Mail.Message	MESSAGES	From	FROMID	NetCity.Common.ObjectModel.Nhibernate.Users.User	many-to-one
NetCity.Common.ObjectModel.Nhibernate.Mail.Message	NetCity.Common.ObjectModel.Nhibernate.Mail.Message	MESSAGES	FromSchool	FROMSCHOOLID	NetCity.Common.ObjectModel.Nhibernate.Organizations.School	many-to-one
NetCity.Common.ObjectModel.Nhibernate.MoveDay	NetCity.Common.ObjectModel.Nhibernate.MoveDay	MOVEDAYS	Id	ID	Int32	id
NetCity.Common.ObjectModel.Nhibernate.MoveDay	NetCity.Common.ObjectModel.Nhibernate.MoveDay	MOVEDAYS	Description	DESCRIPTION	AnsiString	property
NetCity.Common.ObjectModel.Nhibernate.MoveDay	NetCity.Common.ObjectModel.Nhibernate.MoveDay	MOVEDAYS	DateFrom	DATEFROM	DateTime	property
NetCity.Common.ObjectModel.Nhibernate.MoveDay	NetCity.Common.ObjectModel.Nhibernate.MoveDay	MOVEDAYS	DateTo	DATETO	DateTime	property
NetCity.Common.ObjectModel.Nhibernate.MoveDay	NetCity.Common.ObjectModel.Nhibernate.MoveDay	MOVEDAYS	Schoolyear	SCHOOLYEARID	NetCity.Common.ObjectModel.Nhibernate.Schoolyear	many-to-one
NetCity.Common.ObjectModel.Nhibernate.Movement.MovDebtPass	NetCity.Common.ObjectModel.Nhibernate.Movement.MovDebtPass	MOV_DEBTPASS	PassDate	PASSDATE	DateTime	property
NetCity.Common.ObjectModel.Nhibernate.Movement.MovDocStudent	NetCity.Common.ObjectModel.Nhibernate.Movement.MovDocStudent	MOV_STUDENTSLIST	Id	ID	Int32	id
NetCity.Common.ObjectModel.Nhibernate.Movement.MovDocStudent	NetCity.Common.ObjectModel.Nhibernate.Movement.MovDocStudent	MOV_STUDENTSLIST	NumOrder	NUMORDER	Int32	property
NetCity.Common.ObjectModel.Nhibernate.Movement.MovDocStudent	NetCity.Common.ObjectModel.Nhibernate.Movement.MovDocStudent	MOV_STUDENTSLIST	EnrollType	ENROLLTYPE	NHibernate.Type.EnumType`1[[NetCity.Common.Enums.Movement.EnrollFromType, NetCity.Common, Version=0.11.30.0, Culture=neutral, PublicKeyToken=ea3eeeb5c070719f]], NHibernate	property
NetCity.Common.ObjectModel.Nhibernate.Movement.MovDocStudent	NetCity.Common.ObjectModel.Nhibernate.Movement.MovDocStudent	MOV_STUDENTSLIST	OutsideType	OUTSIDETYPE	NHibernate.Type.EnumType`1[[NetCity.Common.ObjectModel.Nhibernate.Movement.OutsideType, NetCity.Common, Version=0.11.30.0, Culture=neutral, PublicKeyToken=ea3eeeb5c070719f]], NHibernate	property
NetCity.Common.ObjectModel.Nhibernate.Movement.MovDocStudent	NetCity.Common.ObjectModel.Nhibernate.Movement.MovDocStudent	MOV_STUDENTSLIST	EnrollSourceId	ENROLLSOURCE	AnsiString	property
NetCity.Common.ObjectModel.Nhibernate.Movement.MovDocStudent	NetCity.Common.ObjectModel.Nhibernate.Movement.MovDocStudent	MOV_STUDENTSLIST	SourceMovementId	SOURCEMOVEMENTID	AnsiString	property
NetCity.Common.ObjectModel.Nhibernate.Movement.MovDocStudent	NetCity.Common.ObjectModel.Nhibernate.Movement.MovDocStudent	MOV_STUDENTSLIST	MoveSubDoc	DOCID	NetCity.Common.ObjectModel.Nhibernate.Movement.MoveSubDoc	many-to-one
NetCity.Common.ObjectModel.Nhibernate.Movement.MovDocStudent	NetCity.Common.ObjectModel.Nhibernate.Movement.MovDocStudent	MOV_STUDENTSLIST	DepartEducOrganization	EOID	NetCity.Common.ObjectModel.Nhibernate.Organizations.EducOrganization	many-to-one
NetCity.Common.ObjectModel.Nhibernate.Movement.MovDocStudent	NetCity.Common.ObjectModel.Nhibernate.Movement.MovDocStudent	MOV_STUDENTSLIST	Student	STUDENTID	NetCity.Common.ObjectModel.Nhibernate.Users.Student	many-to-one
NetCity.Common.ObjectModel.Nhibernate.Movement.MovDocStudent	NetCity.Common.ObjectModel.Nhibernate.Movement.MovDocStudent	MOV_STUDENTSLIST	Reason	REASON	NetCity.Common.ObjectModel.Nhibernate.Users.UserParams.UserInfoListItem	many-to-one
NetCity.Common.ObjectModel.Nhibernate.Movement.MoveDoc	NetCity.Common.ObjectModel.Nhibernate.Movement.MoveDoc	MOV_BOOK	Id	DOCID	Int32	id
NetCity.Common.ObjectModel.Nhibernate.Movement.MoveDoc	NetCity.Common.ObjectModel.Nhibernate.Movement.MoveDoc	MOV_BOOK	SubDocs		System.Collections.Generic.ISet`1[[NetCity.Common.ObjectModel.Nhibernate.Movement.MoveSubDoc, NetCity.Common.ObjectModel, Version=5.14.65351.225, Culture=neutral, PublicKeyToken=ea3eeeb5c070719f]](NetCity.Common.ObjectModel.Nhibernate.Movement.MoveDoc.SubDocs)	collection
NetCity.Common.ObjectModel.Nhibernate.Movement.MoveDoc	NetCity.Common.ObjectModel.Nhibernate.Movement.MoveDoc	MOV_BOOK	MoveType	DOCTYPE	NHibernate.Type.EnumType`1[[NetCity.Common.Enums.Movement.MoveDocType, NetCity.Common, Version=0.11.30.0, Culture=neutral, PublicKeyToken=ea3eeeb5c070719f]], NHibernate	property
NetCity.Common.ObjectModel.Nhibernate.Movement.MoveDoc	NetCity.Common.ObjectModel.Nhibernate.Movement.MoveDoc	MOV_BOOK	DocDate	DOCDATE	DateTime	property
NetCity.Common.ObjectModel.Nhibernate.Movement.MoveDoc	NetCity.Common.ObjectModel.Nhibernate.Movement.MoveDoc	MOV_BOOK	AdminDate	ADMINDATE	DateTime	property
NetCity.Common.ObjectModel.Nhibernate.Movement.MoveDoc	NetCity.Common.ObjectModel.Nhibernate.Movement.MoveDoc	MOV_BOOK	DocNumber	DOCNUMBER	AnsiString	property
NetCity.Common.ObjectModel.Nhibernate.Movement.MoveDoc	NetCity.Common.ObjectModel.Nhibernate.Movement.MoveDoc	MOV_BOOK	MbSubType	MBSUBTYPE	Int32	property
NetCity.Common.ObjectModel.Nhibernate.Movement.MoveDoc	NetCity.Common.ObjectModel.Nhibernate.Movement.MoveDoc	MOV_BOOK	Schoolyear	SCHOOLYEARID	NetCity.Common.ObjectModel.Nhibernate.Schoolyear	many-to-one
NetCity.Common.ObjectModel.Nhibernate.Movement.MoveDoc	NetCity.Common.ObjectModel.Nhibernate.Movement.MoveDoc	MOV_BOOK	GlobalYear	GLOBALYEARID	NetCity.Common.ObjectModel.Nhibernate.GlobalYear	many-to-one
NetCity.Common.ObjectModel.Nhibernate.Movement.MoveDoc	NetCity.Common.ObjectModel.Nhibernate.Movement.MoveDoc	MOV_BOOK	EducOrganization	EOID	NetCity.Common.ObjectModel.Nhibernate.Organizations.EducOrganization	many-to-one
NetCity.Common.ObjectModel.Nhibernate.Movement.MovePeriod	NetCity.Common.ObjectModel.Nhibernate.Movement.MovePeriod	MOV_PERIODS	Id	PERIODID	Int32	property
NetCity.Common.ObjectModel.Nhibernate.Movement.MovePeriod	NetCity.Common.ObjectModel.Nhibernate.Movement.MovePeriod	MOV_PERIODS	Status	STATUS	Int32	property
NetCity.Common.ObjectModel.Nhibernate.Movement.MovePeriod	NetCity.Common.ObjectModel.Nhibernate.Movement.MovePeriod	MOV_PERIODS	StartDate	STARTDATE	DateTime	property
NetCity.Common.ObjectModel.Nhibernate.Movement.MovePeriod	NetCity.Common.ObjectModel.Nhibernate.Movement.MovePeriod	MOV_PERIODS	EndDate	ENDDATE	DateTime	property
NetCity.Common.ObjectModel.Nhibernate.Movement.MoveSubDoc	NetCity.Common.ObjectModel.Nhibernate.Movement.MoveSubDoc	MOV_SUBDOCS	Id	SUBDOCID	Int32	id
NetCity.Common.ObjectModel.Nhibernate.Movement.MoveSubDoc	NetCity.Common.ObjectModel.Nhibernate.Movement.MoveSubDoc	MOV_SUBDOCS	Students		System.Collections.Generic.ISet`1[[NetCity.Common.ObjectModel.Nhibernate.Movement.MovDocStudent, NetCity.Common.ObjectModel, Version=5.14.65351.225, Culture=neutral, PublicKeyToken=ea3eeeb5c070719f]](NetCity.Common.ObjectModel.Nhibernate.Movement.MoveSubDoc.Students)	collection
NetCity.Common.ObjectModel.Nhibernate.Movement.MoveSubDoc	NetCity.Common.ObjectModel.Nhibernate.Movement.MoveSubDoc	MOV_SUBDOCS	MovSubDocEsPools		System.Collections.Generic.ISet`1[[NetCity.Common.ObjectModel.Nhibernate.Movement.MovSubDocEsPool, NetCity.Common.ObjectModel, Version=5.14.65351.225, Culture=neutral, PublicKeyToken=ea3eeeb5c070719f]](NetCity.Common.ObjectModel.Nhibernate.Movement.MoveSubDoc.MovSubDocEsPools)	collection
NetCity.Common.ObjectModel.Nhibernate.Movement.MoveSubDoc	NetCity.Common.ObjectModel.Nhibernate.Movement.MoveSubDoc	MOV_SUBDOCS	MovDebtPasses		System.Collections.Generic.ISet`1[[NetCity.Common.ObjectModel.Nhibernate.Movement.MovDebtPass, NetCity.Common.ObjectModel, Version=5.14.65351.225, Culture=neutral, PublicKeyToken=ea3eeeb5c070719f]](NetCity.Common.ObjectModel.Nhibernate.Movement.MoveSubDoc.MovDebtPasses)	collection
NetCity.Common.ObjectModel.Nhibernate.Movement.MoveSubDoc	NetCity.Common.ObjectModel.Nhibernate.Movement.MoveSubDoc	MOV_SUBDOCS	ClassId1	CLASSID1	Int32	property
NetCity.Common.ObjectModel.Nhibernate.Movement.MoveSubDoc	NetCity.Common.ObjectModel.Nhibernate.Movement.MoveSubDoc	MOV_SUBDOCS	ClassId2	CLASSID2	Int32	property
NetCity.Common.ObjectModel.Nhibernate.Movement.MoveSubDoc	NetCity.Common.ObjectModel.Nhibernate.Movement.MoveSubDoc	MOV_SUBDOCS	MoveDoc	DOCID	NetCity.Common.ObjectModel.Nhibernate.Movement.MoveDoc	many-to-one
NetCity.Common.ObjectModel.Nhibernate.Movement.MoveSubDoc	NetCity.Common.ObjectModel.Nhibernate.Movement.MoveSubDoc	MOV_SUBDOCS	Class1	CLASSID1	NetCity.Common.ObjectModel.Nhibernate.Classes.Class	many-to-one
NetCity.Common.ObjectModel.Nhibernate.Movement.MoveSubDoc	NetCity.Common.ObjectModel.Nhibernate.Movement.MoveSubDoc	MOV_SUBDOCS	Class2	CLASSID2	NetCity.Common.ObjectModel.Nhibernate.Classes.Class	many-to-one
NetCity.Common.ObjectModel.Nhibernate.Movement.MovPoolStudentEs	NetCity.Common.ObjectModel.Nhibernate.Movement.MovPoolStudentEs	MOV_POOLSTUDENTS_ES	Certificate	CERTIFICATE	AnsiString	property
NetCity.Common.ObjectModel.Nhibernate.Movement.MovPoolStudentEs	NetCity.Common.ObjectModel.Nhibernate.Movement.MovPoolStudentEs	MOV_POOLSTUDENTS_ES	Agemonthmin	AGEMONTHMIN	Int32	property
NetCity.Common.ObjectModel.Nhibernate.Movement.MovPoolStudentEs	NetCity.Common.ObjectModel.Nhibernate.Movement.MovPoolStudentEs	MOV_POOLSTUDENTS_ES	Grouptypeid	GROUPTYPEID	Int32	property
NetCity.Common.ObjectModel.Nhibernate.Movement.MovPoolStudentEs	NetCity.Common.ObjectModel.Nhibernate.Movement.MovPoolStudentEs	MOV_POOLSTUDENTS_ES	Agemonthmax	AGEMONTHMAX	Int32	property
NetCity.Common.ObjectModel.Nhibernate.Movement.MovPoolStudentEs	NetCity.Common.ObjectModel.Nhibernate.Movement.MovPoolStudentEs	MOV_POOLSTUDENTS_ES	Grade	GRADE	Int32	property
NetCity.Common.ObjectModel.Nhibernate.Movement.MovPoolStudentEs	NetCity.Common.ObjectModel.Nhibernate.Movement.MovPoolStudentEs	MOV_POOLSTUDENTS_ES	Classname	CLASSNAME	AnsiString	property
NetCity.Common.ObjectModel.Nhibernate.Movement.MovPoolStudentEs	NetCity.Common.ObjectModel.Nhibernate.Movement.MovPoolStudentEs	MOV_POOLSTUDENTS_ES	IsBusy	BUSY	Boolean	property
NetCity.Common.ObjectModel.Nhibernate.Movement.MovPoolStudentEs	NetCity.Common.ObjectModel.Nhibernate.Movement.MovPoolStudentEs	MOV_POOLSTUDENTS_ES	Yearnumber	YEARNUMBER	Int32	property
NetCity.Common.ObjectModel.Nhibernate.Movement.MovPoolStudentEs	NetCity.Common.ObjectModel.Nhibernate.Movement.MovPoolStudentEs	MOV_POOLSTUDENTS_ES	School	SCHOOLID	NetCity.Common.ObjectModel.Nhibernate.Organizations.School	many-to-one
NetCity.Common.ObjectModel.Nhibernate.Movement.MovPoolStudentEs	NetCity.Common.ObjectModel.Nhibernate.Movement.MovPoolStudentEs	MOV_POOLSTUDENTS_ES	FromSchool	FROMSCHOOLID	NetCity.Common.ObjectModel.Nhibernate.Organizations.School	many-to-one
NetCity.Common.ObjectModel.Nhibernate.Movement.MovPoolStudent	NetCity.Common.ObjectModel.Nhibernate.Movement.MovPoolStudent	MOV_POOLSTUDENTS	Id	ID	Int32	id
NetCity.Common.ObjectModel.Nhibernate.Movement.MovPoolStudent	NetCity.Common.ObjectModel.Nhibernate.Movement.MovPoolStudent	MOV_POOLSTUDENTS	Grade	GRADE	Int32	property
NetCity.Common.ObjectModel.Nhibernate.Movement.MovPoolStudent	NetCity.Common.ObjectModel.Nhibernate.Movement.MovPoolStudent	MOV_POOLSTUDENTS	Locked	LOCKED	YesNoWhenInt	property
NetCity.Common.ObjectModel.Nhibernate.Movement.MovPoolStudent	NetCity.Common.ObjectModel.Nhibernate.Movement.MovPoolStudent	MOV_POOLSTUDENTS	Doc	DOCID	NetCity.Common.ObjectModel.Nhibernate.Movement.MoveSubDoc	many-to-one
NetCity.Common.ObjectModel.Nhibernate.Movement.MovPoolStudent	NetCity.Common.ObjectModel.Nhibernate.Movement.MovPoolStudent	MOV_POOLSTUDENTS	Student	STUDENTID	NetCity.Common.ObjectModel.Nhibernate.Users.Student	many-to-one
NetCity.Common.ObjectModel.Nhibernate.Movement.MovPoolStudent	NetCity.Common.ObjectModel.Nhibernate.Movement.MovPoolStudent	MOV_POOLSTUDENTS	SchoolId	SCHOOLID	NetCity.Common.ObjectModel.Nhibernate.Organizations.School	many-to-one
NetCity.Common.ObjectModel.Nhibernate.Movement.MovPoolStudent	NetCity.Common.ObjectModel.Nhibernate.Movement.MovPoolStudent	MOV_POOLSTUDENTS	Schoolyear	SYID	NetCity.Common.ObjectModel.Nhibernate.Schoolyear	many-to-one
NetCity.Common.ObjectModel.Nhibernate.Movement.MovPoolStudent	NetCity.Common.ObjectModel.Nhibernate.Movement.MovPoolStudent	MOV_POOLSTUDENTS	PoolCategory	CATEGORYID	NetCity.Common.ObjectModel.Nhibernate.Movement.PoolCategory	many-to-one
NetCity.Common.ObjectModel.Nhibernate.Movement.MovPoolStudentNa	NetCity.Common.ObjectModel.Nhibernate.Movement.MovPoolStudentNa	MOV_POOLSTUDENTS_NA	Id	ID	Int32	id
NetCity.Common.ObjectModel.Nhibernate.Movement.MovPoolStudentNa	NetCity.Common.ObjectModel.Nhibernate.Movement.MovPoolStudentNa	MOV_POOLSTUDENTS_NA	Grade	GRADE	Int32	property
NetCity.Common.ObjectModel.Nhibernate.Movement.MovPoolStudentNa	NetCity.Common.ObjectModel.Nhibernate.Movement.MovPoolStudentNa	MOV_POOLSTUDENTS_NA	ReasonId	REASONID	NHibernate.Type.EnumType`1[[NetCity.Common.Enums.NotAvailableReasons, NetCity.Common, Version=0.11.30.0, Culture=neutral, PublicKeyToken=ea3eeeb5c070719f]], NHibernate	property
NetCity.Common.ObjectModel.Nhibernate.Movement.MovPoolStudentNa	NetCity.Common.ObjectModel.Nhibernate.Movement.MovPoolStudentNa	MOV_POOLSTUDENTS_NA	Doc	DOCID	NetCity.Common.ObjectModel.Nhibernate.Movement.MoveSubDoc	many-to-one
NetCity.Common.ObjectModel.Nhibernate.Movement.MovPoolStudentNa	NetCity.Common.ObjectModel.Nhibernate.Movement.MovPoolStudentNa	MOV_POOLSTUDENTS_NA	Student	STUDENTID	NetCity.Common.ObjectModel.Nhibernate.Users.Student	many-to-one
NetCity.Common.ObjectModel.Nhibernate.Movement.MovPoolStudentNa	NetCity.Common.ObjectModel.Nhibernate.Movement.MovPoolStudentNa	MOV_POOLSTUDENTS_NA	SchoolId	SCHOOLID	NetCity.Common.ObjectModel.Nhibernate.Organizations.School	many-to-one
NetCity.Common.ObjectModel.Nhibernate.Movement.MovPoolStudentNa	NetCity.Common.ObjectModel.Nhibernate.Movement.MovPoolStudentNa	MOV_POOLSTUDENTS_NA	Schoolyear	SYID	NetCity.Common.ObjectModel.Nhibernate.Schoolyear	many-to-one
NetCity.Common.ObjectModel.Nhibernate.Movement.MovPoolStudentNa	NetCity.Common.ObjectModel.Nhibernate.Movement.MovPoolStudentNa	MOV_POOLSTUDENTS_NA	PoolCategory	CATEGORYID	NetCity.Common.ObjectModel.Nhibernate.Movement.PoolCategory	many-to-one
NetCity.Common.ObjectModel.Nhibernate.Movement.MovSubDocEsPool	NetCity.Common.ObjectModel.Nhibernate.Movement.MovSubDocEsPool	MOV_SUBDOCS_ESPOOL	InquiryNumber	INQUIRYNUMBER	AnsiString	property
NetCity.Common.ObjectModel.Nhibernate.Movement.NonClassYearStudents	NetCity.Common.ObjectModel.Nhibernate.Movement.NonClassYearStudents	NONCLASSYEARSTUDENTS	Grade	GRADE	Int32	property
NetCity.Common.ObjectModel.Nhibernate.Movement.PoolCategory	NetCity.Common.ObjectModel.Nhibernate.Movement.PoolCategory	POOL_CATEGORIES	Id	CATEGORYID	Int32	id
NetCity.Common.ObjectModel.Nhibernate.Movement.PoolCategory	NetCity.Common.ObjectModel.Nhibernate.Movement.PoolCategory	POOL_CATEGORIES	CategoryName	CATEGORYNAME	AnsiString	property
NetCity.Common.ObjectModel.Nhibernate.Movement.PoolCategory	NetCity.Common.ObjectModel.Nhibernate.Movement.PoolCategory	POOL_CATEGORIES	ReportName	REPORTNAME	AnsiString	property
NetCity.Common.ObjectModel.Nhibernate.Movement.PoolCategory	NetCity.Common.ObjectModel.Nhibernate.Movement.PoolCategory	POOL_CATEGORIES	ReprotSort	REPORTSORT	Int32	property
NetCity.Common.ObjectModel.Nhibernate.Movement.MovReturnToPool	NetCity.Common.ObjectModel.Nhibernate.Movement.MovReturnToPool	MOV_RETURNTOPOOL	DocId2	DOCID2	Int32	property
NetCity.Common.ObjectModel.Nhibernate.Movement.MovReturnToPool	NetCity.Common.ObjectModel.Nhibernate.Movement.MovReturnToPool	MOV_RETURNTOPOOL	OldSchoolId	OLDSCHOOLID	Int32	property
NetCity.Common.ObjectModel.Nhibernate.Movement.MovReturnToPool	NetCity.Common.ObjectModel.Nhibernate.Movement.MovReturnToPool	MOV_RETURNTOPOOL	OldSchoolYearId	OLDSYID	Int32	property
NetCity.Common.ObjectModel.Nhibernate.Movement.MovReturnToPool	NetCity.Common.ObjectModel.Nhibernate.Movement.MovReturnToPool	MOV_RETURNTOPOOL	PoolCategory	CATEGORYID	NetCity.Common.ObjectModel.Nhibernate.Movement.PoolCategory	many-to-one
NetCity.Common.ObjectModel.Nhibernate.Users.NonClassStudRange	NetCity.Common.ObjectModel.Nhibernate.Users.NonClassStudRange	NONCLASS_STUD_RANGES	Id	ID	Int32	id
NetCity.Common.ObjectModel.Nhibernate.Users.NonClassStudRange	NetCity.Common.ObjectModel.Nhibernate.Users.NonClassStudRange	NONCLASS_STUD_RANGES	Grade	GRADE	Int32	property
NetCity.Common.ObjectModel.Nhibernate.Users.NonClassStudRange	NetCity.Common.ObjectModel.Nhibernate.Users.NonClassStudRange	NONCLASS_STUD_RANGES	Student	STUDENTID	NetCity.Common.ObjectModel.Nhibernate.Users.Student	many-to-one
NetCity.Common.ObjectModel.Nhibernate.Users.NonClassStudRange	NetCity.Common.ObjectModel.Nhibernate.Users.NonClassStudRange	NONCLASS_STUD_RANGES	DateRange	DateRangeId	NetCity.Common.ObjectModel.Nhibernate.Users.DateRange	many-to-one
NetCity.Common.ObjectModel.Nhibernate.OlympSubject	NetCity.Common.ObjectModel.Nhibernate.OlympSubject	OLYMP_SUBJECTS	Id	ID	Int32	id
NetCity.Common.ObjectModel.Nhibernate.OlympSubject	NetCity.Common.ObjectModel.Nhibernate.OlympSubject	OLYMP_SUBJECTS	AwardEvents		System.Collections.Generic.ISet`1[[NetCity.Common.ObjectModel.Nhibernate.Events.AwardEvent, NetCity.Common.ObjectModel, Version=5.14.65351.225, Culture=neutral, PublicKeyToken=ea3eeeb5c070719f]](NetCity.Common.ObjectModel.Nhibernate.OlympSubject.AwardEvents)	collection
NetCity.Common.ObjectModel.Nhibernate.OlympSubject	NetCity.Common.ObjectModel.Nhibernate.OlympSubject	OLYMP_SUBJECTS	OlympPassRates		System.Collections.Generic.ISet`1[[NetCity.Common.ObjectModel.Nhibernate.Events.OlympPassRate, NetCity.Common.ObjectModel, Version=5.14.65351.225, Culture=neutral, PublicKeyToken=ea3eeeb5c070719f]](NetCity.Common.ObjectModel.Nhibernate.OlympSubject.OlympPassRates)	collection
NetCity.Common.ObjectModel.Nhibernate.OlympSubject	NetCity.Common.ObjectModel.Nhibernate.OlympSubject	OLYMP_SUBJECTS	Name	SUBJECTNAME	AnsiString	property
NetCity.Common.ObjectModel.Nhibernate.Organizations.EmCertificateSettings	NetCity.Common.ObjectModel.Nhibernate.Organizations.EmCertificateSettings	EM_CERTIFICATESSETTINGS	Id	ID	Int32	id
NetCity.Common.ObjectModel.Nhibernate.Organizations.EmCertificateSettings	NetCity.Common.ObjectModel.Nhibernate.Organizations.EmCertificateSettings	EM_CERTIFICATESSETTINGS	MinCertifiateStudentAge	MIN_STUDENT_AGE	Int32	property
NetCity.Common.ObjectModel.Nhibernate.Organizations.EmCertificateSettings	NetCity.Common.ObjectModel.Nhibernate.Organizations.EmCertificateSettings	EM_CERTIFICATESSETTINGS	ParentApplicationBlankName	PARENT_BLANK_NAME	AnsiString	property
NetCity.Common.ObjectModel.Nhibernate.Organizations.EmCertificateSettings	NetCity.Common.ObjectModel.Nhibernate.Organizations.EmCertificateSettings	EM_CERTIFICATESSETTINGS	ParentApplicationBlankFile	PARENT_BLANK_FILE	BinaryBlob	property
NetCity.Common.ObjectModel.Nhibernate.Organizations.EmCertificateSettings	NetCity.Common.ObjectModel.Nhibernate.Organizations.EmCertificateSettings	EM_CERTIFICATESSETTINGS	StudentApplicationBlankName	STUDENT_BLANK_NAME	AnsiString	property
NetCity.Common.ObjectModel.Nhibernate.Organizations.EmCertificateSettings	NetCity.Common.ObjectModel.Nhibernate.Organizations.EmCertificateSettings	EM_CERTIFICATESSETTINGS	StudentApplicationBlankFile	STUDENT_BLANK_FILE	BinaryBlob	property
NetCity.Common.ObjectModel.Nhibernate.Organizations.EmCertificateSettings	NetCity.Common.ObjectModel.Nhibernate.Organizations.EmCertificateSettings	EM_CERTIFICATESSETTINGS	EducManagement	EMID	NetCity.Common.ObjectModel.Nhibernate.Organizations.EducManagement	many-to-one
NetCity.Common.ObjectModel.Nhibernate.Organizations.EmInfo	NetCity.Common.ObjectModel.Nhibernate.Organizations.EmInfo	EM_INFO	Info	INFO	AnsiString	property
NetCity.Common.ObjectModel.Nhibernate.Organizations.EmInfoParameter	NetCity.Common.ObjectModel.Nhibernate.Organizations.EmInfoParameter	EM_INFOPARAMS	Id	PARAMID	Int32	id
NetCity.Common.ObjectModel.Nhibernate.Organizations.EmInfoParameter	NetCity.Common.ObjectModel.Nhibernate.Organizations.EmInfoParameter	EM_INFOPARAMS	Name	NAME	AnsiString	property
NetCity.Common.ObjectModel.Nhibernate.Organizations.EmInfoParameter	NetCity.Common.ObjectModel.Nhibernate.Organizations.EmInfoParameter	EM_INFOPARAMS	Ptype	PTYPE	AnsiString	property
NetCity.Common.ObjectModel.Nhibernate.Organizations.ProjectTypeForSchool	NetCity.Common.ObjectModel.Nhibernate.Organizations.ProjectTypeForSchool	SCHOOLPROJECTTYPES	Id	ID	Int32	id
NetCity.Common.ObjectModel.Nhibernate.Organizations.ProjectTypeForSchool	NetCity.Common.ObjectModel.Nhibernate.Organizations.ProjectTypeForSchool	SCHOOLPROJECTTYPES	Name	NAME	AnsiString	property
NetCity.Common.ObjectModel.Nhibernate.Organizations.ProjectTypeForSchool	NetCity.Common.ObjectModel.Nhibernate.Organizations.ProjectTypeForSchool	SCHOOLPROJECTTYPES	IsSystem	ISSYSTEM	Boolean	property
NetCity.Common.ObjectModel.Nhibernate.ParentPay.ParentPayAttendance	NetCity.Common.ObjectModel.Nhibernate.ParentPay.ParentPayAttendance	PARENTPAY_ATTENDANCE	Id	ID	Int32	id
NetCity.Common.ObjectModel.Nhibernate.ParentPay.ParentPayAttendance	NetCity.Common.ObjectModel.Nhibernate.ParentPay.ParentPayAttendance	PARENTPAY_ATTENDANCE	Count	ATTENDCOUNT	Int32	property
NetCity.Common.ObjectModel.Nhibernate.ParentPay.ParentPayAttendance	NetCity.Common.ObjectModel.Nhibernate.ParentPay.ParentPayAttendance	PARENTPAY_ATTENDANCE	NumOrder	NUMORDER	Int32	property
NetCity.Common.ObjectModel.Nhibernate.ParentPay.ParentPayAttendance	NetCity.Common.ObjectModel.Nhibernate.ParentPay.ParentPayAttendance	PARENTPAY_ATTENDANCE	Pay	PAYID	NetCity.Common.ObjectModel.Nhibernate.ParentPay.ParentPay	many-to-one
NetCity.Common.ObjectModel.Nhibernate.ParentPay.ParentPayAttendance	NetCity.Common.ObjectModel.Nhibernate.ParentPay.ParentPayAttendance	PARENTPAY_ATTENDANCE	Norm	NORMID	NetCity.Common.ObjectModel.Nhibernate.ParentPay.PayNorm	many-to-one
NetCity.Common.ObjectModel.Nhibernate.ParentPay.ParentPayInit	NetCity.Common.ObjectModel.Nhibernate.ParentPay.ParentPayInit	PARENTPAY_INIT	Debt	DEBT	Decimal	property
NetCity.Common.ObjectModel.Nhibernate.ParentPay.ParentPay	NetCity.Common.ObjectModel.Nhibernate.ParentPay.ParentPay	PARENTPAY	Id	PAYID	Int32	id
NetCity.Common.ObjectModel.Nhibernate.ParentPay.ParentPay	NetCity.Common.ObjectModel.Nhibernate.ParentPay.ParentPay	PARENTPAY	PayAttendance		System.Collections.Generic.ISet`1[[NetCity.Common.ObjectModel.Nhibernate.ParentPay.ParentPayAttendance, NetCity.Common.ObjectModel, Version=5.14.65351.225, Culture=neutral, PublicKeyToken=ea3eeeb5c070719f]](NetCity.Common.ObjectModel.Nhibernate.ParentPay.ParentPay.PayAttendance)	collection
NetCity.Common.ObjectModel.Nhibernate.ParentPay.ParentPay	NetCity.Common.ObjectModel.Nhibernate.ParentPay.ParentPay	PARENTPAY	StartMonth	STARTMONTH	DateTime	property
NetCity.Common.ObjectModel.Nhibernate.ParentPay.ParentPay	NetCity.Common.ObjectModel.Nhibernate.ParentPay.ParentPay	PARENTPAY	NumMonth	NUMMONTH	Int32	property
NetCity.Common.ObjectModel.Nhibernate.ParentPay.ParentPay	NetCity.Common.ObjectModel.Nhibernate.ParentPay.ParentPay	PARENTPAY	OutDebt	OUTDEBT	Int32	property
NetCity.Common.ObjectModel.Nhibernate.ParentPay.ParentPay	NetCity.Common.ObjectModel.Nhibernate.ParentPay.ParentPay	PARENTPAY	ToPay	TOPAY	Decimal	property
NetCity.Common.ObjectModel.Nhibernate.ParentPay.ParentPay	NetCity.Common.ObjectModel.Nhibernate.ParentPay.ParentPay	PARENTPAY	PayVal	PAYVAL	Decimal	property
NetCity.Common.ObjectModel.Nhibernate.ParentPay.ParentPay	NetCity.Common.ObjectModel.Nhibernate.ParentPay.ParentPay	PARENTPAY	Content	CONTENT	Decimal	property
NetCity.Common.ObjectModel.Nhibernate.ParentPay.ParentPay	NetCity.Common.ObjectModel.Nhibernate.ParentPay.ParentPay	PARENTPAY	Debt	DEBT	Decimal	property
NetCity.Common.ObjectModel.Nhibernate.ParentPay.ParentPay	NetCity.Common.ObjectModel.Nhibernate.ParentPay.ParentPay	PARENTPAY	Corrections	CORRECTION	Decimal	property
NetCity.Common.ObjectModel.Nhibernate.ParentPay.ParentPay	NetCity.Common.ObjectModel.Nhibernate.ParentPay.ParentPay	PARENTPAY	Compens	COMPENS	Decimal	property
NetCity.Common.ObjectModel.Nhibernate.ParentPay.ParentPay	NetCity.Common.ObjectModel.Nhibernate.ParentPay.ParentPay	PARENTPAY	Schoolyear	SCHOOLYEARID	NetCity.Common.ObjectModel.Nhibernate.Schoolyear	many-to-one
NetCity.Common.ObjectModel.Nhibernate.ParentPay.ParentPay	NetCity.Common.ObjectModel.Nhibernate.ParentPay.ParentPay	PARENTPAY	Student	STUDENTID	NetCity.Common.ObjectModel.Nhibernate.Users.Student	many-to-one
NetCity.Common.ObjectModel.Nhibernate.ParentPay.ParentPay	NetCity.Common.ObjectModel.Nhibernate.ParentPay.ParentPay	PARENTPAY	Parent	PARENTID	NetCity.Common.ObjectModel.Nhibernate.Users.User	many-to-one
NetCity.Common.ObjectModel.Nhibernate.ParentPay.ParentPayRecord	NetCity.Common.ObjectModel.Nhibernate.ParentPay.ParentPayRecord	PARENTPAYRECORDS	Id	ID	Int32	id
NetCity.Common.ObjectModel.Nhibernate.ParentPay.ParentPayRecord	NetCity.Common.ObjectModel.Nhibernate.ParentPay.ParentPayRecord	PARENTPAYRECORDS	Students		System.Collections.Generic.ISet`1[[NetCity.Common.ObjectModel.Nhibernate.ParentPay.ParentPayRecordStudent, NetCity.Common.ObjectModel, Version=5.14.65351.225, Culture=neutral, PublicKeyToken=ea3eeeb5c070719f]](NetCity.Common.ObjectModel.Nhibernate.ParentPay.ParentPayRecord.Students)	collection
NetCity.Common.ObjectModel.Nhibernate.ParentPay.ParentPayRecord	NetCity.Common.ObjectModel.Nhibernate.ParentPay.ParentPayRecord	PARENTPAYRECORDS	PayNumber	PAYNUMBER	AnsiString	property
NetCity.Common.ObjectModel.Nhibernate.ParentPay.ParentPayRecord	NetCity.Common.ObjectModel.Nhibernate.ParentPay.ParentPayRecord	PARENTPAYRECORDS	AccountNumber	ACCOUNTNUMBER	AnsiString	property
NetCity.Common.ObjectModel.Nhibernate.ParentPay.ParentPayRecord	NetCity.Common.ObjectModel.Nhibernate.ParentPay.ParentPayRecord	PARENTPAYRECORDS	ChildFio	CHILDFIO	AnsiString	property
NetCity.Common.ObjectModel.Nhibernate.ParentPay.ParentPayRecord	NetCity.Common.ObjectModel.Nhibernate.ParentPay.ParentPayRecord	PARENTPAYRECORDS	PayDate	PAYDATE	DateTime	property
NetCity.Common.ObjectModel.Nhibernate.ParentPay.ParentPayRecord	NetCity.Common.ObjectModel.Nhibernate.ParentPay.ParentPayRecord	PARENTPAYRECORDS	PayOrg	PAYORG	AnsiString	property
NetCity.Common.ObjectModel.Nhibernate.ParentPay.ParentPayRecord	NetCity.Common.ObjectModel.Nhibernate.ParentPay.ParentPayRecord	PARENTPAYRECORDS	PayInfo	PAYINFO	AnsiString	property
NetCity.Common.ObjectModel.Nhibernate.ParentPay.ParentPayRecord	NetCity.Common.ObjectModel.Nhibernate.ParentPay.ParentPayRecord	PARENTPAYRECORDS	Pay	PAY	Decimal	property
NetCity.Common.ObjectModel.Nhibernate.ParentPay.ParentPayRecord	NetCity.Common.ObjectModel.Nhibernate.ParentPay.ParentPayRecord	PARENTPAYRECORDS	Inn	INN	AnsiString	property
NetCity.Common.ObjectModel.Nhibernate.ParentPay.ParentPayRecord	NetCity.Common.ObjectModel.Nhibernate.ParentPay.ParentPayRecord	PARENTPAYRECORDS	Oktmo	OKTMO	AnsiString	property
NetCity.Common.ObjectModel.Nhibernate.ParentPay.ParentPayRecord	NetCity.Common.ObjectModel.Nhibernate.ParentPay.ParentPayRecord	PARENTPAYRECORDS	ParseError	PARSEERROR	NHibernate.Type.EnumType`1[[NetCity.Common.ObjectModel.Nhibernate.ParentPay.PayRecordParseError, NetCity.Common.ObjectModel, Version=5.14.65351.225, Culture=neutral, PublicKeyToken=ea3eeeb5c070719f]], NHibernate	property
NetCity.Common.ObjectModel.Nhibernate.ParentPay.ParentPayRecord	NetCity.Common.ObjectModel.Nhibernate.ParentPay.ParentPayRecord	PARENTPAYRECORDS	School	SCHOOLID	NetCity.Common.ObjectModel.Nhibernate.Organizations.School	many-to-one
NetCity.Common.ObjectModel.Nhibernate.ParentPay.ParentPayRecordStudent	NetCity.Common.ObjectModel.Nhibernate.ParentPay.ParentPayRecordStudent	PARENTPAYRECORDSSTUDENTS	Id	ID	Int32	id
NetCity.Common.ObjectModel.Nhibernate.ParentPay.ParentPayRecordStudent	NetCity.Common.ObjectModel.Nhibernate.ParentPay.ParentPayRecordStudent	PARENTPAYRECORDSSTUDENTS	RelationType	RELATIONTYPE	NHibernate.Type.EnumType`1[[NetCity.Common.ObjectModel.Nhibernate.ParentPay.PayRecordRelationType, NetCity.Common.ObjectModel, Version=5.14.65351.225, Culture=neutral, PublicKeyToken=ea3eeeb5c070719f]], NHibernate	property
NetCity.Common.ObjectModel.Nhibernate.ParentPay.ParentPayRecordStudent	NetCity.Common.ObjectModel.Nhibernate.ParentPay.ParentPayRecordStudent	PARENTPAYRECORDSSTUDENTS	Student	STUDENTID	NetCity.Common.ObjectModel.Nhibernate.Users.Student	many-to-one
NetCity.Common.ObjectModel.Nhibernate.ParentPay.ParentPayRecordStudent	NetCity.Common.ObjectModel.Nhibernate.ParentPay.ParentPayRecordStudent	PARENTPAYRECORDSSTUDENTS	PayRecord	PAYRECORDID	NetCity.Common.ObjectModel.Nhibernate.ParentPay.ParentPayRecord	many-to-one
NetCity.Common.ObjectModel.Nhibernate.ParentPay.PayNormDecree	NetCity.Common.ObjectModel.Nhibernate.ParentPay.PayNormDecree	DOUPAYNORMS	Id	PAYNORMID	Int32	id
NetCity.Common.ObjectModel.Nhibernate.ParentPay.PayNormDecree	NetCity.Common.ObjectModel.Nhibernate.ParentPay.PayNormDecree	DOUPAYNORMS	PayNorms		System.Collections.Generic.ISet`1[[NetCity.Common.ObjectModel.Nhibernate.ParentPay.PayNorm, NetCity.Common.ObjectModel, Version=5.14.65351.225, Culture=neutral, PublicKeyToken=ea3eeeb5c070719f]](NetCity.Common.ObjectModel.Nhibernate.ParentPay.PayNormDecree.PayNorms)	collection
NetCity.Common.ObjectModel.Nhibernate.ParentPay.PayNormDecree	NetCity.Common.ObjectModel.Nhibernate.ParentPay.PayNormDecree	DOUPAYNORMS	Title	PAYNORMTITLE	AnsiString	property
NetCity.Common.ObjectModel.Nhibernate.ParentPay.PayNormDecree	NetCity.Common.ObjectModel.Nhibernate.ParentPay.PayNormDecree	DOUPAYNORMS	StartDate	STARTDATE	DateTime	property
NetCity.Common.ObjectModel.Nhibernate.ParentPay.PayNormDecree	NetCity.Common.ObjectModel.Nhibernate.ParentPay.PayNormDecree	DOUPAYNORMS	EducManagement	EMID	NetCity.Common.ObjectModel.Nhibernate.Organizations.EducManagement	many-to-one
NetCity.Common.ObjectModel.Nhibernate.ParentPay.PayNorm	NetCity.Common.ObjectModel.Nhibernate.ParentPay.PayNorm	PAYNORMS	Id	NORMID	Int32	id
NetCity.Common.ObjectModel.Nhibernate.ParentPay.PayNorm	NetCity.Common.ObjectModel.Nhibernate.ParentPay.PayNorm	PAYNORMS	ParentPayAttendances		System.Collections.Generic.ISet`1[[NetCity.Common.ObjectModel.Nhibernate.ParentPay.ParentPayAttendance, NetCity.Common.ObjectModel, Version=5.14.65351.225, Culture=neutral, PublicKeyToken=ea3eeeb5c070719f]](NetCity.Common.ObjectModel.Nhibernate.ParentPay.PayNorm.ParentPayAttendances)	collection
NetCity.Common.ObjectModel.Nhibernate.ParentPay.PayNorm	NetCity.Common.ObjectModel.Nhibernate.ParentPay.PayNorm	PAYNORMS	Abbrev	ABBREV	AnsiString	property
NetCity.Common.ObjectModel.Nhibernate.ParentPay.PayNorm	NetCity.Common.ObjectModel.Nhibernate.ParentPay.PayNorm	PAYNORMS	Comment	COMMENT	AnsiString	property
NetCity.Common.ObjectModel.Nhibernate.ParentPay.PayNorm	NetCity.Common.ObjectModel.Nhibernate.ParentPay.PayNorm	PAYNORMS	NormValue	NORMVAL	Decimal	property
NetCity.Common.ObjectModel.Nhibernate.ParentPay.PayNorm	NetCity.Common.ObjectModel.Nhibernate.ParentPay.PayNorm	PAYNORMS	AverageValue	AVERVAL	Decimal	property
NetCity.Common.ObjectModel.Nhibernate.ParentPay.PayNorm	NetCity.Common.ObjectModel.Nhibernate.ParentPay.PayNorm	PAYNORMS	NoAttendance	NOATTENDANCE	Boolean	property
NetCity.Common.ObjectModel.Nhibernate.ParentPay.PayNorm	NetCity.Common.ObjectModel.Nhibernate.ParentPay.PayNorm	PAYNORMS	Decree	PAYNORMID	NetCity.Common.ObjectModel.Nhibernate.ParentPay.PayNormDecree	many-to-one
NetCity.Common.ObjectModel.Nhibernate.ParentSubject	NetCity.Common.ObjectModel.Nhibernate.ParentSubject	PARENTSUBJECTS	Id	PSUBJECTID	Int32	id
NetCity.Common.ObjectModel.Nhibernate.ParentSubject	NetCity.Common.ObjectModel.Nhibernate.ParentSubject	PARENTSUBJECTS	Subjects		System.Collections.Generic.ISet`1[[NetCity.Common.ObjectModel.Nhibernate.Subject, NetCity.Common.ObjectModel, Version=5.14.65351.225, Culture=neutral, PublicKeyToken=ea3eeeb5c070719f]](NetCity.Common.ObjectModel.Nhibernate.ParentSubject.Subjects)	collection
NetCity.Common.ObjectModel.Nhibernate.ParentSubject	NetCity.Common.ObjectModel.Nhibernate.ParentSubject	PARENTSUBJECTS	Name	PSUBJECTNAME	AnsiString	property
NetCity.Common.ObjectModel.Nhibernate.ParentSubject	NetCity.Common.ObjectModel.Nhibernate.ParentSubject	PARENTSUBJECTS	Abbr	ABBR	AnsiString	property
NetCity.Common.ObjectModel.Nhibernate.ParentSubject	NetCity.Common.ObjectModel.Nhibernate.ParentSubject	PARENTSUBJECTS	School	SCHOOLID	NetCity.Common.ObjectModel.Nhibernate.Organizations.School	many-to-one
NetCity.Common.ObjectModel.Nhibernate.Portfolio.DefaultPortfolioGroup	NetCity.Common.ObjectModel.Nhibernate.Portfolio.DefaultPortfolioGroup	DEFAULTPORTFOLIOGROUPS	Id	GROUPID	Int32	id
NetCity.Common.ObjectModel.Nhibernate.Portfolio.DefaultPortfolioGroup	NetCity.Common.ObjectModel.Nhibernate.Portfolio.DefaultPortfolioGroup	DEFAULTPORTFOLIOGROUPS	ChildGroups		System.Collections.Generic.HashSet`1[[NetCity.Common.ObjectModel.Nhibernate.Portfolio.DefaultPortfolioGroup, NetCity.Common.ObjectModel, Version=5.14.65351.225, Culture=neutral, PublicKeyToken=ea3eeeb5c070719f]](NetCity.Common.ObjectModel.Nhibernate.Portfolio.DefaultPortfolioGroup.ChildGroups)	collection
NetCity.Common.ObjectModel.Nhibernate.Portfolio.DefaultPortfolioGroup	NetCity.Common.ObjectModel.Nhibernate.Portfolio.DefaultPortfolioGroup	DEFAULTPORTFOLIOGROUPS	AllChildGroups		System.Collections.Generic.ISet`1[[NetCity.Common.ObjectModel.Nhibernate.Portfolio.DefaultPortfolioGroupTreeInfo, NetCity.Common.ObjectModel, Version=5.14.65351.225, Culture=neutral, PublicKeyToken=ea3eeeb5c070719f]](NetCity.Common.ObjectModel.Nhibernate.Portfolio.DefaultPortfolioGroup.AllChildGroups)	collection
NetCity.Common.ObjectModel.Nhibernate.Portfolio.DefaultPortfolioGroup	NetCity.Common.ObjectModel.Nhibernate.Portfolio.DefaultPortfolioGroup	DEFAULTPORTFOLIOGROUPS	AllParentGroup		System.Collections.Generic.ISet`1[[NetCity.Common.ObjectModel.Nhibernate.Portfolio.DefaultPortfolioGroupTreeInfo, NetCity.Common.ObjectModel, Version=5.14.65351.225, Culture=neutral, PublicKeyToken=ea3eeeb5c070719f]](NetCity.Common.ObjectModel.Nhibernate.Portfolio.DefaultPortfolioGroup.AllParentGroup)	collection
NetCity.Common.ObjectModel.Nhibernate.Portfolio.DefaultPortfolioGroup	NetCity.Common.ObjectModel.Nhibernate.Portfolio.DefaultPortfolioGroup	DEFAULTPORTFOLIOGROUPS	Name	GROUPNAME	AnsiString	property
NetCity.Common.ObjectModel.Nhibernate.Portfolio.DefaultPortfolioGroup	NetCity.Common.ObjectModel.Nhibernate.Portfolio.DefaultPortfolioGroup	DEFAULTPORTFOLIOGROUPS	Order	GROUPORDER	Int32	property
NetCity.Common.ObjectModel.Nhibernate.Portfolio.DefaultPortfolioGroup	NetCity.Common.ObjectModel.Nhibernate.Portfolio.DefaultPortfolioGroup	DEFAULTPORTFOLIOGROUPS	ParentGroup	PARENTID	NetCity.Common.ObjectModel.Nhibernate.Portfolio.DefaultPortfolioGroup	many-to-one
NetCity.Common.ObjectModel.Nhibernate.Portfolio.DefaultPortfolioGroupTreeInfo	NetCity.Common.ObjectModel.Nhibernate.Portfolio.DefaultPortfolioGroupTreeInfo	DEFAULTPORTFOLIOGROUPSTREE	Level	LEVEL	Int32	property
NetCity.Common.ObjectModel.Nhibernate.Portfolio.PortfolioGroup	NetCity.Common.ObjectModel.Nhibernate.Portfolio.PortfolioGroup	PORTFOLIOGROUPS	Id	GROUPID	Int32	id
NetCity.Common.ObjectModel.Nhibernate.Portfolio.PortfolioGroup	NetCity.Common.ObjectModel.Nhibernate.Portfolio.PortfolioGroup	PORTFOLIOGROUPS	ChildGroups		System.Collections.Generic.HashSet`1[[NetCity.Common.ObjectModel.Nhibernate.Portfolio.PortfolioGroup, NetCity.Common.ObjectModel, Version=5.14.65351.225, Culture=neutral, PublicKeyToken=ea3eeeb5c070719f]](NetCity.Common.ObjectModel.Nhibernate.Portfolio.PortfolioGroup.ChildGroups)	collection
NetCity.Common.ObjectModel.Nhibernate.Portfolio.PortfolioGroup	NetCity.Common.ObjectModel.Nhibernate.Portfolio.PortfolioGroup	PORTFOLIOGROUPS	Resources		System.Collections.Generic.ISet`1[[NetCity.Common.ObjectModel.Nhibernate.Portfolio.PortfolioResource, NetCity.Common.ObjectModel, Version=5.14.65351.225, Culture=neutral, PublicKeyToken=ea3eeeb5c070719f]](NetCity.Common.ObjectModel.Nhibernate.Portfolio.PortfolioGroup.Resources)	collection
NetCity.Common.ObjectModel.Nhibernate.Portfolio.PortfolioGroup	NetCity.Common.ObjectModel.Nhibernate.Portfolio.PortfolioGroup	PORTFOLIOGROUPS	Rights		System.Collections.Generic.ISet`1[[NetCity.Common.ObjectModel.Nhibernate.Portfolio.ProjectPortfolioRight, NetCity.Common.ObjectModel, Version=5.14.65351.225, Culture=neutral, PublicKeyToken=ea3eeeb5c070719f]](NetCity.Common.ObjectModel.Nhibernate.Portfolio.PortfolioGroup.Rights)	collection
NetCity.Common.ObjectModel.Nhibernate.Portfolio.PortfolioGroup	NetCity.Common.ObjectModel.Nhibernate.Portfolio.PortfolioGroup	PORTFOLIOGROUPS	AllChildGroups		System.Collections.Generic.ISet`1[[NetCity.Common.ObjectModel.Nhibernate.Portfolio.PortfolioGroupTreeInfo, NetCity.Common.ObjectModel, Version=5.14.65351.225, Culture=neutral, PublicKeyToken=ea3eeeb5c070719f]](NetCity.Common.ObjectModel.Nhibernate.Portfolio.PortfolioGroup.AllChildGroups)	collection
NetCity.Common.ObjectModel.Nhibernate.Portfolio.PortfolioGroup	NetCity.Common.ObjectModel.Nhibernate.Portfolio.PortfolioGroup	PORTFOLIOGROUPS	AllParentGroup		System.Collections.Generic.ISet`1[[NetCity.Common.ObjectModel.Nhibernate.Portfolio.PortfolioGroupTreeInfo, NetCity.Common.ObjectModel, Version=5.14.65351.225, Culture=neutral, PublicKeyToken=ea3eeeb5c070719f]](NetCity.Common.ObjectModel.Nhibernate.Portfolio.PortfolioGroup.AllParentGroup)	collection
NetCity.Common.ObjectModel.Nhibernate.Portfolio.PortfolioGroup	NetCity.Common.ObjectModel.Nhibernate.Portfolio.PortfolioGroup	PORTFOLIOGROUPS	Duedate	DUEDATE	DateTime	property
NetCity.Common.ObjectModel.Nhibernate.Portfolio.PortfolioGroup	NetCity.Common.ObjectModel.Nhibernate.Portfolio.PortfolioGroup	PORTFOLIOGROUPS	Name	GROUPNAME	AnsiString	property
NetCity.Common.ObjectModel.Nhibernate.Portfolio.PortfolioGroup	NetCity.Common.ObjectModel.Nhibernate.Portfolio.PortfolioGroup	PORTFOLIOGROUPS	Order	GROUPORDER	Int32	property
NetCity.Common.ObjectModel.Nhibernate.Portfolio.PortfolioGroup	NetCity.Common.ObjectModel.Nhibernate.Portfolio.PortfolioGroup	PORTFOLIOGROUPS	ParentGroup	PARENTGROUPID	NetCity.Common.ObjectModel.Nhibernate.Portfolio.PortfolioGroup	many-to-one
NetCity.Common.ObjectModel.Nhibernate.Portfolio.PortfolioGroup	NetCity.Common.ObjectModel.Nhibernate.Portfolio.PortfolioGroup	PORTFOLIOGROUPS	Portfolio	PORTFOLIOID	NetCity.Common.ObjectModel.Nhibernate.Portfolio.Portfolio	many-to-one
NetCity.Common.ObjectModel.Nhibernate.Portfolio.PortfolioGroup	NetCity.Common.ObjectModel.Nhibernate.Portfolio.PortfolioGroup	PORTFOLIOGROUPS	User	RESPONSIBLEPERSONID	NetCity.Common.ObjectModel.Nhibernate.Users.User	many-to-one
NetCity.Common.ObjectModel.Nhibernate.Portfolio.PortfolioGroupTreeInfo	NetCity.Common.ObjectModel.Nhibernate.Portfolio.PortfolioGroupTreeInfo	PORTFOLIOGROUPSTREE	Level	LEVEL	Int32	property
NetCity.Common.ObjectModel.Nhibernate.Portfolio.PersonalPortfolio	NetCity.Common.ObjectModel.Nhibernate.Portfolio.PersonalPortfolio	PORTFOLIOS	Id	PORTFOLIOID	Int32	id
NetCity.Common.ObjectModel.Nhibernate.Portfolio.PersonalPortfolio	NetCity.Common.ObjectModel.Nhibernate.Portfolio.PersonalPortfolio	PORTFOLIOS	Rights		System.Collections.Generic.ISet`1[[NetCity.Common.ObjectModel.Nhibernate.Portfolio.PortfolioRight, NetCity.Common.ObjectModel, Version=5.14.65351.225, Culture=neutral, PublicKeyToken=ea3eeeb5c070719f]](NetCity.Common.ObjectModel.Nhibernate.Portfolio.PersonalPortfolio.Rights)	collection
NetCity.Common.ObjectModel.Nhibernate.Portfolio.PersonalPortfolio	NetCity.Common.ObjectModel.Nhibernate.Portfolio.PersonalPortfolio	PORTFOLIOS	User	USERID	NetCity.Common.ObjectModel.Nhibernate.Users.User	many-to-one
NetCity.Common.ObjectModel.Nhibernate.Portfolio.ProjectPortfolio	NetCity.Common.ObjectModel.Nhibernate.Portfolio.ProjectPortfolio	PORTFOLIOS	Id	PORTFOLIOID	Int32	id
NetCity.Common.ObjectModel.Nhibernate.Portfolio.ProjectPortfolio	NetCity.Common.ObjectModel.Nhibernate.Portfolio.ProjectPortfolio	PORTFOLIOS	ProjectRights		System.Collections.Generic.ISet`1[[NetCity.Common.ObjectModel.Nhibernate.Portfolio.ProjectPortfolioRight, NetCity.Common.ObjectModel, Version=5.14.65351.225, Culture=neutral, PublicKeyToken=ea3eeeb5c070719f]](NetCity.Common.ObjectModel.Nhibernate.Portfolio.ProjectPortfolio.ProjectRights)	collection
NetCity.Common.ObjectModel.Nhibernate.Portfolio.ProjectPortfolio	NetCity.Common.ObjectModel.Nhibernate.Portfolio.ProjectPortfolio	PORTFOLIOS	Leaders		System.Collections.Generic.ISet`1[[NetCity.Common.ObjectModel.Nhibernate.Users.User, NetCity.Common.ObjectModel, Version=5.14.65351.225, Culture=neutral, PublicKeyToken=ea3eeeb5c070719f]](NetCity.Common.ObjectModel.Nhibernate.Portfolio.ProjectPortfolio.Leaders)	collection
NetCity.Common.ObjectModel.Nhibernate.Portfolio.ProjectPortfolio	NetCity.Common.ObjectModel.Nhibernate.Portfolio.ProjectPortfolio	PORTFOLIOS	Name	NAME	AnsiString	property
NetCity.Common.ObjectModel.Nhibernate.Portfolio.Portfolio	NetCity.Common.ObjectModel.Nhibernate.Portfolio.Portfolio	PORTFOLIOS	Id	PORTFOLIOID	Int32	id
NetCity.Common.ObjectModel.Nhibernate.Portfolio.Portfolio	NetCity.Common.ObjectModel.Nhibernate.Portfolio.Portfolio	PORTFOLIOS	Groups		System.Collections.Generic.ISet`1[[NetCity.Common.ObjectModel.Nhibernate.Portfolio.PortfolioGroup, NetCity.Common.ObjectModel, Version=5.14.65351.225, Culture=neutral, PublicKeyToken=ea3eeeb5c070719f]](NetCity.Common.ObjectModel.Nhibernate.Portfolio.Portfolio.Groups)	collection
NetCity.Common.ObjectModel.Nhibernate.Portfolio.Portfolio	NetCity.Common.ObjectModel.Nhibernate.Portfolio.Portfolio	PORTFOLIOS	Type	PORTFOLIOTYPE	NHibernate.Type.EnumType`1[[NetCity.Common.ObjectModel.Nhibernate.Portfolio.PortfolioType, NetCity.Common, Version=0.11.30.0, Culture=neutral, PublicKeyToken=ea3eeeb5c070719f]], NHibernate	property
NetCity.Common.ObjectModel.Nhibernate.Portfolio.PortfolioDoc	NetCity.Common.ObjectModel.Nhibernate.Portfolio.PortfolioDoc	PORTFOLIORESOURCES	Id	RESOURCEID	Int32	id
NetCity.Common.ObjectModel.Nhibernate.Portfolio.PortfolioDoc	NetCity.Common.ObjectModel.Nhibernate.Portfolio.PortfolioDoc	PORTFOLIORESOURCES	FilenameOrig	FILENAME_ORIG	AnsiString	property
NetCity.Common.ObjectModel.Nhibernate.Portfolio.PortfolioDoc	NetCity.Common.ObjectModel.Nhibernate.Portfolio.PortfolioDoc	PORTFOLIORESOURCES	File	AFILE	BinaryBlob	property
NetCity.Common.ObjectModel.Nhibernate.Portfolio.PortfolioLink	NetCity.Common.ObjectModel.Nhibernate.Portfolio.PortfolioLink	PORTFOLIORESOURCES	Id	RESOURCEID	Int32	id
NetCity.Common.ObjectModel.Nhibernate.Portfolio.PortfolioLink	NetCity.Common.ObjectModel.Nhibernate.Portfolio.PortfolioLink	PORTFOLIORESOURCES	Url	URL	AnsiString	property
NetCity.Common.ObjectModel.Nhibernate.Portfolio.PortfolioResource	NetCity.Common.ObjectModel.Nhibernate.Portfolio.PortfolioResource	PORTFOLIORESOURCES	Id	RESOURCEID	Int32	id
NetCity.Common.ObjectModel.Nhibernate.Portfolio.PortfolioResource	NetCity.Common.ObjectModel.Nhibernate.Portfolio.PortfolioResource	PORTFOLIORESOURCES	Description	DESCRIPTION	AnsiString	property
NetCity.Common.ObjectModel.Nhibernate.Portfolio.PortfolioResource	NetCity.Common.ObjectModel.Nhibernate.Portfolio.PortfolioResource	PORTFOLIORESOURCES	Resourcename	RESOURCENAME	AnsiString	property
NetCity.Common.ObjectModel.Nhibernate.Portfolio.PortfolioResource	NetCity.Common.ObjectModel.Nhibernate.Portfolio.PortfolioResource	PORTFOLIORESOURCES	Portfoliogroup	GROUPID	NetCity.Common.ObjectModel.Nhibernate.Portfolio.PortfolioGroup	many-to-one
NetCity.Common.ObjectModel.Nhibernate.Portfolio.PortfolioRight	NetCity.Common.ObjectModel.Nhibernate.Portfolio.PortfolioRight	PORTFOLIORIGHTS	Accesstype	ACCESSTYPE	NHibernate.Type.EnumType`1[[NetCity.Common.ObjectModel.Nhibernate.Portfolio.PortfolioAccessType, NetCity.Common, Version=0.11.30.0, Culture=neutral, PublicKeyToken=ea3eeeb5c070719f]], NHibernate	property
NetCity.Common.ObjectModel.Nhibernate.Portfolio.ProjectPortfolioRight	NetCity.Common.ObjectModel.Nhibernate.Portfolio.ProjectPortfolioRight	PROJECTPORTFOLIORIGHTS	Accesstype	ACCESSTYPE	NHibernate.Type.EnumType`1[[NetCity.Common.ObjectModel.Nhibernate.Portfolio.PortfolioAccessType, NetCity.Common, Version=0.11.30.0, Culture=neutral, PublicKeyToken=ea3eeeb5c070719f]], NHibernate	property
NetCity.Common.ObjectModel.Nhibernate.ProgDirection	NetCity.Common.ObjectModel.Nhibernate.ProgDirection	PROG_DIRECTIONS	Id	DIRECTIONID	Int32	id
NetCity.Common.ObjectModel.Nhibernate.ProgDirection	NetCity.Common.ObjectModel.Nhibernate.ProgDirection	PROG_DIRECTIONS	AddPrograms		System.Collections.Generic.ISet`1[[NetCity.Common.ObjectModel.Nhibernate.AddProgram, NetCity.Common.ObjectModel, Version=5.14.65351.225, Culture=neutral, PublicKeyToken=ea3eeeb5c070719f]](NetCity.Common.ObjectModel.Nhibernate.ProgDirection.AddPrograms)	collection
NetCity.Common.ObjectModel.Nhibernate.ProgDirection	NetCity.Common.ObjectModel.Nhibernate.ProgDirection	PROG_DIRECTIONS	Name	DIRECTIONNAME	AnsiString	property
NetCity.Common.ObjectModel.Nhibernate.ProgDirection	NetCity.Common.ObjectModel.Nhibernate.ProgDirection	PROG_DIRECTIONS	Old	OLDDIR	Boolean	property
NetCity.Common.ObjectModel.Nhibernate.ProgDirection	NetCity.Common.ObjectModel.Nhibernate.ProgDirection	PROG_DIRECTIONS	SortOrder	SORTORDER	Int32	property
NetCity.Common.ObjectModel.Nhibernate.PushNotification.PushNotificationApp	NetCity.Common.ObjectModel.Nhibernate.PushNotification.PushNotificationApp	PUSHNOTIFICATION_APPS	Id	ID	Int32	id
NetCity.Common.ObjectModel.Nhibernate.PushNotification.PushNotificationApp	NetCity.Common.ObjectModel.Nhibernate.PushNotification.PushNotificationApp	PUSHNOTIFICATION_APPS	AppToken	APPTOKEN	AnsiString	property
NetCity.Common.ObjectModel.Nhibernate.PushNotification.PushNotificationApp	NetCity.Common.ObjectModel.Nhibernate.PushNotification.PushNotificationApp	PUSHNOTIFICATION_APPS	User	USERID	NetCity.Common.ObjectModel.Nhibernate.Users.User	many-to-one
NetCity.Common.ObjectModel.Nhibernate.PushNotification.PushNotificationApp	NetCity.Common.ObjectModel.Nhibernate.PushNotification.PushNotificationApp	PUSHNOTIFICATION_APPS	PushNotificationSettings		NetCity.Common.ObjectModel.Nhibernate.PushNotification.PushNotificationSettings	property
NetCity.Common.ObjectModel.Nhibernate.PushNotification.PushNotificationSettings	NetCity.Common.ObjectModel.Nhibernate.PushNotification.PushNotificationSettings	PUSHNOTIFICATION_SETTINGS	Id	ID	Int32	id
NetCity.Common.ObjectModel.Nhibernate.PushNotification.PushNotificationSettings	NetCity.Common.ObjectModel.Nhibernate.PushNotification.PushNotificationSettings	PUSHNOTIFICATION_SETTINGS	NewAnnouncement	NEWANOUNCEMENT	Boolean	property
NetCity.Common.ObjectModel.Nhibernate.PushNotification.PushNotificationSettings	NetCity.Common.ObjectModel.Nhibernate.PushNotification.PushNotificationSettings	PUSHNOTIFICATION_SETTINGS	NewMessage	NEWMESSAGE	Boolean	property
NetCity.Common.ObjectModel.Nhibernate.PushNotification.PushNotificationSettings	NetCity.Common.ObjectModel.Nhibernate.PushNotification.PushNotificationSettings	PUSHNOTIFICATION_SETTINGS	SetAttendanceLate	SETATTENDANCE_LATE	Boolean	property
NetCity.Common.ObjectModel.Nhibernate.PushNotification.PushNotificationSettings	NetCity.Common.ObjectModel.Nhibernate.PushNotification.PushNotificationSettings	PUSHNOTIFICATION_SETTINGS	SetAttendanceMissed	SETATTENDANCE_MISSED	Boolean	property
NetCity.Common.ObjectModel.Nhibernate.PushNotification.PushNotificationSettings	NetCity.Common.ObjectModel.Nhibernate.PushNotification.PushNotificationSettings	PUSHNOTIFICATION_SETTINGS	SetJournalMarks	SETJOURNALMARKS	Boolean	property
NetCity.Common.ObjectModel.Nhibernate.PushNotification.PushNotificationSettings	NetCity.Common.ObjectModel.Nhibernate.PushNotification.PushNotificationSettings	PUSHNOTIFICATION_SETTINGS	PushNotificationApp	APPID	NetCity.Common.ObjectModel.Nhibernate.PushNotification.PushNotificationApp	many-to-one
NetCity.Common.ObjectModel.Nhibernate.QualityAssessment.CodeBookContentElements	NetCity.Common.ObjectModel.Nhibernate.QualityAssessment.CodeBookContentElements	CODEBOOKCONTENTELEMENTS	Id	CODEBOOKID	Int32	id
NetCity.Common.ObjectModel.Nhibernate.QualityAssessment.CodeBookContentElements	NetCity.Common.ObjectModel.Nhibernate.QualityAssessment.CodeBookContentElements	CODEBOOKCONTENTELEMENTS	CodeBookSubjectSchoolyear		System.Collections.Generic.ISet`1[[NetCity.Common.ObjectModel.Nhibernate.QualityAssessment.CodeBookSubjectSchoolyear, NetCity.Common.ObjectModel, Version=5.14.65351.225, Culture=neutral, PublicKeyToken=ea3eeeb5c070719f]](NetCity.Common.ObjectModel.Nhibernate.QualityAssessment.CodeBookContentElements.CodeBookSubjectSchoolyear)	collection
NetCity.Common.ObjectModel.Nhibernate.QualityAssessment.CodeBookContentElements	NetCity.Common.ObjectModel.Nhibernate.QualityAssessment.CodeBookContentElements	CODEBOOKCONTENTELEMENTS	Elements		System.Collections.Generic.ISet`1[[NetCity.Common.ObjectModel.Nhibernate.QualityAssessment.ContentElement, NetCity.Common.ObjectModel, Version=5.14.65351.225, Culture=neutral, PublicKeyToken=ea3eeeb5c070719f]](NetCity.Common.ObjectModel.Nhibernate.QualityAssessment.CodeBookContentElements.Elements)	collection
NetCity.Common.ObjectModel.Nhibernate.QualityAssessment.CodeBookContentElements	NetCity.Common.ObjectModel.Nhibernate.QualityAssessment.CodeBookContentElements	CODEBOOKCONTENTELEMENTS	Title	TITLE	AnsiString	property
NetCity.Common.ObjectModel.Nhibernate.QualityAssessment.CodeBookContentElements	NetCity.Common.ObjectModel.Nhibernate.QualityAssessment.CodeBookContentElements	CODEBOOKCONTENTELEMENTS	CertificationType	CERTIFICATIONTYPE	NHibernate.Type.EnumType`1[[NetCity.Common.ObjectModel.Nhibernate.QualityAssessment.CertificationType, NetCity.Common, Version=0.11.30.0, Culture=neutral, PublicKeyToken=ea3eeeb5c070719f]], NHibernate	property
NetCity.Common.ObjectModel.Nhibernate.QualityAssessment.CodeBookContentElements	NetCity.Common.ObjectModel.Nhibernate.QualityAssessment.CodeBookContentElements	CODEBOOKCONTENTELEMENTS	SubjectFipiId	SUBJECTFIPIID	NHibernate.Type.EnumType`1[[NetCity.Common.ObjectModel.Nhibernate.QualityAssessment.SubjectFIPI, NetCity.Common, Version=0.11.30.0, Culture=neutral, PublicKeyToken=ea3eeeb5c070719f]], NHibernate	property
NetCity.Common.ObjectModel.Nhibernate.QualityAssessment.CodeBookContentElements	NetCity.Common.ObjectModel.Nhibernate.QualityAssessment.CodeBookContentElements	CODEBOOKCONTENTELEMENTS	GlobalYear	GLOBALYEARID	NetCity.Common.ObjectModel.Nhibernate.GlobalYear	many-to-one
NetCity.Common.ObjectModel.Nhibernate.QualityAssessment.ContentElement	NetCity.Common.ObjectModel.Nhibernate.QualityAssessment.ContentElement	CONTENTELEMENTS	Id	CONTENTELEMENTID	Int32	id
NetCity.Common.ObjectModel.Nhibernate.QualityAssessment.ContentElement	NetCity.Common.ObjectModel.Nhibernate.QualityAssessment.ContentElement	CONTENTELEMENTS	Childs		System.Collections.Generic.ISet`1[[NetCity.Common.ObjectModel.Nhibernate.QualityAssessment.ContentElement, NetCity.Common.ObjectModel, Version=5.14.65351.225, Culture=neutral, PublicKeyToken=ea3eeeb5c070719f]](NetCity.Common.ObjectModel.Nhibernate.QualityAssessment.ContentElement.Childs)	collection
NetCity.Common.ObjectModel.Nhibernate.QualityAssessment.ContentElement	NetCity.Common.ObjectModel.Nhibernate.QualityAssessment.ContentElement	CONTENTELEMENTS	Lessons		System.Collections.Generic.ISet`1[[NetCity.Common.ObjectModel.Nhibernate.ThematicPlanning.Lesson, NetCity.Common.ObjectModel, Version=5.14.65351.225, Culture=neutral, PublicKeyToken=ea3eeeb5c070719f]](NetCity.Common.ObjectModel.Nhibernate.QualityAssessment.ContentElement.Lessons)	collection
NetCity.Common.ObjectModel.Nhibernate.QualityAssessment.ContentElement	NetCity.Common.ObjectModel.Nhibernate.QualityAssessment.ContentElement	CONTENTELEMENTS	TestTasks		System.Collections.Generic.ISet`1[[NetCity.Common.ObjectModel.Nhibernate.QualityAssessment.TestTask, NetCity.Common.ObjectModel, Version=5.14.65351.225, Culture=neutral, PublicKeyToken=ea3eeeb5c070719f]](NetCity.Common.ObjectModel.Nhibernate.QualityAssessment.ContentElement.TestTasks)	collection
NetCity.Common.ObjectModel.Nhibernate.QualityAssessment.ContentElement	NetCity.Common.ObjectModel.Nhibernate.QualityAssessment.ContentElement	CONTENTELEMENTS	Number	NUMBER	AnsiString	property
NetCity.Common.ObjectModel.Nhibernate.QualityAssessment.ContentElement	NetCity.Common.ObjectModel.Nhibernate.QualityAssessment.ContentElement	CONTENTELEMENTS	Description	DESCRIPTION	String	property
NetCity.Common.ObjectModel.Nhibernate.QualityAssessment.ContentElement	NetCity.Common.ObjectModel.Nhibernate.QualityAssessment.ContentElement	CONTENTELEMENTS	Grade	GRADE	Int32	property
NetCity.Common.ObjectModel.Nhibernate.QualityAssessment.ContentElement	NetCity.Common.ObjectModel.Nhibernate.QualityAssessment.ContentElement	CONTENTELEMENTS	CodeBook	CODEBOOKID	NetCity.Common.ObjectModel.Nhibernate.QualityAssessment.CodeBookContentElements	many-to-one
NetCity.Common.ObjectModel.Nhibernate.QualityAssessment.ContentElement	NetCity.Common.ObjectModel.Nhibernate.QualityAssessment.ContentElement	CONTENTELEMENTS	Section	SECTIONID	NetCity.Common.ObjectModel.Nhibernate.QualityAssessment.ContentElement	many-to-one
NetCity.Common.ObjectModel.Nhibernate.QualityAssessment.DiagnosticWork	NetCity.Common.ObjectModel.Nhibernate.QualityAssessment.DiagnosticWork	DIAGNOSTIC_WORKS	Id	ID	Int32	id
NetCity.Common.ObjectModel.Nhibernate.QualityAssessment.DiagnosticWork	NetCity.Common.ObjectModel.Nhibernate.QualityAssessment.DiagnosticWork	DIAGNOSTIC_WORKS	Variants		System.Collections.Generic.ISet`1[[NetCity.Common.ObjectModel.Nhibernate.QualityAssessment.DwVariant, NetCity.Common.ObjectModel, Version=5.14.65351.225, Culture=neutral, PublicKeyToken=ea3eeeb5c070719f]](NetCity.Common.ObjectModel.Nhibernate.QualityAssessment.DiagnosticWork.Variants)	collection
NetCity.Common.ObjectModel.Nhibernate.QualityAssessment.DiagnosticWork	NetCity.Common.ObjectModel.Nhibernate.QualityAssessment.DiagnosticWork	DIAGNOSTIC_WORKS	Specialists		System.Collections.Generic.ISet`1[[NetCity.Common.ObjectModel.Nhibernate.QualityAssessment.DwSpecialist, NetCity.Common.ObjectModel, Version=5.14.65351.225, Culture=neutral, PublicKeyToken=ea3eeeb5c070719f]](NetCity.Common.ObjectModel.Nhibernate.QualityAssessment.DiagnosticWork.Specialists)	collection
NetCity.Common.ObjectModel.Nhibernate.QualityAssessment.DiagnosticWork	NetCity.Common.ObjectModel.Nhibernate.QualityAssessment.DiagnosticWork	DIAGNOSTIC_WORKS	VprForms		System.Collections.Generic.ISet`1[[NetCity.Common.ObjectModel.Nhibernate.QualityAssessment.VprForm, NetCity.Common.ObjectModel, Version=5.14.65351.225, Culture=neutral, PublicKeyToken=ea3eeeb5c070719f]](NetCity.Common.ObjectModel.Nhibernate.QualityAssessment.DiagnosticWork.VprForms)	collection
NetCity.Common.ObjectModel.Nhibernate.QualityAssessment.DiagnosticWork	NetCity.Common.ObjectModel.Nhibernate.QualityAssessment.DiagnosticWork	DIAGNOSTIC_WORKS	VprPartsVariants		System.Collections.Generic.ISet`1[[NetCity.Common.ObjectModel.Nhibernate.QualityAssessment.DwVprPartVariant, NetCity.Common.ObjectModel, Version=5.14.65351.225, Culture=neutral, PublicKeyToken=ea3eeeb5c070719f]](NetCity.Common.ObjectModel.Nhibernate.QualityAssessment.DiagnosticWork.VprPartsVariants)	collection
NetCity.Common.ObjectModel.Nhibernate.QualityAssessment.DiagnosticWork	NetCity.Common.ObjectModel.Nhibernate.QualityAssessment.DiagnosticWork	DIAGNOSTIC_WORKS	VprStudentCodes		System.Collections.Generic.ISet`1[[NetCity.Common.ObjectModel.Nhibernate.QualityAssessment.DwVprStudentCode, NetCity.Common.ObjectModel, Version=5.14.65351.225, Culture=neutral, PublicKeyToken=ea3eeeb5c070719f]](NetCity.Common.ObjectModel.Nhibernate.QualityAssessment.DiagnosticWork.VprStudentCodes)	collection
NetCity.Common.ObjectModel.Nhibernate.QualityAssessment.DiagnosticWork	NetCity.Common.ObjectModel.Nhibernate.QualityAssessment.DiagnosticWork	DIAGNOSTIC_WORKS	Grades		System.Collections.Generic.ISet`1[[System.Int32, mscorlib, Version=4.0.0.0, Culture=neutral, PublicKeyToken=b77a5c561934e089]](NetCity.Common.ObjectModel.Nhibernate.QualityAssessment.DiagnosticWork.Grades)	collection
NetCity.Common.ObjectModel.Nhibernate.QualityAssessment.DiagnosticWork	NetCity.Common.ObjectModel.Nhibernate.QualityAssessment.DiagnosticWork	DIAGNOSTIC_WORKS	RegionGuid	REGIONGUID	Guid	property
NetCity.Common.ObjectModel.Nhibernate.QualityAssessment.DiagnosticWork	NetCity.Common.ObjectModel.Nhibernate.QualityAssessment.DiagnosticWork	DIAGNOSTIC_WORKS	Name	NAME	String	property
NetCity.Common.ObjectModel.Nhibernate.QualityAssessment.DiagnosticWork	NetCity.Common.ObjectModel.Nhibernate.QualityAssessment.DiagnosticWork	DIAGNOSTIC_WORKS	SubjectFipiId	SUBJECTFIPIID	NHibernate.Type.EnumType`1[[NetCity.Common.ObjectModel.Nhibernate.QualityAssessment.SubjectFIPI, NetCity.Common, Version=0.11.30.0, Culture=neutral, PublicKeyToken=ea3eeeb5c070719f]], NHibernate	property
NetCity.Common.ObjectModel.Nhibernate.QualityAssessment.DiagnosticWork	NetCity.Common.ObjectModel.Nhibernate.QualityAssessment.DiagnosticWork	DIAGNOSTIC_WORKS	StartDate	STARTDATE	DateTime	property
NetCity.Common.ObjectModel.Nhibernate.QualityAssessment.DiagnosticWork	NetCity.Common.ObjectModel.Nhibernate.QualityAssessment.DiagnosticWork	DIAGNOSTIC_WORKS	EndDate	ENDDATE	DateTime	property
NetCity.Common.ObjectModel.Nhibernate.QualityAssessment.DiagnosticWork	NetCity.Common.ObjectModel.Nhibernate.QualityAssessment.DiagnosticWork	DIAGNOSTIC_WORKS	TestLevel	TESTLEVEL	NHibernate.Type.EnumType`1[[NetCity.Common.ObjectModel.Nhibernate.QualityAssessment.TestLevel, NetCity.Common, Version=0.11.30.0, Culture=neutral, PublicKeyToken=ea3eeeb5c070719f]], NHibernate	property
NetCity.Common.ObjectModel.Nhibernate.QualityAssessment.DiagnosticWork	NetCity.Common.ObjectModel.Nhibernate.QualityAssessment.DiagnosticWork	DIAGNOSTIC_WORKS	Published	PUBLISHED	Boolean	property
NetCity.Common.ObjectModel.Nhibernate.QualityAssessment.DiagnosticWork	NetCity.Common.ObjectModel.Nhibernate.QualityAssessment.DiagnosticWork	DIAGNOSTIC_WORKS	PublishTime	PUBLISHTIME	DateTime	property
NetCity.Common.ObjectModel.Nhibernate.QualityAssessment.DiagnosticWork	NetCity.Common.ObjectModel.Nhibernate.QualityAssessment.DiagnosticWork	DIAGNOSTIC_WORKS	EducManagement	EMID	NetCity.Common.ObjectModel.Nhibernate.Organizations.EducManagement	many-to-one
NetCity.Common.ObjectModel.Nhibernate.QualityAssessment.DiagnosticWork	NetCity.Common.ObjectModel.Nhibernate.QualityAssessment.DiagnosticWork	DIAGNOSTIC_WORKS	GlobalYear	GLOBALYEARID	NetCity.Common.ObjectModel.Nhibernate.GlobalYear	many-to-one
NetCity.Common.ObjectModel.Nhibernate.QualityAssessment.DwSpecialist	NetCity.Common.ObjectModel.Nhibernate.QualityAssessment.DwSpecialist	DW_SPECIALISTS	Id	ID	Int32	id
NetCity.Common.ObjectModel.Nhibernate.QualityAssessment.DwSpecialist	NetCity.Common.ObjectModel.Nhibernate.QualityAssessment.DwSpecialist	DW_SPECIALISTS	DwRole	DWROLEID	NHibernate.Type.EnumType`1[[NetCity.Common.ObjectModel.Nhibernate.QualityAssessment.DwRole, NetCity.Common, Version=0.11.30.0, Culture=neutral, PublicKeyToken=ea3eeeb5c070719f]], NHibernate	property
NetCity.Common.ObjectModel.Nhibernate.QualityAssessment.DwSpecialist	NetCity.Common.ObjectModel.Nhibernate.QualityAssessment.DwSpecialist	DW_SPECIALISTS	User	USERID	NetCity.Common.ObjectModel.Nhibernate.Users.User	many-to-one
NetCity.Common.ObjectModel.Nhibernate.QualityAssessment.DwSpecialist	NetCity.Common.ObjectModel.Nhibernate.QualityAssessment.DwSpecialist	DW_SPECIALISTS	School	SCHOOLID	NetCity.Common.ObjectModel.Nhibernate.Organizations.School	many-to-one
NetCity.Common.ObjectModel.Nhibernate.QualityAssessment.DwSpecialist	NetCity.Common.ObjectModel.Nhibernate.QualityAssessment.DwSpecialist	DW_SPECIALISTS	DiagnosticWork	DWID	NetCity.Common.ObjectModel.Nhibernate.QualityAssessment.DiagnosticWork	many-to-one
NetCity.Common.ObjectModel.Nhibernate.QualityAssessment.DwVariant	NetCity.Common.ObjectModel.Nhibernate.QualityAssessment.DwVariant	DW_VARIANTS	Id	ID	Int32	id
NetCity.Common.ObjectModel.Nhibernate.QualityAssessment.DwVariant	NetCity.Common.ObjectModel.Nhibernate.QualityAssessment.DwVariant	DW_VARIANTS	VariantSchools		System.Collections.Generic.ISet`1[[NetCity.Common.ObjectModel.Nhibernate.Organizations.School, NetCity.Common.ObjectModel, Version=5.14.65351.225, Culture=neutral, PublicKeyToken=ea3eeeb5c070719f]](NetCity.Common.ObjectModel.Nhibernate.QualityAssessment.DwVariant.VariantSchools)	collection
NetCity.Common.ObjectModel.Nhibernate.QualityAssessment.DwVariant	NetCity.Common.ObjectModel.Nhibernate.QualityAssessment.DwVariant	DW_VARIANTS	VariantMunicipalities		System.Collections.Generic.ISet`1[[NetCity.Common.ObjectModel.Nhibernate.Organizations.Founder, NetCity.Common.ObjectModel, Version=5.14.65351.225, Culture=neutral, PublicKeyToken=ea3eeeb5c070719f]](NetCity.Common.ObjectModel.Nhibernate.QualityAssessment.DwVariant.VariantMunicipalities)	collection
NetCity.Common.ObjectModel.Nhibernate.QualityAssessment.DwVariant	NetCity.Common.ObjectModel.Nhibernate.QualityAssessment.DwVariant	DW_VARIANTS	Name	NAME	String	property
NetCity.Common.ObjectModel.Nhibernate.QualityAssessment.DwVariant	NetCity.Common.ObjectModel.Nhibernate.QualityAssessment.DwVariant	DW_VARIANTS	RegionGuid	REGIONGUID	Guid	property
NetCity.Common.ObjectModel.Nhibernate.QualityAssessment.DwVariant	NetCity.Common.ObjectModel.Nhibernate.QualityAssessment.DwVariant	DW_VARIANTS	DiagnosticWork	DWID	NetCity.Common.ObjectModel.Nhibernate.QualityAssessment.DiagnosticWork	many-to-one
NetCity.Common.ObjectModel.Nhibernate.QualityAssessment.DwVariant	NetCity.Common.ObjectModel.Nhibernate.QualityAssessment.DwVariant	DW_VARIANTS	TestPlan	TESTPLANID	NetCity.Common.ObjectModel.Nhibernate.QualityAssessment.TestPlan	many-to-one
NetCity.Common.ObjectModel.Nhibernate.QualityAssessment.VprForm	NetCity.Common.ObjectModel.Nhibernate.QualityAssessment.VprForm	DW_VPRFORMS	Id	ID	Int32	id
NetCity.Common.ObjectModel.Nhibernate.QualityAssessment.VprForm	NetCity.Common.ObjectModel.Nhibernate.QualityAssessment.VprForm	DW_VPRFORMS	File	FILE	BinaryBlob	property
NetCity.Common.ObjectModel.Nhibernate.QualityAssessment.VprForm	NetCity.Common.ObjectModel.Nhibernate.QualityAssessment.VprForm	DW_VPRFORMS	FileName	FILENAME	AnsiString	property
NetCity.Common.ObjectModel.Nhibernate.QualityAssessment.VprForm	NetCity.Common.ObjectModel.Nhibernate.QualityAssessment.VprForm	DW_VPRFORMS	PartsAmount	PARTSAMOUNT	Int32	property
NetCity.Common.ObjectModel.Nhibernate.QualityAssessment.VprForm	NetCity.Common.ObjectModel.Nhibernate.QualityAssessment.VprForm	DW_VPRFORMS	MinStudentCode	MINSTUDENTCODE	Int32	property
NetCity.Common.ObjectModel.Nhibernate.QualityAssessment.VprForm	NetCity.Common.ObjectModel.Nhibernate.QualityAssessment.VprForm	DW_VPRFORMS	MaxStudentCode	MAXSTUDENTCODE	Int32	property
NetCity.Common.ObjectModel.Nhibernate.QualityAssessment.VprForm	NetCity.Common.ObjectModel.Nhibernate.QualityAssessment.VprForm	DW_VPRFORMS	DiagnosticWork	DWID	NetCity.Common.ObjectModel.Nhibernate.QualityAssessment.DiagnosticWork	many-to-one
NetCity.Common.ObjectModel.Nhibernate.QualityAssessment.DwVprPartVariant	NetCity.Common.ObjectModel.Nhibernate.QualityAssessment.DwVprPartVariant	DW_VPRPARTSVARIANTS	Id	ID	Int32	id
NetCity.Common.ObjectModel.Nhibernate.QualityAssessment.DwVprPartVariant	NetCity.Common.ObjectModel.Nhibernate.QualityAssessment.DwVprPartVariant	DW_VPRPARTSVARIANTS	PartNum	PARTNUM	Int32	property
NetCity.Common.ObjectModel.Nhibernate.QualityAssessment.DwVprPartVariant	NetCity.Common.ObjectModel.Nhibernate.QualityAssessment.DwVprPartVariant	DW_VPRPARTSVARIANTS	VariantNum	VARIANTNUM	Int32	property
NetCity.Common.ObjectModel.Nhibernate.QualityAssessment.DwVprPartVariant	NetCity.Common.ObjectModel.Nhibernate.QualityAssessment.DwVprPartVariant	DW_VPRPARTSVARIANTS	Student	STUDENTID	NetCity.Common.ObjectModel.Nhibernate.Users.Student	many-to-one
NetCity.Common.ObjectModel.Nhibernate.QualityAssessment.DwVprPartVariant	NetCity.Common.ObjectModel.Nhibernate.QualityAssessment.DwVprPartVariant	DW_VPRPARTSVARIANTS	Assignment	ASSIGNMENTID	NetCity.Common.ObjectModel.Nhibernate.ClassJournal.Assignment	many-to-one
NetCity.Common.ObjectModel.Nhibernate.QualityAssessment.DwVprPartVariant	NetCity.Common.ObjectModel.Nhibernate.QualityAssessment.DwVprPartVariant	DW_VPRPARTSVARIANTS	DiagnosticWork	DWID	NetCity.Common.ObjectModel.Nhibernate.QualityAssessment.DiagnosticWork	many-to-one
NetCity.Common.ObjectModel.Nhibernate.QualityAssessment.DwVprStudentCode	NetCity.Common.ObjectModel.Nhibernate.QualityAssessment.DwVprStudentCode	DW_VPRSTUDENTCODES	Id	ID	Int32	id
NetCity.Common.ObjectModel.Nhibernate.QualityAssessment.DwVprStudentCode	NetCity.Common.ObjectModel.Nhibernate.QualityAssessment.DwVprStudentCode	DW_VPRSTUDENTCODES	Code	CODE	Int32	property
NetCity.Common.ObjectModel.Nhibernate.QualityAssessment.DwVprStudentCode	NetCity.Common.ObjectModel.Nhibernate.QualityAssessment.DwVprStudentCode	DW_VPRSTUDENTCODES	Student	STUDENTID	NetCity.Common.ObjectModel.Nhibernate.Users.Student	many-to-one
NetCity.Common.ObjectModel.Nhibernate.QualityAssessment.DwVprStudentCode	NetCity.Common.ObjectModel.Nhibernate.QualityAssessment.DwVprStudentCode	DW_VPRSTUDENTCODES	Assignment	ASSIGNMENTID	NetCity.Common.ObjectModel.Nhibernate.ClassJournal.Assignment	many-to-one
NetCity.Common.ObjectModel.Nhibernate.QualityAssessment.DwVprStudentCode	NetCity.Common.ObjectModel.Nhibernate.QualityAssessment.DwVprStudentCode	DW_VPRSTUDENTCODES	DiagnosticWork	DWID	NetCity.Common.ObjectModel.Nhibernate.QualityAssessment.DiagnosticWork	many-to-one
NetCity.Common.ObjectModel.Nhibernate.QualityAssessment.TestPlan	NetCity.Common.ObjectModel.Nhibernate.QualityAssessment.TestPlan	TESTPLANS	Id	TESTPLANID	Int32	id
NetCity.Common.ObjectModel.Nhibernate.QualityAssessment.TestPlan	NetCity.Common.ObjectModel.Nhibernate.QualityAssessment.TestPlan	TESTPLANS	Tasks		System.Collections.Generic.ISet`1[[NetCity.Common.ObjectModel.Nhibernate.QualityAssessment.TestTask, NetCity.Common.ObjectModel, Version=5.14.65351.225, Culture=neutral, PublicKeyToken=ea3eeeb5c070719f]](NetCity.Common.ObjectModel.Nhibernate.QualityAssessment.TestPlan.Tasks)	collection
NetCity.Common.ObjectModel.Nhibernate.QualityAssessment.TestPlan	NetCity.Common.ObjectModel.Nhibernate.QualityAssessment.TestPlan	TESTPLANS	DwVariants		System.Collections.Generic.ISet`1[[NetCity.Common.ObjectModel.Nhibernate.QualityAssessment.DwVariant, NetCity.Common.ObjectModel, Version=5.14.65351.225, Culture=neutral, PublicKeyToken=ea3eeeb5c070719f]](NetCity.Common.ObjectModel.Nhibernate.QualityAssessment.TestPlan.DwVariants)	collection
NetCity.Common.ObjectModel.Nhibernate.QualityAssessment.TestPlan	NetCity.Common.ObjectModel.Nhibernate.QualityAssessment.TestPlan	TESTPLANS	Assignments		System.Collections.Generic.ISet`1[[NetCity.Common.ObjectModel.Nhibernate.ClassJournal.Assignment, NetCity.Common.ObjectModel, Version=5.14.65351.225, Culture=neutral, PublicKeyToken=ea3eeeb5c070719f]](NetCity.Common.ObjectModel.Nhibernate.QualityAssessment.TestPlan.Assignments)	collection
NetCity.Common.ObjectModel.Nhibernate.QualityAssessment.TestPlan	NetCity.Common.ObjectModel.Nhibernate.QualityAssessment.TestPlan	TESTPLANS	TestLevel	TESTLEVEL	Int32	property
NetCity.Common.ObjectModel.Nhibernate.QualityAssessment.TestPlan	NetCity.Common.ObjectModel.Nhibernate.QualityAssessment.TestPlan	TESTPLANS	RegionGuid	REGIONTESTPLANGUID	Guid	property
NetCity.Common.ObjectModel.Nhibernate.QualityAssessment.TestPlan	NetCity.Common.ObjectModel.Nhibernate.QualityAssessment.TestPlan	TESTPLANS	Author	USERID	NetCity.Common.ObjectModel.Nhibernate.Users.User	many-to-one
NetCity.Common.ObjectModel.Nhibernate.QualityAssessment.TestTaskResult	NetCity.Common.ObjectModel.Nhibernate.QualityAssessment.TestTaskResult	TESTTASKRESULTS	Score	SCORE	Int32	property
NetCity.Common.ObjectModel.Nhibernate.QualityAssessment.TestTask	NetCity.Common.ObjectModel.Nhibernate.QualityAssessment.TestTask	TESTTASKS	Id	TASKID	Int32	id
NetCity.Common.ObjectModel.Nhibernate.QualityAssessment.TestTask	NetCity.Common.ObjectModel.Nhibernate.QualityAssessment.TestTask	TESTTASKS	Results		System.Collections.Generic.ISet`1[[NetCity.Common.ObjectModel.Nhibernate.QualityAssessment.TestTaskResult, NetCity.Common.ObjectModel, Version=5.14.65351.225, Culture=neutral, PublicKeyToken=ea3eeeb5c070719f]](NetCity.Common.ObjectModel.Nhibernate.QualityAssessment.TestTask.Results)	collection
NetCity.Common.ObjectModel.Nhibernate.QualityAssessment.TestTask	NetCity.Common.ObjectModel.Nhibernate.QualityAssessment.TestTask	TESTTASKS	ContentElements		System.Collections.Generic.ISet`1[[NetCity.Common.ObjectModel.Nhibernate.QualityAssessment.ContentElement, NetCity.Common.ObjectModel, Version=5.14.65351.225, Culture=neutral, PublicKeyToken=ea3eeeb5c070719f]](NetCity.Common.ObjectModel.Nhibernate.QualityAssessment.TestTask.ContentElements)	collection
NetCity.Common.ObjectModel.Nhibernate.QualityAssessment.TestTask	NetCity.Common.ObjectModel.Nhibernate.QualityAssessment.TestTask	TESTTASKS	Number	NUMBER	Int32	property
NetCity.Common.ObjectModel.Nhibernate.QualityAssessment.TestTask	NetCity.Common.ObjectModel.Nhibernate.QualityAssessment.TestTask	TESTTASKS	PossiblePoints	POSSIBLEPOINTS	Int32	property
NetCity.Common.ObjectModel.Nhibernate.QualityAssessment.TestTask	NetCity.Common.ObjectModel.Nhibernate.QualityAssessment.TestTask	TESTTASKS	Difficult	DIFFICULT	NHibernate.Type.EnumType`1[[NetCity.Common.ObjectModel.Nhibernate.QualityAssessment.TaskDifficult, NetCity.Common, Version=0.11.30.0, Culture=neutral, PublicKeyToken=ea3eeeb5c070719f]], NHibernate	property
NetCity.Common.ObjectModel.Nhibernate.QualityAssessment.TestTask	NetCity.Common.ObjectModel.Nhibernate.QualityAssessment.TestTask	TESTTASKS	MistakeType	MISTAKETYPE	NHibernate.Type.EnumType`1[[NetCity.Common.ObjectModel.Nhibernate.QualityAssessment.TaskMistakeType, NetCity.Common, Version=0.11.30.0, Culture=neutral, PublicKeyToken=ea3eeeb5c070719f]], NHibernate	property
NetCity.Common.ObjectModel.Nhibernate.QualityAssessment.TestTask	NetCity.Common.ObjectModel.Nhibernate.QualityAssessment.TestTask	TESTTASKS	Additional	ADDITIONAL	AnsiString	property
NetCity.Common.ObjectModel.Nhibernate.QualityAssessment.TestTask	NetCity.Common.ObjectModel.Nhibernate.QualityAssessment.TestTask	TESTTASKS	RegionGuid	REGIONTESTTASKGUID	Guid	property
NetCity.Common.ObjectModel.Nhibernate.QualityAssessment.TestTask	NetCity.Common.ObjectModel.Nhibernate.QualityAssessment.TestTask	TESTTASKS	TestPlan	TESTPLANID	NetCity.Common.ObjectModel.Nhibernate.QualityAssessment.TestPlan	many-to-one
NetCity.Common.ObjectModel.Nhibernate.Queue.QueueTaskData	NetCity.Common.ObjectModel.Nhibernate.Queue.QueueTaskData	QUEUEDTASKS_DATA	Id	TASKID	Int32	id
NetCity.Common.ObjectModel.Nhibernate.Queue.QueueTaskData	NetCity.Common.ObjectModel.Nhibernate.Queue.QueueTaskData	QUEUEDTASKS_DATA	JsonData	JSONDATA	String	property
NetCity.Common.ObjectModel.Nhibernate.Queue.QueueTaskData	NetCity.Common.ObjectModel.Nhibernate.Queue.QueueTaskData	QUEUEDTASKS_DATA	ResultData	RESULTDATA	String	property
NetCity.Common.ObjectModel.Nhibernate.Queue.QueueTaskData	NetCity.Common.ObjectModel.Nhibernate.Queue.QueueTaskData	QUEUEDTASKS_DATA	SessionData	SESSION	String	property
NetCity.Common.ObjectModel.Nhibernate.Queue.QueueTaskData	NetCity.Common.ObjectModel.Nhibernate.Queue.QueueTaskData	QUEUEDTASKS_DATA	PrincipalData	PRINCIPAL	String	property
NetCity.Common.ObjectModel.Nhibernate.Queue.QueueTaskData	NetCity.Common.ObjectModel.Nhibernate.Queue.QueueTaskData	QUEUEDTASKS_DATA	QueueTask	TASKID	NetCity.Common.ObjectModel.Nhibernate.Queue.QueueTask	many-to-one
NetCity.Integration.Chat.Queue.SyncPredefinedChatsTask	NetCity.Integration.Chat.Queue.SyncPredefinedChatsTask	QUEUEDTASKS	Id	ID	Int32	id
NetCity.Integration.Chat.Queue.SyncPredefinedChatsTask	NetCity.Integration.Chat.Queue.SyncPredefinedChatsTask	QUEUEDTASKS	School	SCHOOLID	NetCity.Common.ObjectModel.Nhibernate.Organizations.School	many-to-one
NetCity.Common.ObjectModel.Nhibernate.Queue.CreateFutureYearTask	NetCity.Common.ObjectModel.Nhibernate.Queue.CreateFutureYearTask	QUEUEDTASKS	Id	ID	Int32	id
NetCity.Common.ObjectModel.Nhibernate.Queue.CreateFutureYearTask	NetCity.Common.ObjectModel.Nhibernate.Queue.CreateFutureYearTask	QUEUEDTASKS	School	SCHOOLID	NetCity.Common.ObjectModel.Nhibernate.Organizations.School	many-to-one
NetCity.Common.ObjectModel.Nhibernate.Queue.DeleteSchoolTask	NetCity.Common.ObjectModel.Nhibernate.Queue.DeleteSchoolTask	QUEUEDTASKS	Id	ID	Int32	id
NetCity.Common.ObjectModel.Nhibernate.Queue.DeleteSubjectGroupTask	NetCity.Common.ObjectModel.Nhibernate.Queue.DeleteSubjectGroupTask	QUEUEDTASKS	Id	ID	Int32	id
NetCity.Common.ObjectModel.Nhibernate.Queue.DeleteSubjectPlanTask	NetCity.Common.ObjectModel.Nhibernate.Queue.DeleteSubjectPlanTask	QUEUEDTASKS	Id	ID	Int32	id
NetCity.Common.ObjectModel.Nhibernate.Queue.DeleteUsersTask	NetCity.Common.ObjectModel.Nhibernate.Queue.DeleteUsersTask	QUEUEDTASKS	Id	ID	Int32	id
NetCity.Common.ObjectModel.Nhibernate.Queue.DiagnosticDateFormatTask	NetCity.Common.ObjectModel.Nhibernate.Queue.DiagnosticDateFormatTask	QUEUEDTASKS	Id	ID	Int32	id
NetCity.Common.ObjectModel.Nhibernate.Queue.DiagnosticTask	NetCity.Common.ObjectModel.Nhibernate.Queue.DiagnosticTask	QUEUEDTASKS	Id	ID	Int32	id
NetCity.Common.ObjectModel.Nhibernate.Queue.EducPortalUploadTask	NetCity.Common.ObjectModel.Nhibernate.Queue.EducPortalUploadTask	QUEUEDTASKS	Id	ID	Int32	id
NetCity.Common.ObjectModel.Nhibernate.Queue.ExportPlannerTask	NetCity.Common.ObjectModel.Nhibernate.Queue.ExportPlannerTask	QUEUEDTASKS	Id	ID	Int32	id
NetCity.Common.ObjectModel.Nhibernate.Queue.ExportUsersTask	NetCity.Common.ObjectModel.Nhibernate.Queue.ExportUsersTask	QUEUEDTASKS	Id	ID	Int32	id
NetCity.Common.ObjectModel.Nhibernate.Queue.GetHeavyReportTask	NetCity.Common.ObjectModel.Nhibernate.Queue.GetHeavyReportTask	QUEUEDTASKS	Id	ID	Int32	id
NetCity.Common.ObjectModel.Nhibernate.Queue.GetReportTask	NetCity.Common.ObjectModel.Nhibernate.Queue.GetReportTask	QUEUEDTASKS	Id	ID	Int32	id
NetCity.Common.ObjectModel.Nhibernate.Queue.ImportForUpdateTask	NetCity.Common.ObjectModel.Nhibernate.Queue.ImportForUpdateTask	QUEUEDTASKS	Id	ID	Int32	id
NetCity.Common.ObjectModel.Nhibernate.Queue.ImportParentPayRecordsTask	NetCity.Common.ObjectModel.Nhibernate.Queue.ImportParentPayRecordsTask	QUEUEDTASKS	Id	ID	Int32	id
NetCity.Common.ObjectModel.Nhibernate.Queue.ImportStaffTask	NetCity.Common.ObjectModel.Nhibernate.Queue.ImportStaffTask	QUEUEDTASKS	Id	ID	Int32	id
NetCity.Common.ObjectModel.Nhibernate.Queue.InLearnoEnrollmentTask	NetCity.Common.ObjectModel.Nhibernate.Queue.InLearnoEnrollmentTask	QUEUEDTASKS	Id	ID	Int32	id
NetCity.Common.ObjectModel.Nhibernate.Queue.MergeUsersTask	NetCity.Common.ObjectModel.Nhibernate.Queue.MergeUsersTask	QUEUEDTASKS	Id	ID	Int32	id
NetCity.Common.ObjectModel.Nhibernate.Queue.PublishAddProgramsTask	NetCity.Common.ObjectModel.Nhibernate.Queue.PublishAddProgramsTask	QUEUEDTASKS	Id	ID	Int32	id
NetCity.Common.ObjectModel.Nhibernate.Queue.PublishCertificatesTask	NetCity.Common.ObjectModel.Nhibernate.Queue.PublishCertificatesTask	QUEUEDTASKS	Id	ID	Int32	id
NetCity.Common.ObjectModel.Nhibernate.Queue.PublishOrganizationsTask	NetCity.Common.ObjectModel.Nhibernate.Queue.PublishOrganizationsTask	QUEUEDTASKS	Id	ID	Int32	id
NetCity.Common.ObjectModel.Nhibernate.Queue.QueueRefuseMovementTask	NetCity.Common.ObjectModel.Nhibernate.Queue.QueueRefuseMovementTask	QUEUEDTASKS	Id	ID	Int32	id
NetCity.Common.ObjectModel.Nhibernate.Queue.QueueStudentsMovementsTask	NetCity.Common.ObjectModel.Nhibernate.Queue.QueueStudentsMovementsTask	QUEUEDTASKS	Id	ID	Int32	id
NetCity.Common.ObjectModel.Nhibernate.Queue.QueueStudentsMovementsTask	NetCity.Common.ObjectModel.Nhibernate.Queue.QueueStudentsMovementsTask	QUEUEDTASKS	DocDate	DOCDATE	DateTime	property
NetCity.Common.ObjectModel.Nhibernate.Queue.QueueStudentsMovementsTask	NetCity.Common.ObjectModel.Nhibernate.Queue.QueueStudentsMovementsTask	QUEUEDTASKS	DocNumber	DOCNUMBER	String	property
NetCity.Common.ObjectModel.Nhibernate.Queue.QueueStudentsMovementsTask	NetCity.Common.ObjectModel.Nhibernate.Queue.QueueStudentsMovementsTask	QUEUEDTASKS	FileName	FILENAME	String	property
NetCity.Common.ObjectModel.Nhibernate.Queue.QueueStudentsMovementsTask	NetCity.Common.ObjectModel.Nhibernate.Queue.QueueStudentsMovementsTask	QUEUEDTASKS	StudentsCount	STUDCNT	Int32	property
NetCity.Common.ObjectModel.Nhibernate.Queue.RestorePfdoCertificatesPDFTask	NetCity.Common.ObjectModel.Nhibernate.Queue.RestorePfdoCertificatesPDFTask	QUEUEDTASKS	Id	ID	Int32	id
NetCity.Common.ObjectModel.Nhibernate.Queue.SaveCurriculumTask	NetCity.Common.ObjectModel.Nhibernate.Queue.SaveCurriculumTask	QUEUEDTASKS	Id	ID	Int32	id
NetCity.Common.ObjectModel.Nhibernate.Queue.SaveScheduleTask	NetCity.Common.ObjectModel.Nhibernate.Queue.SaveScheduleTask	QUEUEDTASKS	Id	ID	Int32	id
NetCity.Common.ObjectModel.Nhibernate.Queue.SaveTermTypesTask	NetCity.Common.ObjectModel.Nhibernate.Queue.SaveTermTypesTask	QUEUEDTASKS	Id	ID	Int32	id
NetCity.Common.ObjectModel.Nhibernate.Queue.SyncInLearnoNavigatorAddProgramsTask	NetCity.Common.ObjectModel.Nhibernate.Queue.SyncInLearnoNavigatorAddProgramsTask	QUEUEDTASKS	Id	ID	Int32	id
NetCity.Common.ObjectModel.Nhibernate.Queue.SyncPfdoAddProgramsTask	NetCity.Common.ObjectModel.Nhibernate.Queue.SyncPfdoAddProgramsTask	QUEUEDTASKS	Id	ID	Int32	id
NetCity.Common.ObjectModel.Nhibernate.Queue.SyncPfdoCertificateGroupsTask	NetCity.Common.ObjectModel.Nhibernate.Queue.SyncPfdoCertificateGroupsTask	QUEUEDTASKS	Id	ID	Int32	id
NetCity.Common.ObjectModel.Nhibernate.Queue.UploadCertificatesPfdoTask	NetCity.Common.ObjectModel.Nhibernate.Queue.UploadCertificatesPfdoTask	QUEUEDTASKS	Id	ID	Int32	id
NetCity.Common.ObjectModel.Nhibernate.Queue.QueueTask	NetCity.Common.ObjectModel.Nhibernate.Queue.QueueTask	QUEUEDTASKS	Id	ID	Int32	id
NetCity.Common.ObjectModel.Nhibernate.Queue.QueueTask	NetCity.Common.ObjectModel.Nhibernate.Queue.QueueTask	QUEUEDTASKS	TaskData		System.Collections.Generic.ISet`1[[NetCity.Common.ObjectModel.Nhibernate.Queue.QueueTaskData, NetCity.Common.ObjectModel, Version=5.14.65351.225, Culture=neutral, PublicKeyToken=ea3eeeb5c070719f]](NetCity.Common.ObjectModel.Nhibernate.Queue.QueueTask.TaskData)	collection
NetCity.Common.ObjectModel.Nhibernate.Queue.QueueTask	NetCity.Common.ObjectModel.Nhibernate.Queue.QueueTask	QUEUEDTASKS	TaskType	TaskType	String	property
NetCity.Common.ObjectModel.Nhibernate.Queue.QueueTask	NetCity.Common.ObjectModel.Nhibernate.Queue.QueueTask	QUEUEDTASKS	Queued	ENQUEUEDATE	DateTime	property
NetCity.Common.ObjectModel.Nhibernate.Queue.QueueTask	NetCity.Common.ObjectModel.Nhibernate.Queue.QueueTask	QUEUEDTASKS	StartProcessing	STARTDATE	DateTime	property
NetCity.Common.ObjectModel.Nhibernate.Queue.QueueTask	NetCity.Common.ObjectModel.Nhibernate.Queue.QueueTask	QUEUEDTASKS	EndProcessing	ENDDATE	DateTime	property
NetCity.Common.ObjectModel.Nhibernate.Queue.QueueTask	NetCity.Common.ObjectModel.Nhibernate.Queue.QueueTask	QUEUEDTASKS	Status	STATUS	enumstring - QueueTaskStatus	property
NetCity.Common.ObjectModel.Nhibernate.Queue.QueueTask	NetCity.Common.ObjectModel.Nhibernate.Queue.QueueTask	QUEUEDTASKS	DataHash	DATAHASH	String	property
NetCity.Common.ObjectModel.Nhibernate.Queue.QueueTask	NetCity.Common.ObjectModel.Nhibernate.Queue.QueueTask	QUEUEDTASKS	ActiveConnectionTask	ISACTIVEEXEC	Boolean	property
NetCity.Common.ObjectModel.Nhibernate.Queue.QueueTask	NetCity.Common.ObjectModel.Nhibernate.Queue.QueueTask	QUEUEDTASKS	User	USERID	NetCity.Common.ObjectModel.Nhibernate.Users.User	many-to-one
NetCity.Common.ObjectModel.Nhibernate.Resources.SchoolResourceGroup	NetCity.Common.ObjectModel.Nhibernate.Resources.SchoolResourceGroup	SCHOOLRESOURCEGROUPS	Id	GROUPID	Int32	id
NetCity.Common.ObjectModel.Nhibernate.Resources.SchoolResourceGroup	NetCity.Common.ObjectModel.Nhibernate.Resources.SchoolResourceGroup	SCHOOLRESOURCEGROUPS	ChildGroups		System.Collections.Generic.HashSet`1[[NetCity.Common.ObjectModel.Nhibernate.Resources.SchoolResourceGroup, NetCity.Common.ObjectModel, Version=5.14.65351.225, Culture=neutral, PublicKeyToken=ea3eeeb5c070719f]](NetCity.Common.ObjectModel.Nhibernate.Resources.SchoolResourceGroup.ChildGroups)	collection
NetCity.Common.ObjectModel.Nhibernate.Resources.SchoolResourceGroup	NetCity.Common.ObjectModel.Nhibernate.Resources.SchoolResourceGroup	SCHOOLRESOURCEGROUPS	Name	GROUPNAME	AnsiString	property
NetCity.Common.ObjectModel.Nhibernate.Resources.SchoolResourceGroup	NetCity.Common.ObjectModel.Nhibernate.Resources.SchoolResourceGroup	SCHOOLRESOURCEGROUPS	Num	NUM	Int32	property
NetCity.Common.ObjectModel.Nhibernate.Resources.SchoolResourceGroup	NetCity.Common.ObjectModel.Nhibernate.Resources.SchoolResourceGroup	SCHOOLRESOURCEGROUPS	School	SCHOOLID	NetCity.Common.ObjectModel.Nhibernate.Organizations.School	many-to-one
NetCity.Common.ObjectModel.Nhibernate.Resources.SchoolResourceGroup	NetCity.Common.ObjectModel.Nhibernate.Resources.SchoolResourceGroup	SCHOOLRESOURCEGROUPS	ParentGroup	PARENTGROUPID	NetCity.Common.ObjectModel.Nhibernate.Resources.SchoolResourceGroup	many-to-one
NetCity.Common.ObjectModel.Nhibernate.Resources.SchoolResource	NetCity.Common.ObjectModel.Nhibernate.Resources.SchoolResource	SCHOOLRESOURCES	Id	RESOURCEID	Int32	id
NetCity.Common.ObjectModel.Nhibernate.Resources.SchoolResource	NetCity.Common.ObjectModel.Nhibernate.Resources.SchoolResource	SCHOOLRESOURCES	Name	RESOURCENAME	AnsiString	property
NetCity.Common.ObjectModel.Nhibernate.Resources.SchoolResource	NetCity.Common.ObjectModel.Nhibernate.Resources.SchoolResource	SCHOOLRESOURCES	Url	URL	AnsiString	property
NetCity.Common.ObjectModel.Nhibernate.Resources.SchoolResource	NetCity.Common.ObjectModel.Nhibernate.Resources.SchoolResource	SCHOOLRESOURCES	Group	GROUPID	NetCity.Common.ObjectModel.Nhibernate.Resources.SchoolResourceGroup	many-to-one
NetCity.Integration.DistanceLearningModule.Model.DistanceMeeting	NetCity.Integration.DistanceLearningModule.Model.DistanceMeeting	DISTANCEMEETINGS	Id	CLASSMEETINGID	Int32	id
NetCity.Integration.DistanceLearningModule.Model.DistanceMeeting	NetCity.Integration.DistanceLearningModule.Model.DistanceMeeting	DISTANCEMEETINGS	ConferenceId	VIDEOMEETINGID	AnsiString	property
NetCity.Common.ObjectModel.Nhibernate.Schedule.Classmeeting	NetCity.Common.ObjectModel.Nhibernate.Schedule.Classmeeting	CLASSMEETINGS	Id	CLASSMEETINGID	Int32	id
NetCity.Common.ObjectModel.Nhibernate.Schedule.Classmeeting	NetCity.Common.ObjectModel.Nhibernate.Schedule.Classmeeting	CLASSMEETINGS	Assignments		System.Collections.Generic.ISet`1[[NetCity.Common.ObjectModel.Nhibernate.ClassJournal.Assignment, NetCity.Common.ObjectModel, Version=5.14.65351.225, Culture=neutral, PublicKeyToken=ea3eeeb5c070719f]](NetCity.Common.ObjectModel.Nhibernate.Schedule.Classmeeting.Assignments)	collection
NetCity.Common.ObjectModel.Nhibernate.Schedule.Classmeeting	NetCity.Common.ObjectModel.Nhibernate.Schedule.Classmeeting	CLASSMEETINGS	IssuedAssignments		System.Collections.Generic.ISet`1[[NetCity.Common.ObjectModel.Nhibernate.ClassJournal.Assignment, NetCity.Common.ObjectModel, Version=5.14.65351.225, Culture=neutral, PublicKeyToken=ea3eeeb5c070719f]](NetCity.Common.ObjectModel.Nhibernate.Schedule.Classmeeting.IssuedAssignments)	collection
NetCity.Common.ObjectModel.Nhibernate.Schedule.Classmeeting	NetCity.Common.ObjectModel.Nhibernate.Schedule.Classmeeting	CLASSMEETINGS	Attendances		System.Collections.Generic.ISet`1[[NetCity.Common.ObjectModel.Nhibernate.ClassJournal.Attendance, NetCity.Common.ObjectModel, Version=5.14.65351.225, Culture=neutral, PublicKeyToken=ea3eeeb5c070719f]](NetCity.Common.ObjectModel.Nhibernate.Schedule.Classmeeting.Attendances)	collection
NetCity.Common.ObjectModel.Nhibernate.Schedule.Classmeeting	NetCity.Common.ObjectModel.Nhibernate.Schedule.Classmeeting	CLASSMEETINGS	Teachers		System.Collections.Generic.ISet`1[[NetCity.Common.ObjectModel.Nhibernate.Schedule.ClassmeetingTeacher, NetCity.Common.ObjectModel, Version=5.14.65351.225, Culture=neutral, PublicKeyToken=ea3eeeb5c070719f]](NetCity.Common.ObjectModel.Nhibernate.Schedule.Classmeeting.Teachers)	collection
NetCity.Common.ObjectModel.Nhibernate.Schedule.Classmeeting	NetCity.Common.ObjectModel.Nhibernate.Schedule.Classmeeting	CLASSMEETINGS	Day	DAY	DateTime	property
NetCity.Common.ObjectModel.Nhibernate.Schedule.Classmeeting	NetCity.Common.ObjectModel.Nhibernate.Schedule.Classmeeting	CLASSMEETINGS	SubjectGroup	SGID	NetCity.Common.ObjectModel.Nhibernate.SubjectGroup	many-to-one
NetCity.Common.ObjectModel.Nhibernate.Schedule.Classmeeting	NetCity.Common.ObjectModel.Nhibernate.Schedule.Classmeeting	CLASSMEETINGS	Lesson	LESSONID	NetCity.Common.ObjectModel.Nhibernate.ThematicPlanning.Lesson	many-to-one
NetCity.Common.ObjectModel.Nhibernate.Schedule.Classmeeting	NetCity.Common.ObjectModel.Nhibernate.Schedule.Classmeeting	CLASSMEETINGS	Room	ROOMID	NetCity.Common.ObjectModel.Nhibernate.Schedule.Room	many-to-one
NetCity.Common.ObjectModel.Nhibernate.Schedule.Classmeeting	NetCity.Common.ObjectModel.Nhibernate.Schedule.Classmeeting	CLASSMEETINGS	Term	TERMID	NetCity.Common.ObjectModel.Nhibernate.Term	many-to-one
NetCity.Common.ObjectModel.Nhibernate.Schedule.Classmeeting	NetCity.Common.ObjectModel.Nhibernate.Schedule.Classmeeting	CLASSMEETINGS	ScheduleTime	SCHEDULETIMEID	NetCity.Common.ObjectModel.Nhibernate.Schedule.ScheduleTime	many-to-one
NetCity.Common.ObjectModel.Nhibernate.Schedule.ClassmeetingTeacher	NetCity.Common.ObjectModel.Nhibernate.Schedule.ClassmeetingTeacher	CLASSMEETINGSTEACHERS	Id	ID	Int32	id
NetCity.Common.ObjectModel.Nhibernate.Schedule.ClassmeetingTeacher	NetCity.Common.ObjectModel.Nhibernate.Schedule.ClassmeetingTeacher	CLASSMEETINGSTEACHERS	Classmeeting	CMID	NetCity.Common.ObjectModel.Nhibernate.Schedule.Classmeeting	many-to-one
NetCity.Common.ObjectModel.Nhibernate.Schedule.ClassmeetingTeacher	NetCity.Common.ObjectModel.Nhibernate.Schedule.ClassmeetingTeacher	CLASSMEETINGSTEACHERS	Teacher	TEACHERID	NetCity.Common.ObjectModel.Nhibernate.Users.User	many-to-one
NetCity.Common.ObjectModel.Nhibernate.Schedule.Room	NetCity.Common.ObjectModel.Nhibernate.Schedule.Room	ROOMS	Id	ROOMID	Int32	id
NetCity.Common.ObjectModel.Nhibernate.Schedule.Room	NetCity.Common.ObjectModel.Nhibernate.Schedule.Room	ROOMS	Classmeetings		System.Collections.Generic.ISet`1[[NetCity.Common.ObjectModel.Nhibernate.Schedule.Classmeeting, NetCity.Common.ObjectModel, Version=5.14.65351.225, Culture=neutral, PublicKeyToken=ea3eeeb5c070719f]](NetCity.Common.ObjectModel.Nhibernate.Schedule.Room.Classmeetings)	collection
NetCity.Common.ObjectModel.Nhibernate.Schedule.Room	NetCity.Common.ObjectModel.Nhibernate.Schedule.Room	ROOMS	Classes		System.Collections.Generic.ISet`1[[NetCity.Common.ObjectModel.Nhibernate.Classes.Class, NetCity.Common.ObjectModel, Version=5.14.65351.225, Culture=neutral, PublicKeyToken=ea3eeeb5c070719f]](NetCity.Common.ObjectModel.Nhibernate.Schedule.Room.Classes)	collection
NetCity.Common.ObjectModel.Nhibernate.Schedule.Room	NetCity.Common.ObjectModel.Nhibernate.Schedule.Room	ROOMS	ClassEvents		System.Collections.Generic.ISet`1[[NetCity.Common.ObjectModel.Nhibernate.Events.ClassEvent, NetCity.Common.ObjectModel, Version=5.14.65351.225, Culture=neutral, PublicKeyToken=ea3eeeb5c070719f]](NetCity.Common.ObjectModel.Nhibernate.Schedule.Room.ClassEvents)	collection
NetCity.Common.ObjectModel.Nhibernate.Schedule.Room	NetCity.Common.ObjectModel.Nhibernate.Schedule.Room	ROOMS	SchoolEvents		System.Collections.Generic.ISet`1[[NetCity.Common.ObjectModel.Nhibernate.Events.SchoolEvent, NetCity.Common.ObjectModel, Version=5.14.65351.225, Culture=neutral, PublicKeyToken=ea3eeeb5c070719f]](NetCity.Common.ObjectModel.Nhibernate.Schedule.Room.SchoolEvents)	collection
NetCity.Common.ObjectModel.Nhibernate.Schedule.Room	NetCity.Common.ObjectModel.Nhibernate.Schedule.Room	ROOMS	Subjects		System.Collections.Generic.ISet`1[[NetCity.Common.ObjectModel.Nhibernate.Subject, NetCity.Common.ObjectModel, Version=5.14.65351.225, Culture=neutral, PublicKeyToken=ea3eeeb5c070719f]](NetCity.Common.ObjectModel.Nhibernate.Schedule.Room.Subjects)	collection
NetCity.Common.ObjectModel.Nhibernate.Schedule.Room	NetCity.Common.ObjectModel.Nhibernate.Schedule.Room	ROOMS	Teachers		System.Collections.Generic.ISet`1[[NetCity.Common.ObjectModel.Nhibernate.Users.User, NetCity.Common.ObjectModel, Version=5.14.65351.225, Culture=neutral, PublicKeyToken=ea3eeeb5c070719f]](NetCity.Common.ObjectModel.Nhibernate.Schedule.Room.Teachers)	collection
NetCity.Common.ObjectModel.Nhibernate.Schedule.Room	NetCity.Common.ObjectModel.Nhibernate.Schedule.Room	ROOMS	Floor	FLOOR	Int32	property
NetCity.Common.ObjectModel.Nhibernate.Schedule.Room	NetCity.Common.ObjectModel.Nhibernate.Schedule.Room	ROOMS	Roomname	ROOMNAME	AnsiString	property
NetCity.Common.ObjectModel.Nhibernate.Schedule.Room	NetCity.Common.ObjectModel.Nhibernate.Schedule.Room	ROOMS	Seats	SEATS	Int32	property
NetCity.Common.ObjectModel.Nhibernate.Schedule.Room	NetCity.Common.ObjectModel.Nhibernate.Schedule.Room	ROOMS	Study	STUDY	Boolean	property
NetCity.Common.ObjectModel.Nhibernate.Schedule.Room	NetCity.Common.ObjectModel.Nhibernate.Schedule.Room	ROOMS	Corpus	CORPUS	AnsiString	property
NetCity.Common.ObjectModel.Nhibernate.Schedule.Room	NetCity.Common.ObjectModel.Nhibernate.Schedule.Room	ROOMS	Length	LENGTH	Double	property
NetCity.Common.ObjectModel.Nhibernate.Schedule.Room	NetCity.Common.ObjectModel.Nhibernate.Schedule.Room	ROOMS	Width	WIDTH	Double	property
NetCity.Common.ObjectModel.Nhibernate.Schedule.Room	NetCity.Common.ObjectModel.Nhibernate.Schedule.Room	ROOMS	Area	AREA	Double	property
NetCity.Common.ObjectModel.Nhibernate.Schedule.Room	NetCity.Common.ObjectModel.Nhibernate.Schedule.Room	ROOMS	IsDeleted	ISDELETED	Boolean	property
NetCity.Common.ObjectModel.Nhibernate.Schedule.Room	NetCity.Common.ObjectModel.Nhibernate.Schedule.Room	ROOMS	Responsible	RESPONSIBLEID	NetCity.Common.ObjectModel.Nhibernate.Users.User	many-to-one
NetCity.Common.ObjectModel.Nhibernate.Schedule.Room	NetCity.Common.ObjectModel.Nhibernate.Schedule.Room	ROOMS	School	SCHOOLID	NetCity.Common.ObjectModel.Nhibernate.Organizations.School	many-to-one
NetCity.Common.ObjectModel.Nhibernate.Schedule.ScheduleRelay	NetCity.Common.ObjectModel.Nhibernate.Schedule.ScheduleRelay	SCHEDULE_RELAYS	Id	RELAY	Int32	id
NetCity.Common.ObjectModel.Nhibernate.Schedule.ScheduleTime	NetCity.Common.ObjectModel.Nhibernate.Schedule.ScheduleTime	SCHEDULETIMES	Id	SCHEDULETIMEID	Int32	id
NetCity.Common.ObjectModel.Nhibernate.Schedule.ScheduleTime	NetCity.Common.ObjectModel.Nhibernate.Schedule.ScheduleTime	SCHEDULETIMES	Classmeetings		System.Collections.Generic.ISet`1[[NetCity.Common.ObjectModel.Nhibernate.Schedule.Classmeeting, NetCity.Common.ObjectModel, Version=5.14.65351.225, Culture=neutral, PublicKeyToken=ea3eeeb5c070719f]](NetCity.Common.ObjectModel.Nhibernate.Schedule.ScheduleTime.Classmeetings)	collection
NetCity.Common.ObjectModel.Nhibernate.Schedule.ScheduleTime	NetCity.Common.ObjectModel.Nhibernate.Schedule.ScheduleTime	SCHEDULETIMES	StartTime	STARTTIME	DateTime	property
NetCity.Common.ObjectModel.Nhibernate.Schedule.ScheduleTime	NetCity.Common.ObjectModel.Nhibernate.Schedule.ScheduleTime	SCHEDULETIMES	EndTime	ENDTIME	DateTime	property
NetCity.Common.ObjectModel.Nhibernate.Schedule.ScheduleTime	NetCity.Common.ObjectModel.Nhibernate.Schedule.ScheduleTime	SCHEDULETIMES	Relay	RELAY	Int32	property
NetCity.Common.ObjectModel.Nhibernate.Schedule.ScheduleTime	NetCity.Common.ObjectModel.Nhibernate.Schedule.ScheduleTime	SCHEDULETIMES	ScheduleTimeNumber	SCHEDULETIMENUMBER	Int32	property
NetCity.Common.ObjectModel.Nhibernate.Schedule.ScheduleTime	NetCity.Common.ObjectModel.Nhibernate.Schedule.ScheduleTime	SCHEDULETIMES	WeekDayNum	WEEKDAYNUM	Int32	property
NetCity.Common.ObjectModel.Nhibernate.Schedule.ScheduleTime	NetCity.Common.ObjectModel.Nhibernate.Schedule.ScheduleTime	SCHEDULETIMES	SchoolYear	SCHOOLYEARID	NetCity.Common.ObjectModel.Nhibernate.Schoolyear	many-to-one
NetCity.Common.ObjectModel.Nhibernate.Schedule.ScheduleTime	NetCity.Common.ObjectModel.Nhibernate.Schedule.ScheduleTime	SCHEDULETIMES	ScheduleTimeVariant	VARIANTID	NetCity.Common.ObjectModel.Nhibernate.Schedule.ScheduleTimeVariant	many-to-one
NetCity.Common.ObjectModel.Nhibernate.Schedule.ScheduleTimeVariant	NetCity.Common.ObjectModel.Nhibernate.Schedule.ScheduleTimeVariant	ST_VARIANTS	Id	VARIANTID	Int32	id
NetCity.Common.ObjectModel.Nhibernate.Schedule.ScheduleTimeVariant	NetCity.Common.ObjectModel.Nhibernate.Schedule.ScheduleTimeVariant	ST_VARIANTS	Classes		System.Collections.Generic.ISet`1[[NetCity.Common.ObjectModel.Nhibernate.Classes.Class, NetCity.Common.ObjectModel, Version=5.14.65351.225, Culture=neutral, PublicKeyToken=ea3eeeb5c070719f]](NetCity.Common.ObjectModel.Nhibernate.Schedule.ScheduleTimeVariant.Classes)	collection
NetCity.Common.ObjectModel.Nhibernate.Schedule.ScheduleTimeVariant	NetCity.Common.ObjectModel.Nhibernate.Schedule.ScheduleTimeVariant	ST_VARIANTS	Grades		System.Collections.Generic.ISet`1[[System.Int32, mscorlib, Version=4.0.0.0, Culture=neutral, PublicKeyToken=b77a5c561934e089]](NetCity.Common.ObjectModel.Nhibernate.Schedule.ScheduleTimeVariant.Grades)	collection
NetCity.Common.ObjectModel.Nhibernate.Schedule.ScheduleTimeVariant	NetCity.Common.ObjectModel.Nhibernate.Schedule.ScheduleTimeVariant	ST_VARIANTS	IupGrades		System.Collections.Generic.ISet`1[[System.Int32, mscorlib, Version=4.0.0.0, Culture=neutral, PublicKeyToken=b77a5c561934e089]](NetCity.Common.ObjectModel.Nhibernate.Schedule.ScheduleTimeVariant.IupGrades)	collection
NetCity.Common.ObjectModel.Nhibernate.Schedule.ScheduleTimeVariant	NetCity.Common.ObjectModel.Nhibernate.Schedule.ScheduleTimeVariant	ST_VARIANTS	EaSubjectGroups		System.Collections.Generic.ISet`1[[NetCity.Common.ObjectModel.Nhibernate.ExtraActivity.ExtraSubjectGroup, NetCity.Common.ObjectModel, Version=5.14.65351.225, Culture=neutral, PublicKeyToken=ea3eeeb5c070719f]](NetCity.Common.ObjectModel.Nhibernate.Schedule.ScheduleTimeVariant.EaSubjectGroups)	collection
NetCity.Common.ObjectModel.Nhibernate.Schedule.ScheduleTimeVariant	NetCity.Common.ObjectModel.Nhibernate.Schedule.ScheduleTimeVariant	ST_VARIANTS	ScheduleTimes		System.Collections.Generic.ISet`1[[NetCity.Common.ObjectModel.Nhibernate.Schedule.ScheduleTime, NetCity.Common.ObjectModel, Version=5.14.65351.225, Culture=neutral, PublicKeyToken=ea3eeeb5c070719f]](NetCity.Common.ObjectModel.Nhibernate.Schedule.ScheduleTimeVariant.ScheduleTimes)	collection
NetCity.Common.ObjectModel.Nhibernate.Schedule.ScheduleTimeVariant	NetCity.Common.ObjectModel.Nhibernate.Schedule.ScheduleTimeVariant	ST_VARIANTS	SubjectGroupScheduleTimeVariants		System.Collections.Generic.ISet`1[[NetCity.Common.ObjectModel.Nhibernate.Schedule.SubjectGroupScheduleTimeVariant, NetCity.Common.ObjectModel, Version=5.14.65351.225, Culture=neutral, PublicKeyToken=ea3eeeb5c070719f]](NetCity.Common.ObjectModel.Nhibernate.Schedule.ScheduleTimeVariant.SubjectGroupScheduleTimeVariants)	collection
NetCity.Common.ObjectModel.Nhibernate.Schedule.ScheduleTimeVariant	NetCity.Common.ObjectModel.Nhibernate.Schedule.ScheduleTimeVariant	ST_VARIANTS	VariantName	VARIANTNAME	AnsiString	property
NetCity.Common.ObjectModel.Nhibernate.Schedule.ScheduleTimeVariant	NetCity.Common.ObjectModel.Nhibernate.Schedule.ScheduleTimeVariant	ST_VARIANTS	IsSchoolYearVariant	SCHOOLVARIANT	Boolean	property
NetCity.Common.ObjectModel.Nhibernate.Schedule.ScheduleTimeVariant	NetCity.Common.ObjectModel.Nhibernate.Schedule.ScheduleTimeVariant	ST_VARIANTS	SchoolYear	SCHOOLYEARID	NetCity.Common.ObjectModel.Nhibernate.Schoolyear	many-to-one
NetCity.Common.ObjectModel.Nhibernate.Schedule.SubjectGroupScheduleTimeVariant	NetCity.Common.ObjectModel.Nhibernate.Schedule.SubjectGroupScheduleTimeVariant	SG_ST_VARIANTS	YearId	SCHOOLYEARID	Int32	property
NetCity.Common.ObjectModel.Nhibernate.Schedule.SubjectGroupScheduleTimeVariant	NetCity.Common.ObjectModel.Nhibernate.Schedule.SubjectGroupScheduleTimeVariant	SG_ST_VARIANTS	Grade	GRADE	Int32	property
NetCity.Common.ObjectModel.Nhibernate.Schedule.SubjectGroupScheduleTimeVariant	NetCity.Common.ObjectModel.Nhibernate.Schedule.SubjectGroupScheduleTimeVariant	SG_ST_VARIANTS	IsIup	IS_IUP	Boolean	property
NetCity.Common.ObjectModel.Nhibernate.Schedule.SubjectGroupScheduleTimeVariant	NetCity.Common.ObjectModel.Nhibernate.Schedule.SubjectGroupScheduleTimeVariant	SG_ST_VARIANTS	UseLevel	USE_LEVEL	NHibernate.Type.EnumType`1[[NetCity.Common.ObjectModel.Nhibernate.Schedule.ScheduleTimeVariantUseLevel, NetCity.Common.ObjectModel, Version=5.14.65351.225, Culture=neutral, PublicKeyToken=ea3eeeb5c070719f]], NHibernate	property
NetCity.Common.ObjectModel.Nhibernate.SchoolDocs.SchoolDocGroup	NetCity.Common.ObjectModel.Nhibernate.SchoolDocs.SchoolDocGroup	SCHOOLDOCGROUPS	Id	GROUPID	Int32	id
NetCity.Common.ObjectModel.Nhibernate.SchoolDocs.SchoolDocGroup	NetCity.Common.ObjectModel.Nhibernate.SchoolDocs.SchoolDocGroup	SCHOOLDOCGROUPS	ChildGroups		System.Collections.Generic.ISet`1[[NetCity.Common.ObjectModel.Nhibernate.SchoolDocs.SchoolDocGroup, NetCity.Common.ObjectModel, Version=5.14.65351.225, Culture=neutral, PublicKeyToken=ea3eeeb5c070719f]](NetCity.Common.ObjectModel.Nhibernate.SchoolDocs.SchoolDocGroup.ChildGroups)	collection
NetCity.Common.ObjectModel.Nhibernate.SchoolDocs.SchoolDocGroup	NetCity.Common.ObjectModel.Nhibernate.SchoolDocs.SchoolDocGroup	SCHOOLDOCGROUPS	Name	GROUPNAME	AnsiString	property
NetCity.Common.ObjectModel.Nhibernate.SchoolDocs.SchoolDocGroup	NetCity.Common.ObjectModel.Nhibernate.SchoolDocs.SchoolDocGroup	SCHOOLDOCGROUPS	Num	NUM	Int32	property
NetCity.Common.ObjectModel.Nhibernate.SchoolDocs.SchoolDocGroup	NetCity.Common.ObjectModel.Nhibernate.SchoolDocs.SchoolDocGroup	SCHOOLDOCGROUPS	ServiceNum	SERVICE_NUM	Int32	property
NetCity.Common.ObjectModel.Nhibernate.SchoolDocs.SchoolDocGroup	NetCity.Common.ObjectModel.Nhibernate.SchoolDocs.SchoolDocGroup	SCHOOLDOCGROUPS	IsPublic	IS_PUBLIC	Boolean	property
NetCity.Common.ObjectModel.Nhibernate.SchoolDocs.SchoolDocGroup	NetCity.Common.ObjectModel.Nhibernate.SchoolDocs.SchoolDocGroup	SCHOOLDOCGROUPS	School	SCHOOLID	NetCity.Common.ObjectModel.Nhibernate.Organizations.School	many-to-one
NetCity.Common.ObjectModel.Nhibernate.SchoolDocs.SchoolDocGroup	NetCity.Common.ObjectModel.Nhibernate.SchoolDocs.SchoolDocGroup	SCHOOLDOCGROUPS	ParentGroup	PARENTGROUPID	NetCity.Common.ObjectModel.Nhibernate.SchoolDocs.SchoolDocGroup	many-to-one
NetCity.Common.ObjectModel.Nhibernate.SchoolDocs.SchoolDoc	NetCity.Common.ObjectModel.Nhibernate.SchoolDocs.SchoolDoc	SCHOOLDOCS	Id	SCHOOLDOCID	Int32	id
NetCity.Common.ObjectModel.Nhibernate.SchoolDocs.SchoolDoc	NetCity.Common.ObjectModel.Nhibernate.SchoolDocs.SchoolDoc	SCHOOLDOCS	Description	DESCRIPTION	AnsiString	property
NetCity.Common.ObjectModel.Nhibernate.SchoolDocs.SchoolDoc	NetCity.Common.ObjectModel.Nhibernate.SchoolDocs.SchoolDoc	SCHOOLDOCS	DocName	DOCNAME	AnsiString	property
NetCity.Common.ObjectModel.Nhibernate.SchoolDocs.SchoolDoc	NetCity.Common.ObjectModel.Nhibernate.SchoolDocs.SchoolDoc	SCHOOLDOCS	DocDate	DOCDATE	DateTime	property
NetCity.Common.ObjectModel.Nhibernate.SchoolDocs.SchoolDoc	NetCity.Common.ObjectModel.Nhibernate.SchoolDocs.SchoolDoc	SCHOOLDOCS	FileName	FILENAME_ORIG	AnsiString	property
NetCity.Common.ObjectModel.Nhibernate.SchoolDocs.SchoolDoc	NetCity.Common.ObjectModel.Nhibernate.SchoolDocs.SchoolDoc	SCHOOLDOCS	File	AFILE	BinaryBlob	property
NetCity.Common.ObjectModel.Nhibernate.SchoolDocs.SchoolDoc	NetCity.Common.ObjectModel.Nhibernate.SchoolDocs.SchoolDoc	SCHOOLDOCS	Author	AUTHORID	NetCity.Common.ObjectModel.Nhibernate.Users.User	many-to-one
NetCity.Common.ObjectModel.Nhibernate.SchoolDocs.SchoolDoc	NetCity.Common.ObjectModel.Nhibernate.SchoolDocs.SchoolDoc	SCHOOLDOCS	SchoolDocGroup	GROUPID	NetCity.Common.ObjectModel.Nhibernate.SchoolDocs.SchoolDocGroup	many-to-one
NetCity.Common.ObjectModel.Nhibernate.SchoolInfoAttachment	NetCity.Common.ObjectModel.Nhibernate.SchoolInfoAttachment	SCHOOLINFO_ATTACHMENTS	Id	ID	Int32	id
NetCity.Common.ObjectModel.Nhibernate.SchoolInfoAttachment	NetCity.Common.ObjectModel.Nhibernate.SchoolInfoAttachment	SCHOOLINFO_ATTACHMENTS	AttachmentType	ATTACHMENTTYPE	NHibernate.Type.EnumType`1[[NetCity.Common.Enums.AttachmentTypes.AttachmentType, NetCity.Common, Version=0.11.30.0, Culture=neutral, PublicKeyToken=ea3eeeb5c070719f]], NHibernate	property
NetCity.Common.ObjectModel.Nhibernate.SchoolInfoAttachment	NetCity.Common.ObjectModel.Nhibernate.SchoolInfoAttachment	SCHOOLINFO_ATTACHMENTS	School	SCHOOLID	NetCity.Common.ObjectModel.Nhibernate.Organizations.School	many-to-one
NetCity.Common.ObjectModel.Nhibernate.SchoolInfoAttachment	NetCity.Common.ObjectModel.Nhibernate.SchoolInfoAttachment	SCHOOLINFO_ATTACHMENTS	Attachment	ATTACHMENTID	NetCity.Common.ObjectModel.Nhibernate.FileAttachment	many-to-one
NetCity.Common.ObjectModel.Nhibernate.Schoolinfo	NetCity.Common.ObjectModel.Nhibernate.Schoolinfo	SCHOOLINFO	Info	INFO	AnsiString	property
NetCity.Common.ObjectModel.Nhibernate.SchoolinfoParam	NetCity.Common.ObjectModel.Nhibernate.SchoolinfoParam	SCHOOLINFOPARAMS	Id	PARAMID	Int32	id
NetCity.Common.ObjectModel.Nhibernate.SchoolinfoParam	NetCity.Common.ObjectModel.Nhibernate.SchoolinfoParam	SCHOOLINFOPARAMS	Schoolinfos		System.Collections.Generic.ISet`1[[NetCity.Common.ObjectModel.Nhibernate.Schoolinfo, NetCity.Common.ObjectModel, Version=5.14.65351.225, Culture=neutral, PublicKeyToken=ea3eeeb5c070719f]](NetCity.Common.ObjectModel.Nhibernate.SchoolinfoParam.Schoolinfos)	collection
NetCity.Common.ObjectModel.Nhibernate.SchoolinfoParam	NetCity.Common.ObjectModel.Nhibernate.SchoolinfoParam	SCHOOLINFOPARAMS	CellOrder	cellOrder	Int32	property
NetCity.Common.ObjectModel.Nhibernate.SchoolinfoParam	NetCity.Common.ObjectModel.Nhibernate.SchoolinfoParam	SCHOOLINFOPARAMS	Name	NAME	AnsiString	property
NetCity.Common.ObjectModel.Nhibernate.SchoolinfoParam	NetCity.Common.ObjectModel.Nhibernate.SchoolinfoParam	SCHOOLINFOPARAMS	PageNum	PageNum	Int32	property
NetCity.Common.ObjectModel.Nhibernate.SchoolinfoParam	NetCity.Common.ObjectModel.Nhibernate.SchoolinfoParam	SCHOOLINFOPARAMS	Type	PTYPE	AnsiString	property
NetCity.Common.ObjectModel.Nhibernate.SchoolinfoParam	NetCity.Common.ObjectModel.Nhibernate.SchoolinfoParam	SCHOOLINFOPARAMS	Field	PARAMID	NHibernate.Type.EnumType`1[[NetCity.Common.ObjectModel.Nhibernate.AccessJournal.SchoolAccessJournal.SchoolInfoParameterField, NetCity.Common, Version=0.11.30.0, Culture=neutral, PublicKeyToken=ea3eeeb5c070719f]], NHibernate	property
NetCity.Common.ObjectModel.Nhibernate.Organizations.School	NetCity.Common.ObjectModel.Nhibernate.Organizations.School	SCHOOLS	Id	SCHOOLID	Int32	id
NetCity.Common.ObjectModel.Nhibernate.Organizations.School	NetCity.Common.ObjectModel.Nhibernate.Organizations.School	SCHOOLS	UsersRoles		System.Collections.Generic.ISet`1[[NetCity.Common.ObjectModel.Nhibernate.Users.UserRole, NetCity.Common.ObjectModel, Version=5.14.65351.225, Culture=neutral, PublicKeyToken=ea3eeeb5c070719f]](NetCity.Common.ObjectModel.Nhibernate.Organizations.School.UsersRoles)	collection
NetCity.Common.ObjectModel.Nhibernate.Organizations.School	NetCity.Common.ObjectModel.Nhibernate.Organizations.School	SCHOOLS	Parentsubjects		System.Collections.Generic.ISet`1[[NetCity.Common.ObjectModel.Nhibernate.ParentSubject, NetCity.Common.ObjectModel, Version=5.14.65351.225, Culture=neutral, PublicKeyToken=ea3eeeb5c070719f]](NetCity.Common.ObjectModel.Nhibernate.Organizations.School.Parentsubjects)	collection
NetCity.Common.ObjectModel.Nhibernate.Organizations.School	NetCity.Common.ObjectModel.Nhibernate.Organizations.School	SCHOOLS	SchoolInfoAttachments		System.Collections.Generic.ISet`1[[NetCity.Common.ObjectModel.Nhibernate.SchoolInfoAttachment, NetCity.Common.ObjectModel, Version=5.14.65351.225, Culture=neutral, PublicKeyToken=ea3eeeb5c070719f]](NetCity.Common.ObjectModel.Nhibernate.Organizations.School.SchoolInfoAttachments)	collection
NetCity.Common.ObjectModel.Nhibernate.Organizations.School	NetCity.Common.ObjectModel.Nhibernate.Organizations.School	SCHOOLS	AddServices		System.Collections.Generic.ISet`1[[NetCity.Common.ObjectModel.Nhibernate.Organizations.SchoolAddService, NetCity.Common.ObjectModel, Version=5.14.65351.225, Culture=neutral, PublicKeyToken=ea3eeeb5c070719f]](NetCity.Common.ObjectModel.Nhibernate.Organizations.School.AddServices)	collection
NetCity.Common.ObjectModel.Nhibernate.Organizations.School	NetCity.Common.ObjectModel.Nhibernate.Organizations.School	SCHOOLS	AddPrograms		System.Collections.Generic.ISet`1[[NetCity.Common.ObjectModel.Nhibernate.AddProgram, NetCity.Common.ObjectModel, Version=5.14.65351.225, Culture=neutral, PublicKeyToken=ea3eeeb5c070719f]](NetCity.Common.ObjectModel.Nhibernate.Organizations.School.AddPrograms)	collection
NetCity.Common.ObjectModel.Nhibernate.Organizations.School	NetCity.Common.ObjectModel.Nhibernate.Organizations.School	SCHOOLS	Rooms		System.Collections.Generic.ISet`1[[NetCity.Common.ObjectModel.Nhibernate.Schedule.Room, NetCity.Common.ObjectModel, Version=5.14.65351.225, Culture=neutral, PublicKeyToken=ea3eeeb5c070719f]](NetCity.Common.ObjectModel.Nhibernate.Organizations.School.Rooms)	collection
NetCity.Common.ObjectModel.Nhibernate.Organizations.School	NetCity.Common.ObjectModel.Nhibernate.Organizations.School	SCHOOLS	Schoolyears		System.Collections.Generic.ISet`1[[NetCity.Common.ObjectModel.Nhibernate.Schoolyear, NetCity.Common.ObjectModel, Version=5.14.65351.225, Culture=neutral, PublicKeyToken=ea3eeeb5c070719f]](NetCity.Common.ObjectModel.Nhibernate.Organizations.School.Schoolyears)	collection
NetCity.Common.ObjectModel.Nhibernate.Organizations.School	NetCity.Common.ObjectModel.Nhibernate.Organizations.School	SCHOOLS	Subjects		System.Collections.Generic.ISet`1[[NetCity.Common.ObjectModel.Nhibernate.Subject, NetCity.Common.ObjectModel, Version=5.14.65351.225, Culture=neutral, PublicKeyToken=ea3eeeb5c070719f]](NetCity.Common.ObjectModel.Nhibernate.Organizations.School.Subjects)	collection
NetCity.Common.ObjectModel.Nhibernate.Organizations.School	NetCity.Common.ObjectModel.Nhibernate.Organizations.School	SCHOOLS	Schoolinfos		System.Collections.Generic.ISet`1[[NetCity.Common.ObjectModel.Nhibernate.Schoolinfo, NetCity.Common.ObjectModel, Version=5.14.65351.225, Culture=neutral, PublicKeyToken=ea3eeeb5c070719f]](NetCity.Common.ObjectModel.Nhibernate.Organizations.School.Schoolinfos)	collection
NetCity.Common.ObjectModel.Nhibernate.Organizations.School	NetCity.Common.ObjectModel.Nhibernate.Organizations.School	SCHOOLS	SchoolAddresses		System.Collections.Generic.ISet`1[[NetCity.Common.ObjectModel.Nhibernate.Address.SchoolAddress, NetCity.Common.ObjectModel, Version=5.14.65351.225, Culture=neutral, PublicKeyToken=ea3eeeb5c070719f]](NetCity.Common.ObjectModel.Nhibernate.Organizations.School.SchoolAddresses)	collection
NetCity.Common.ObjectModel.Nhibernate.Organizations.School	NetCity.Common.ObjectModel.Nhibernate.Organizations.School	SCHOOLS	Users		System.Collections.Generic.ISet`1[[NetCity.Common.ObjectModel.Nhibernate.Users.User, NetCity.Common.ObjectModel, Version=5.14.65351.225, Culture=neutral, PublicKeyToken=ea3eeeb5c070719f]](NetCity.Common.ObjectModel.Nhibernate.Organizations.School.Users)	collection
NetCity.Common.ObjectModel.Nhibernate.Organizations.School	NetCity.Common.ObjectModel.Nhibernate.Organizations.School	SCHOOLS	Announcements		System.Collections.Generic.ISet`1[[NetCity.Common.ObjectModel.Nhibernate.Announcement, NetCity.Common.ObjectModel, Version=5.14.65351.225, Culture=neutral, PublicKeyToken=ea3eeeb5c070719f]](NetCity.Common.ObjectModel.Nhibernate.Organizations.School.Announcements)	collection
NetCity.Common.ObjectModel.Nhibernate.Organizations.School	NetCity.Common.ObjectModel.Nhibernate.Organizations.School	SCHOOLS	EducManagements		System.Collections.Generic.ISet`1[[NetCity.Common.ObjectModel.Nhibernate.Organizations.EducManagement, NetCity.Common.ObjectModel, Version=5.14.65351.225, Culture=neutral, PublicKeyToken=ea3eeeb5c070719f]](NetCity.Common.ObjectModel.Nhibernate.Organizations.School.EducManagements)	collection
NetCity.Common.ObjectModel.Nhibernate.Organizations.School	NetCity.Common.ObjectModel.Nhibernate.Organizations.School	SCHOOLS	OwnEducManagements		System.Collections.Generic.ISet`1[[NetCity.Common.ObjectModel.Nhibernate.Organizations.EducManagement, NetCity.Common.ObjectModel, Version=5.14.65351.225, Culture=neutral, PublicKeyToken=ea3eeeb5c070719f]](NetCity.Common.ObjectModel.Nhibernate.Organizations.School.OwnEducManagements)	collection
NetCity.Common.ObjectModel.Nhibernate.Organizations.School	NetCity.Common.ObjectModel.Nhibernate.Organizations.School	SCHOOLS	DepartmentSchools		System.Collections.Generic.ISet`1[[NetCity.Common.ObjectModel.Nhibernate.Organizations.DepartmentInfo, NetCity.Common.ObjectModel, Version=5.14.65351.225, Culture=neutral, PublicKeyToken=ea3eeeb5c070719f]](NetCity.Common.ObjectModel.Nhibernate.Organizations.School.DepartmentSchools)	collection
NetCity.Common.ObjectModel.Nhibernate.Organizations.School	NetCity.Common.ObjectModel.Nhibernate.Organizations.School	SCHOOLS	EmSchoolAlls		System.Collections.Generic.ISet`1[[NetCity.Common.ObjectModel.Nhibernate.Organizations.EmSchoolAll, NetCity.Common.ObjectModel, Version=5.14.65351.225, Culture=neutral, PublicKeyToken=ea3eeeb5c070719f]](NetCity.Common.ObjectModel.Nhibernate.Organizations.School.EmSchoolAlls)	collection
NetCity.Common.ObjectModel.Nhibernate.Organizations.School	NetCity.Common.ObjectModel.Nhibernate.Organizations.School	SCHOOLS	PoolStudents		System.Collections.Generic.ISet`1[[NetCity.Common.ObjectModel.Nhibernate.Movement.MovPoolStudent, NetCity.Common.ObjectModel, Version=5.14.65351.225, Culture=neutral, PublicKeyToken=ea3eeeb5c070719f]](NetCity.Common.ObjectModel.Nhibernate.Organizations.School.PoolStudents)	collection
NetCity.Common.ObjectModel.Nhibernate.Organizations.School	NetCity.Common.ObjectModel.Nhibernate.Organizations.School	SCHOOLS	PoolStudentsNa		System.Collections.Generic.ISet`1[[NetCity.Common.ObjectModel.Nhibernate.Movement.MovPoolStudentNa, NetCity.Common.ObjectModel, Version=5.14.65351.225, Culture=neutral, PublicKeyToken=ea3eeeb5c070719f]](NetCity.Common.ObjectModel.Nhibernate.Organizations.School.PoolStudentsNa)	collection
NetCity.Common.ObjectModel.Nhibernate.Organizations.School	NetCity.Common.ObjectModel.Nhibernate.Organizations.School	SCHOOLS	Dateformat	DATEFORMAT	AnsiString	property
NetCity.Common.ObjectModel.Nhibernate.Organizations.School	NetCity.Common.ObjectModel.Nhibernate.Organizations.School	SCHOOLS	FuncType	FUNCTYPEID	NHibernate.Type.EnumType`1[[NetCity.Common.Enums.FuncType, NetCity.Common, Version=0.11.30.0, Culture=neutral, PublicKeyToken=ea3eeeb5c070719f]], NHibernate	property
NetCity.Common.ObjectModel.Nhibernate.Organizations.School	NetCity.Common.ObjectModel.Nhibernate.Organizations.School	SCHOOLS	Schoolcode	SCHOOLCODE	AnsiString	property
NetCity.Common.ObjectModel.Nhibernate.Organizations.School	NetCity.Common.ObjectModel.Nhibernate.Organizations.School	SCHOOLS	Schoolname	SCHOOLNAME	AnsiString	property
NetCity.Common.ObjectModel.Nhibernate.Organizations.School	NetCity.Common.ObjectModel.Nhibernate.Organizations.School	SCHOOLS	Schoolnumber	SCHOOLNUMBER	AnsiString	property
NetCity.Common.ObjectModel.Nhibernate.Organizations.School	NetCity.Common.ObjectModel.Nhibernate.Organizations.School	SCHOOLS	Serverid	SERVERID	AnsiString	property
NetCity.Common.ObjectModel.Nhibernate.Organizations.School	NetCity.Common.ObjectModel.Nhibernate.Organizations.School	SCHOOLS	Timeoffset	TIMEOFFSET	AnsiString	property
NetCity.Common.ObjectModel.Nhibernate.Organizations.School	NetCity.Common.ObjectModel.Nhibernate.Organizations.School	SCHOOLS	Unischoolid	UNISCHOOLID	AnsiString	property
NetCity.Common.ObjectModel.Nhibernate.Organizations.School	NetCity.Common.ObjectModel.Nhibernate.Organizations.School	SCHOOLS	ModifyDate	MODIFYDATE	DateTime	property
NetCity.Common.ObjectModel.Nhibernate.Organizations.School	NetCity.Common.ObjectModel.Nhibernate.Organizations.School	SCHOOLS	PfdoId	PFDOID	Int32	property
NetCity.Common.ObjectModel.Nhibernate.Organizations.School	NetCity.Common.ObjectModel.Nhibernate.Organizations.School	SCHOOLS	City	CITYID	NetCity.Common.ObjectModel.Nhibernate.Address.City	many-to-one
NetCity.Common.ObjectModel.Nhibernate.Organizations.School	NetCity.Common.ObjectModel.Nhibernate.Organizations.School	SCHOOLS	District	DISTRICTID	NetCity.Common.ObjectModel.Nhibernate.Address.District	many-to-one
NetCity.Common.ObjectModel.Nhibernate.Organizations.School	NetCity.Common.ObjectModel.Nhibernate.Organizations.School	SCHOOLS	EducOrganization	EOID	NetCity.Common.ObjectModel.Nhibernate.Organizations.EducOrganization	many-to-one
NetCity.Common.ObjectModel.Nhibernate.Organizations.School	NetCity.Common.ObjectModel.Nhibernate.Organizations.School	SCHOOLS	AuthorityEducManagement	EMID	NetCity.Common.ObjectModel.Nhibernate.Organizations.EducManagement	many-to-one
NetCity.Common.ObjectModel.Nhibernate.Organizations.School	NetCity.Common.ObjectModel.Nhibernate.Organizations.School	SCHOOLS	SchoolInformation	NOCONTINGENT,STATUSORGANIZATION,FOUNDINGDATE,PFDO_NAV_ID,PFDO_NAV_STATUS,PFDO_NAV_DATE,PFDO_NAV_REASON,RBOOID,ALLOWALLMOVSOURCES,OBRNADZORID,DIRECTORID	component[NoContingent,StatusOrganization,FoundingDate,PfdoNavId,PfdoNavStatus,PfdoNavDate,PfdoNavReason,RbOoId,AllowAllMovementSources,ObrNadzorId,Director]	property
NetCity.Common.ObjectModel.Nhibernate.Organizations.School	NetCity.Common.ObjectModel.Nhibernate.Organizations.School	SCHOOLS	Hidden		Boolean	property
NetCity.Common.ObjectModel.Nhibernate.Organizations.School	NetCity.Common.ObjectModel.Nhibernate.Organizations.School	SCHOOLS	Department	ISBRANCH,MAINSCHOOLID	component[IsBranch,MainSchool]	property
NetCity.Common.ObjectModel.Nhibernate.Organizations.School	NetCity.Common.ObjectModel.Nhibernate.Organizations.School	SCHOOLS	WizardStepId	STEPID	Int32	property
NetCity.Common.ObjectModel.Nhibernate.Organizations.Maintenance	NetCity.Common.ObjectModel.Nhibernate.Organizations.Maintenance	MAINTENANCE	Id	MAINTENANCEID	Int32	id
NetCity.Common.ObjectModel.Nhibernate.Organizations.Maintenance	NetCity.Common.ObjectModel.Nhibernate.Organizations.Maintenance	MAINTENANCE	Specialty	SPECIALTY	NHibernate.Type.EnumType`1[[NetCity.Common.ObjectModel.Nhibernate.Organizations.MaintainSpecialty, NetCity.Common, Version=0.11.30.0, Culture=neutral, PublicKeyToken=ea3eeeb5c070719f]], NHibernate	property
NetCity.Common.ObjectModel.Nhibernate.Organizations.Maintenance	NetCity.Common.ObjectModel.Nhibernate.Organizations.Maintenance	MAINTENANCE	Type	SPECIALISTTYPE	NHibernate.Type.EnumType`1[[NetCity.Common.ObjectModel.Nhibernate.Organizations.SpecialistType, NetCity.Common, Version=0.11.30.0, Culture=neutral, PublicKeyToken=ea3eeeb5c070719f]], NHibernate	property
NetCity.Common.ObjectModel.Nhibernate.Organizations.Maintenance	NetCity.Common.ObjectModel.Nhibernate.Organizations.Maintenance	MAINTENANCE	SpecNumber	SPECNUMBER	Int32	property
NetCity.Common.ObjectModel.Nhibernate.Organizations.Maintenance	NetCity.Common.ObjectModel.Nhibernate.Organizations.Maintenance	MAINTENANCE	School	SCHOOLID	NetCity.Common.ObjectModel.Nhibernate.Organizations.School	many-to-one
NetCity.Common.ObjectModel.Nhibernate.Address.SchoolAddress	NetCity.Common.ObjectModel.Nhibernate.Address.SchoolAddress	SCHOOLSADDRESSES	Id	ID	Int32	id
NetCity.Common.ObjectModel.Nhibernate.Address.SchoolAddress	NetCity.Common.ObjectModel.Nhibernate.Address.SchoolAddress	SCHOOLSADDRESSES	AddressType	ADDRESSTYPE	CharEnumTypeMap`1	property
NetCity.Common.ObjectModel.Nhibernate.Address.SchoolAddress	NetCity.Common.ObjectModel.Nhibernate.Address.SchoolAddress	SCHOOLSADDRESSES	School	SCHOOLID	NetCity.Common.ObjectModel.Nhibernate.Organizations.School	many-to-one
NetCity.Common.ObjectModel.Nhibernate.Address.SchoolAddress	NetCity.Common.ObjectModel.Nhibernate.Address.SchoolAddress	SCHOOLSADDRESSES	Address	ADDRESSID	NetCity.Common.ObjectModel.Nhibernate.Address.Address	many-to-one
NetCity.Common.ObjectModel.Nhibernate.Organizations.SchoolAddService	NetCity.Common.ObjectModel.Nhibernate.Organizations.SchoolAddService	SCHOOLSADDSERVICES	Id	SERVICEID	Int32	id
NetCity.Common.ObjectModel.Nhibernate.Organizations.SchoolAddService	NetCity.Common.ObjectModel.Nhibernate.Organizations.SchoolAddService	SCHOOLSADDSERVICES	Type	SERVICETYPE	NHibernate.Type.EnumType`1[[NetCity.Common.ObjectModel.Nhibernate.Organizations.SchoolAddServiceType, NetCity.Common, Version=0.11.30.0, Culture=neutral, PublicKeyToken=ea3eeeb5c070719f]], NHibernate	property
NetCity.Common.ObjectModel.Nhibernate.Organizations.SchoolAddService	NetCity.Common.ObjectModel.Nhibernate.Organizations.SchoolAddService	SCHOOLSADDSERVICES	Name	NAME	AnsiString	property
NetCity.Common.ObjectModel.Nhibernate.Organizations.SchoolAddService	NetCity.Common.ObjectModel.Nhibernate.Organizations.SchoolAddService	SCHOOLSADDSERVICES	Description	DESCRIPTION	AnsiString	property
NetCity.Common.ObjectModel.Nhibernate.Organizations.SchoolAddService	NetCity.Common.ObjectModel.Nhibernate.Organizations.SchoolAddService	SCHOOLSADDSERVICES	Specialist	SPECIALIST	AnsiString	property
NetCity.Common.ObjectModel.Nhibernate.Organizations.SchoolAddService	NetCity.Common.ObjectModel.Nhibernate.Organizations.SchoolAddService	SCHOOLSADDSERVICES	User	USERID	NetCity.Common.ObjectModel.Nhibernate.Users.User	many-to-one
NetCity.Common.ObjectModel.Nhibernate.Organizations.SchoolAddService	NetCity.Common.ObjectModel.Nhibernate.Organizations.SchoolAddService	SCHOOLSADDSERVICES	School	SCHOOLID	NetCity.Common.ObjectModel.Nhibernate.Organizations.School	many-to-one
NetCity.Common.ObjectModel.Nhibernate.AccessJournal.SchoolAccessJournal.SchoolInfoAccessJournalEntry	NetCity.Common.ObjectModel.Nhibernate.AccessJournal.SchoolAccessJournal.SchoolInfoAccessJournalEntry	SCHOOLINFO_ACCESSJOURNAL	Id	ID	Int32	id
NetCity.Common.ObjectModel.Nhibernate.AccessJournal.SchoolAccessJournal.SchoolInfoAccessJournalEntry	NetCity.Common.ObjectModel.Nhibernate.AccessJournal.SchoolAccessJournal.SchoolInfoAccessJournalEntry	SCHOOLINFO_ACCESSJOURNAL	FieldsAccess		System.Collections.Generic.ISet`1[[NetCity.Common.ObjectModel.Nhibernate.AccessJournal.SchoolAccessJournal.SchoolInfoFieldAccess, NetCity.Common.ObjectModel, Version=5.14.65351.225, Culture=neutral, PublicKeyToken=ea3eeeb5c070719f]](NetCity.Common.ObjectModel.Nhibernate.AccessJournal.SchoolAccessJournal.SchoolInfoAccessJournalEntry.FieldsAccess)	collection
NetCity.Common.ObjectModel.Nhibernate.AccessJournal.SchoolAccessJournal.SchoolInfoAccessJournalEntry	NetCity.Common.ObjectModel.Nhibernate.AccessJournal.SchoolAccessJournal.SchoolInfoAccessJournalEntry	SCHOOLINFO_ACCESSJOURNAL	Reason	REASON	AnsiString	property
NetCity.Common.ObjectModel.Nhibernate.AccessJournal.SchoolAccessJournal.SchoolInfoAccessJournalEntry	NetCity.Common.ObjectModel.Nhibernate.AccessJournal.SchoolAccessJournal.SchoolInfoAccessJournalEntry	SCHOOLINFO_ACCESSJOURNAL	ReasonDocId	ATTACHMENTID	Int32	property
NetCity.Common.ObjectModel.Nhibernate.AccessJournal.SchoolAccessJournal.SchoolInfoAccessJournalEntry	NetCity.Common.ObjectModel.Nhibernate.AccessJournal.SchoolAccessJournal.SchoolInfoAccessJournalEntry	SCHOOLINFO_ACCESSJOURNAL	EditedSchool	EDITSCHOOLID	NetCity.Common.ObjectModel.Nhibernate.Organizations.School	many-to-one
NetCity.Common.ObjectModel.Nhibernate.AccessJournal.SchoolAccessJournal.SchoolInfoAccessJournalEntry	NetCity.Common.ObjectModel.Nhibernate.AccessJournal.SchoolAccessJournal.SchoolInfoAccessJournalEntry	SCHOOLINFO_ACCESSJOURNAL	AccessJournalEntry		NetCity.Common.ObjectModel.Nhibernate.AccessJournal.AccessJournalEntry	property
NetCity.Common.ObjectModel.Nhibernate.AccessJournal.SchoolAccessJournal.SchoolInfoCommonFieldAccess	NetCity.Common.ObjectModel.Nhibernate.AccessJournal.SchoolAccessJournal.SchoolInfoCommonFieldAccess	SCHOOLINFOFIELD_ACCESSJOURNAL	Id	ID	Int32	id
NetCity.Common.ObjectModel.Nhibernate.AccessJournal.SchoolAccessJournal.SchoolInfoCommonFieldAccess	NetCity.Common.ObjectModel.Nhibernate.AccessJournal.SchoolAccessJournal.SchoolInfoCommonFieldAccess	SCHOOLINFOFIELD_ACCESSJOURNAL	Field	FIELDID	NHibernate.Type.EnumType`1[[NetCity.Common.ObjectModel.Nhibernate.AccessJournal.SchoolAccessJournal.SchoolInfoCommonField, NetCity.Common, Version=0.11.30.0, Culture=neutral, PublicKeyToken=ea3eeeb5c070719f]], NHibernate	property
NetCity.Common.ObjectModel.Nhibernate.AccessJournal.SchoolAccessJournal.SchoolInfoParameterFieldAccess	NetCity.Common.ObjectModel.Nhibernate.AccessJournal.SchoolAccessJournal.SchoolInfoParameterFieldAccess	SCHOOLINFOFIELD_ACCESSJOURNAL	Id	ID	Int32	id
NetCity.Common.ObjectModel.Nhibernate.AccessJournal.SchoolAccessJournal.SchoolInfoParameterFieldAccess	NetCity.Common.ObjectModel.Nhibernate.AccessJournal.SchoolAccessJournal.SchoolInfoParameterFieldAccess	SCHOOLINFOFIELD_ACCESSJOURNAL	Parameter	PARAMETERID	NetCity.Common.ObjectModel.Nhibernate.SchoolinfoParam	many-to-one
NetCity.Common.ObjectModel.Nhibernate.AccessJournal.SchoolAccessJournal.SchoolInfoFieldAccess	NetCity.Common.ObjectModel.Nhibernate.AccessJournal.SchoolAccessJournal.SchoolInfoFieldAccess	SCHOOLINFOFIELD_ACCESSJOURNAL	Id	ID	Int32	id
NetCity.Common.ObjectModel.Nhibernate.AccessJournal.SchoolAccessJournal.SchoolInfoFieldAccess	NetCity.Common.ObjectModel.Nhibernate.AccessJournal.SchoolAccessJournal.SchoolInfoFieldAccess	SCHOOLINFOFIELD_ACCESSJOURNAL	Value	FIELDVALUE	AnsiString	property
NetCity.Common.ObjectModel.Nhibernate.AccessJournal.SchoolAccessJournal.SchoolInfoFieldAccess	NetCity.Common.ObjectModel.Nhibernate.AccessJournal.SchoolAccessJournal.SchoolInfoFieldAccess	SCHOOLINFOFIELD_ACCESSJOURNAL	AccessEntry	ENTRYID	NetCity.Common.ObjectModel.Nhibernate.AccessJournal.SchoolAccessJournal.SchoolInfoAccessJournalEntry	many-to-one
NetCity.Common.ObjectModel.Nhibernate.SchoolSetting	NetCity.Common.ObjectModel.Nhibernate.SchoolSetting	SCHOOLSETTINGS	Parametervalue	PARAMETERVALUE	AnsiString	property
NetCity.Common.ObjectModel.Nhibernate.SchoolTermTypes	NetCity.Common.ObjectModel.Nhibernate.SchoolTermTypes	SCHOOLSTERMTYPES	GradeSet	GRADESET	Int32	property
NetCity.Common.ObjectModel.Nhibernate.Schoolyear	NetCity.Common.ObjectModel.Nhibernate.Schoolyear	SCHOOLYEARS	Id	SCHOOLYEARID	Int32	id
NetCity.Common.ObjectModel.Nhibernate.Schoolyear	NetCity.Common.ObjectModel.Nhibernate.Schoolyear	SCHOOLYEARS	Classes		System.Collections.Generic.ISet`1[[NetCity.Common.ObjectModel.Nhibernate.Classes.Class, NetCity.Common.ObjectModel, Version=5.14.65351.225, Culture=neutral, PublicKeyToken=ea3eeeb5c070719f]](NetCity.Common.ObjectModel.Nhibernate.Schoolyear.Classes)	collection
NetCity.Common.ObjectModel.Nhibernate.Schoolyear	NetCity.Common.ObjectModel.Nhibernate.Schoolyear	SCHOOLYEARS	MoveDays		System.Collections.Generic.ISet`1[[NetCity.Common.ObjectModel.Nhibernate.MoveDay, NetCity.Common.ObjectModel, Version=5.14.65351.225, Culture=neutral, PublicKeyToken=ea3eeeb5c070719f]](NetCity.Common.ObjectModel.Nhibernate.Schoolyear.MoveDays)	collection
NetCity.Common.ObjectModel.Nhibernate.Schoolyear	NetCity.Common.ObjectModel.Nhibernate.Schoolyear	SCHOOLYEARS	Gradingsystems		System.Collections.Generic.ISet`1[[NetCity.Common.ObjectModel.Nhibernate.ClassJournal.Grading.GradingSystem, NetCity.Common.ObjectModel, Version=5.14.65351.225, Culture=neutral, PublicKeyToken=ea3eeeb5c070719f]](NetCity.Common.ObjectModel.Nhibernate.Schoolyear.Gradingsystems)	collection
NetCity.Common.ObjectModel.Nhibernate.Schoolyear	NetCity.Common.ObjectModel.Nhibernate.Schoolyear	SCHOOLYEARS	Schoolsettings		System.Collections.Generic.ISet`1[[NetCity.Common.ObjectModel.Nhibernate.SchoolSetting, NetCity.Common.ObjectModel, Version=5.14.65351.225, Culture=neutral, PublicKeyToken=ea3eeeb5c070719f]](NetCity.Common.ObjectModel.Nhibernate.Schoolyear.Schoolsettings)	collection
NetCity.Common.ObjectModel.Nhibernate.Schoolyear	NetCity.Common.ObjectModel.Nhibernate.Schoolyear	SCHOOLYEARS	FreeStudents		System.Collections.Generic.ISet`1[[NetCity.Common.ObjectModel.Nhibernate.Users.Student, NetCity.Common.ObjectModel, Version=5.14.65351.225, Culture=neutral, PublicKeyToken=ea3eeeb5c070719f]](NetCity.Common.ObjectModel.Nhibernate.Schoolyear.FreeStudents)	collection
NetCity.Common.ObjectModel.Nhibernate.Schoolyear	NetCity.Common.ObjectModel.Nhibernate.Schoolyear	SCHOOLYEARS	Subjectplans		System.Collections.Generic.ISet`1[[NetCity.Common.ObjectModel.Nhibernate.ThematicPlanning.Subjectplan, NetCity.Common.ObjectModel, Version=5.14.65351.225, Culture=neutral, PublicKeyToken=ea3eeeb5c070719f]](NetCity.Common.ObjectModel.Nhibernate.Schoolyear.Subjectplans)	collection
NetCity.Common.ObjectModel.Nhibernate.Schoolyear	NetCity.Common.ObjectModel.Nhibernate.Schoolyear	SCHOOLYEARS	Terms		System.Collections.Generic.ISet`1[[NetCity.Common.ObjectModel.Nhibernate.Term, NetCity.Common.ObjectModel, Version=5.14.65351.225, Culture=neutral, PublicKeyToken=ea3eeeb5c070719f]](NetCity.Common.ObjectModel.Nhibernate.Schoolyear.Terms)	collection
NetCity.Common.ObjectModel.Nhibernate.Schoolyear	NetCity.Common.ObjectModel.Nhibernate.Schoolyear	SCHOOLYEARS	Parents		System.Collections.Generic.ISet`1[[NetCity.Common.ObjectModel.Nhibernate.Users.User, NetCity.Common.ObjectModel, Version=5.14.65351.225, Culture=neutral, PublicKeyToken=ea3eeeb5c070719f]](NetCity.Common.ObjectModel.Nhibernate.Schoolyear.Parents)	collection
NetCity.Common.ObjectModel.Nhibernate.Schoolyear	NetCity.Common.ObjectModel.Nhibernate.Schoolyear	SCHOOLYEARS	Users		System.Collections.Generic.ISet`1[[NetCity.Common.ObjectModel.Nhibernate.Users.User, NetCity.Common.ObjectModel, Version=5.14.65351.225, Culture=neutral, PublicKeyToken=ea3eeeb5c070719f]](NetCity.Common.ObjectModel.Nhibernate.Schoolyear.Users)	collection
NetCity.Common.ObjectModel.Nhibernate.Schoolyear	NetCity.Common.ObjectModel.Nhibernate.Schoolyear	SCHOOLYEARS	Yeartotals		System.Collections.Generic.ISet`1[[NetCity.Common.ObjectModel.Nhibernate.ClassJournal.YearTotal, NetCity.Common.ObjectModel, Version=5.14.65351.225, Culture=neutral, PublicKeyToken=ea3eeeb5c070719f]](NetCity.Common.ObjectModel.Nhibernate.Schoolyear.Yeartotals)	collection
NetCity.Common.ObjectModel.Nhibernate.Schoolyear	NetCity.Common.ObjectModel.Nhibernate.Schoolyear	SCHOOLYEARS	ScheduleTimes		System.Collections.Generic.ISet`1[[NetCity.Common.ObjectModel.Nhibernate.Schedule.ScheduleTime, NetCity.Common.ObjectModel, Version=5.14.65351.225, Culture=neutral, PublicKeyToken=ea3eeeb5c070719f]](NetCity.Common.ObjectModel.Nhibernate.Schoolyear.ScheduleTimes)	collection
NetCity.Common.ObjectModel.Nhibernate.Schoolyear	NetCity.Common.ObjectModel.Nhibernate.Schoolyear	SCHOOLYEARS	Awards		System.Collections.Generic.ISet`1[[NetCity.Common.ObjectModel.Nhibernate.Users.StudentAward, NetCity.Common.ObjectModel, Version=5.14.65351.225, Culture=neutral, PublicKeyToken=ea3eeeb5c070719f]](NetCity.Common.ObjectModel.Nhibernate.Schoolyear.Awards)	collection
NetCity.Common.ObjectModel.Nhibernate.Schoolyear	NetCity.Common.ObjectModel.Nhibernate.Schoolyear	SCHOOLYEARS	IndicatorsValues		System.Collections.Generic.ISet`1[[NetCity.Common.ObjectModel.Nhibernate.StatReports.SchoolYearIndicatorValue, NetCity.Common.ObjectModel, Version=5.14.65351.225, Culture=neutral, PublicKeyToken=ea3eeeb5c070719f]](NetCity.Common.ObjectModel.Nhibernate.Schoolyear.IndicatorsValues)	collection
NetCity.Common.ObjectModel.Nhibernate.Schoolyear	NetCity.Common.ObjectModel.Nhibernate.Schoolyear	SCHOOLYEARS	YearFormParams		System.Collections.Generic.ISet`1[[NetCity.Common.ObjectModel.Nhibernate.StatForm.YearFormParam, NetCity.Common.ObjectModel, Version=5.14.65351.225, Culture=neutral, PublicKeyToken=ea3eeeb5c070719f]](NetCity.Common.ObjectModel.Nhibernate.Schoolyear.YearFormParams)	collection
NetCity.Common.ObjectModel.Nhibernate.Schoolyear	NetCity.Common.ObjectModel.Nhibernate.Schoolyear	SCHOOLYEARS	CuriculumHours		System.Collections.Generic.ISet`1[[NetCity.Common.ObjectModel.Nhibernate.Curiculum.Curiculum, NetCity.Common.ObjectModel, Version=5.14.65351.225, Culture=neutral, PublicKeyToken=ea3eeeb5c070719f]](NetCity.Common.ObjectModel.Nhibernate.Schoolyear.CuriculumHours)	collection
NetCity.Common.ObjectModel.Nhibernate.Schoolyear	NetCity.Common.ObjectModel.Nhibernate.Schoolyear	SCHOOLYEARS	IupCuriculumHours		System.Collections.Generic.ISet`1[[NetCity.Common.ObjectModel.Nhibernate.Curiculum.IupCuriculum, NetCity.Common.ObjectModel, Version=5.14.65351.225, Culture=neutral, PublicKeyToken=ea3eeeb5c070719f]](NetCity.Common.ObjectModel.Nhibernate.Schoolyear.IupCuriculumHours)	collection
NetCity.Common.ObjectModel.Nhibernate.Schoolyear	NetCity.Common.ObjectModel.Nhibernate.Schoolyear	SCHOOLYEARS	EaCuriculumHours		System.Collections.Generic.ISet`1[[NetCity.Common.ObjectModel.Nhibernate.Curiculum.EaCuriculum, NetCity.Common.ObjectModel, Version=5.14.65351.225, Culture=neutral, PublicKeyToken=ea3eeeb5c070719f]](NetCity.Common.ObjectModel.Nhibernate.Schoolyear.EaCuriculumHours)	collection
NetCity.Common.ObjectModel.Nhibernate.Schoolyear	NetCity.Common.ObjectModel.Nhibernate.Schoolyear	SCHOOLYEARS	ParentPayInits		System.Collections.Generic.ISet`1[[NetCity.Common.ObjectModel.Nhibernate.ParentPay.ParentPayInit, NetCity.Common.ObjectModel, Version=5.14.65351.225, Culture=neutral, PublicKeyToken=ea3eeeb5c070719f]](NetCity.Common.ObjectModel.Nhibernate.Schoolyear.ParentPayInits)	collection
NetCity.Common.ObjectModel.Nhibernate.Schoolyear	NetCity.Common.ObjectModel.Nhibernate.Schoolyear	SCHOOLYEARS	Holidays		System.Collections.Generic.ISet`1[[NetCity.Common.ObjectModel.Nhibernate.Events.Holiday, NetCity.Common.ObjectModel, Version=5.14.65351.225, Culture=neutral, PublicKeyToken=ea3eeeb5c070719f]](NetCity.Common.ObjectModel.Nhibernate.Schoolyear.Holidays)	collection
NetCity.Common.ObjectModel.Nhibernate.Schoolyear	NetCity.Common.ObjectModel.Nhibernate.Schoolyear	SCHOOLYEARS	Archivedate	ARCHIVEDATE	DateTime	property
NetCity.Common.ObjectModel.Nhibernate.Schoolyear	NetCity.Common.ObjectModel.Nhibernate.Schoolyear	SCHOOLYEARS	Archivestatus	ARCHIVESTATUS	Int32	property
NetCity.Common.ObjectModel.Nhibernate.Schoolyear	NetCity.Common.ObjectModel.Nhibernate.Schoolyear	SCHOOLYEARS	Closed	CLOSED	SchoolYearStatusMap	property
NetCity.Common.ObjectModel.Nhibernate.Schoolyear	NetCity.Common.ObjectModel.Nhibernate.Schoolyear	SCHOOLYEARS	Enddate	ENDDATE	DateTime	property
NetCity.Common.ObjectModel.Nhibernate.Schoolyear	NetCity.Common.ObjectModel.Nhibernate.Schoolyear	SCHOOLYEARS	Osh5Closed	OSH5CLOSED	String	property
NetCity.Common.ObjectModel.Nhibernate.Schoolyear	NetCity.Common.ObjectModel.Nhibernate.Schoolyear	SCHOOLYEARS	Osh9Closed	OSH9CLOSED	String	property
NetCity.Common.ObjectModel.Nhibernate.Schoolyear	NetCity.Common.ObjectModel.Nhibernate.Schoolyear	SCHOOLYEARS	Oshclosed	OSHCLOSED	String	property
NetCity.Common.ObjectModel.Nhibernate.Schoolyear	NetCity.Common.ObjectModel.Nhibernate.Schoolyear	SCHOOLYEARS	Schoolyearname	SCHOOLYEARNAME	AnsiString	property
NetCity.Common.ObjectModel.Nhibernate.Schoolyear	NetCity.Common.ObjectModel.Nhibernate.Schoolyear	SCHOOLYEARS	Startdate	STARTDATE	DateTime	property
NetCity.Common.ObjectModel.Nhibernate.Schoolyear	NetCity.Common.ObjectModel.Nhibernate.Schoolyear	SCHOOLYEARS	Weekendset	WEEKENDSET	Int32	property
NetCity.Common.ObjectModel.Nhibernate.Schoolyear	NetCity.Common.ObjectModel.Nhibernate.Schoolyear	SCHOOLYEARS	GlobalyearId	GLOBALYEARID	Int32	property
NetCity.Common.ObjectModel.Nhibernate.Schoolyear	NetCity.Common.ObjectModel.Nhibernate.Schoolyear	SCHOOLYEARS	GlobalYear	GLOBALYEARID	NetCity.Common.ObjectModel.Nhibernate.GlobalYear	many-to-one
NetCity.Common.ObjectModel.Nhibernate.Schoolyear	NetCity.Common.ObjectModel.Nhibernate.Schoolyear	SCHOOLYEARS	School	SCHOOLID	NetCity.Common.ObjectModel.Nhibernate.Organizations.School	many-to-one
NetCity.Common.ObjectModel.Nhibernate.Settings.VideoConferenceSetting	NetCity.Common.ObjectModel.Nhibernate.Settings.VideoConferenceSetting	VIDEOCONF_SETTINGS	Id	ID	Int32	id
NetCity.Common.ObjectModel.Nhibernate.Settings.VideoConferenceSetting	NetCity.Common.ObjectModel.Nhibernate.Settings.VideoConferenceSetting	VIDEOCONF_SETTINGS	VcGateUrl	VCGATEURL	AnsiString	property
NetCity.Common.ObjectModel.Nhibernate.Settings.VideoConferenceSetting	NetCity.Common.ObjectModel.Nhibernate.Settings.VideoConferenceSetting	VIDEOCONF_SETTINGS	School	SCHOOLID	NetCity.Common.ObjectModel.Nhibernate.Organizations.School	many-to-one
NetCity.Common.ObjectModel.Nhibernate.ClassJournal.SgExamType	NetCity.Common.ObjectModel.Nhibernate.ClassJournal.SgExamType	CSG_EXAMTYPES	Choice	CHOICE	YesNoType	property
NetCity.Common.ObjectModel.Nhibernate.StatForm.EmFormParam	NetCity.Common.ObjectModel.Nhibernate.StatForm.EmFormParam	EM_FORMPARAM	Pvalue	PVALUE	AnsiString	property
NetCity.Common.ObjectModel.Nhibernate.StatForm.FormParameter	NetCity.Common.ObjectModel.Nhibernate.StatForm.FormParameter	FORMPARAMETERS	Id	PARAMID	Int32	id
NetCity.Common.ObjectModel.Nhibernate.StatForm.FormParameter	NetCity.Common.ObjectModel.Nhibernate.StatForm.FormParameter	FORMPARAMETERS	CellRow	cellRow	Int32	property
NetCity.Common.ObjectModel.Nhibernate.StatForm.FormParameter	NetCity.Common.ObjectModel.Nhibernate.StatForm.FormParameter	FORMPARAMETERS	CellColumn	cellColumn	Int32	property
NetCity.Common.ObjectModel.Nhibernate.StatForm.FormParameter	NetCity.Common.ObjectModel.Nhibernate.StatForm.FormParameter	FORMPARAMETERS	Letter	letter	AnsiString	property
NetCity.Common.ObjectModel.Nhibernate.StatForm.FormParameter	NetCity.Common.ObjectModel.Nhibernate.StatForm.FormParameter	FORMPARAMETERS	Ptype	PTYPE	AnsiString	property
NetCity.Common.ObjectModel.Nhibernate.StatForm.FormParameter	NetCity.Common.ObjectModel.Nhibernate.StatForm.FormParameter	FORMPARAMETERS	Name	NAME	AnsiString	property
NetCity.Common.ObjectModel.Nhibernate.StatForm.FormParameter	NetCity.Common.ObjectModel.Nhibernate.StatForm.FormParameter	FORMPARAMETERS	Section	SectionID	NetCity.Common.ObjectModel.Nhibernate.StatForm.Section	many-to-one
NetCity.Common.ObjectModel.Nhibernate.StatForm.RevisionSection	NetCity.Common.ObjectModel.Nhibernate.StatForm.RevisionSection	REVISIONSECTIONS	Id	id	Int32	id
NetCity.Common.ObjectModel.Nhibernate.StatForm.RevisionSection	NetCity.Common.ObjectModel.Nhibernate.StatForm.RevisionSection	REVISIONSECTIONS	RevId	RevID	Int32	property
NetCity.Common.ObjectModel.Nhibernate.StatForm.RevisionSection	NetCity.Common.ObjectModel.Nhibernate.StatForm.RevisionSection	REVISIONSECTIONS	Section	SectionID	NetCity.Common.ObjectModel.Nhibernate.StatForm.Section	many-to-one
NetCity.Common.ObjectModel.Nhibernate.StatForm.Section	NetCity.Common.ObjectModel.Nhibernate.StatForm.Section	SECTIONS	Id	id	Int32	id
NetCity.Common.ObjectModel.Nhibernate.StatForm.Section	NetCity.Common.ObjectModel.Nhibernate.StatForm.Section	SECTIONS	Revisions		System.Collections.Generic.ICollection`1[[System.Int32, mscorlib, Version=4.0.0.0, Culture=neutral, PublicKeyToken=b77a5c561934e089]](NetCity.Common.ObjectModel.Nhibernate.StatForm.Section.Revisions)	collection
NetCity.Common.ObjectModel.Nhibernate.StatForm.Section	NetCity.Common.ObjectModel.Nhibernate.StatForm.Section	SECTIONS	RevisionsYears		System.Collections.Generic.ISet`1[[NetCity.Common.ObjectModel.Nhibernate.StatForm.RevisionYearSection, NetCity.Common.ObjectModel, Version=5.14.65351.225, Culture=neutral, PublicKeyToken=ea3eeeb5c070719f]](NetCity.Common.ObjectModel.Nhibernate.StatForm.Section.RevisionsYears)	collection
NetCity.Common.ObjectModel.Nhibernate.StatForm.Section	NetCity.Common.ObjectModel.Nhibernate.StatForm.Section	SECTIONS	PageNum	PageNum	Int32	property
NetCity.Common.ObjectModel.Nhibernate.StatForm.Section	NetCity.Common.ObjectModel.Nhibernate.StatForm.Section	SECTIONS	SectionNum	SectionNum	Int32	property
NetCity.Common.ObjectModel.Nhibernate.StatForm.Section	NetCity.Common.ObjectModel.Nhibernate.StatForm.Section	SECTIONS	SectionPoint	SectionPoint	AnsiString	property
NetCity.Common.ObjectModel.Nhibernate.StatForm.Section	NetCity.Common.ObjectModel.Nhibernate.StatForm.Section	SECTIONS	Title	Title	AnsiString	property
NetCity.Common.ObjectModel.Nhibernate.StatForm.Section	NetCity.Common.ObjectModel.Nhibernate.StatForm.Section	SECTIONS	ShortTitle	SHORTTITLE	AnsiString	property
NetCity.Common.ObjectModel.Nhibernate.StatForm.Section	NetCity.Common.ObjectModel.Nhibernate.StatForm.Section	SECTIONS	StatForm	FORMID	NetCity.Common.ObjectModel.Nhibernate.StatForm.StatFormReport	many-to-one
NetCity.Common.ObjectModel.Nhibernate.StatForm.FormContents.Column	NetCity.Common.ObjectModel.Nhibernate.StatForm.FormContents.Column	SECTIONSCONTENTS	Id	ID	Int32	id
NetCity.Common.ObjectModel.Nhibernate.StatForm.FormContents.Note	NetCity.Common.ObjectModel.Nhibernate.StatForm.FormContents.Note	SECTIONSCONTENTS	Id	ID	Int32	id
NetCity.Common.ObjectModel.Nhibernate.StatForm.FormContents.Row	NetCity.Common.ObjectModel.Nhibernate.StatForm.FormContents.Row	SECTIONSCONTENTS	Id	ID	Int32	id
NetCity.Common.ObjectModel.Nhibernate.StatForm.FormContents.TableLine	NetCity.Common.ObjectModel.Nhibernate.StatForm.FormContents.TableLine	SECTIONSCONTENTS	Id	ID	Int32	id
NetCity.Common.ObjectModel.Nhibernate.StatForm.FormContents.TableLine	NetCity.Common.ObjectModel.Nhibernate.StatForm.FormContents.TableLine	SECTIONSCONTENTS	SubLinesSet		System.Collections.Generic.ISet`1[[NetCity.Common.ObjectModel.Nhibernate.StatForm.FormContents.TableLine, NetCity.Common.ObjectModel, Version=5.14.65351.225, Culture=neutral, PublicKeyToken=ea3eeeb5c070719f]](NetCity.Common.ObjectModel.Nhibernate.StatForm.FormContents.TableLine.SubLinesSet)	collection
NetCity.Common.ObjectModel.Nhibernate.StatForm.FormContents.TableLine	NetCity.Common.ObjectModel.Nhibernate.StatForm.FormContents.TableLine	SECTIONSCONTENTS	ParentId	PARENTCONTENTID	Int32	property
NetCity.Common.ObjectModel.Nhibernate.StatForm.FormContents.TableLine	NetCity.Common.ObjectModel.Nhibernate.StatForm.FormContents.TableLine	SECTIONSCONTENTS	Number	NUMBER	Int32	property
NetCity.Common.ObjectModel.Nhibernate.StatForm.FormContents.TableLine	NetCity.Common.ObjectModel.Nhibernate.StatForm.FormContents.TableLine	SECTIONSCONTENTS	Title	TITLE	AnsiString	property
NetCity.Common.ObjectModel.Nhibernate.StatForm.FormContents.TableLine	NetCity.Common.ObjectModel.Nhibernate.StatForm.FormContents.TableLine	SECTIONSCONTENTS	NumberingLine	ISNUMBERING	Boolean	property
NetCity.Common.ObjectModel.Nhibernate.StatForm.FormContents.TableLine	NetCity.Common.ObjectModel.Nhibernate.StatForm.FormContents.TableLine	SECTIONSCONTENTS	Main	MAIN	Boolean	property
NetCity.Common.ObjectModel.Nhibernate.StatForm.FormContents.TableLine	NetCity.Common.ObjectModel.Nhibernate.StatForm.FormContents.TableLine	SECTIONSCONTENTS	Header	HEADER	Boolean	property
NetCity.Common.ObjectModel.Nhibernate.StatForm.FormContents.TableLine	NetCity.Common.ObjectModel.Nhibernate.StatForm.FormContents.TableLine	SECTIONSCONTENTS	HasData	HASDATA	Boolean	property
NetCity.Common.ObjectModel.Nhibernate.StatForm.FormContents.TableLine	NetCity.Common.ObjectModel.Nhibernate.StatForm.FormContents.TableLine	SECTIONSCONTENTS	IsSum	ISSUM	Boolean	property
NetCity.Common.ObjectModel.Nhibernate.StatForm.FormContents.TableLine	NetCity.Common.ObjectModel.Nhibernate.StatForm.FormContents.TableLine	SECTIONSCONTENTS	DisabledElementsJson	DISABLED	String	property
NetCity.Common.ObjectModel.Nhibernate.StatForm.FormContents.TableLine	NetCity.Common.ObjectModel.Nhibernate.StatForm.FormContents.TableLine	SECTIONSCONTENTS	ValuesInfoJson	VALUESINFO	String	property
NetCity.Common.ObjectModel.Nhibernate.StatForm.FormContents.TableLine	NetCity.Common.ObjectModel.Nhibernate.StatForm.FormContents.TableLine	SECTIONSCONTENTS	Section	SECTIONID	NetCity.Common.ObjectModel.Nhibernate.StatForm.Section	many-to-one
NetCity.Common.ObjectModel.Nhibernate.StatForm.StatFormReport	NetCity.Common.ObjectModel.Nhibernate.StatForm.StatFormReport	STATFORMS	Id	FORMID	Int32	id
NetCity.Common.ObjectModel.Nhibernate.StatForm.StatFormReport	NetCity.Common.ObjectModel.Nhibernate.StatForm.StatFormReport	STATFORMS	Sections		System.Collections.Generic.ISet`1[[NetCity.Common.ObjectModel.Nhibernate.StatForm.Section, NetCity.Common.ObjectModel, Version=5.14.65351.225, Culture=neutral, PublicKeyToken=ea3eeeb5c070719f]](NetCity.Common.ObjectModel.Nhibernate.StatForm.StatFormReport.Sections)	collection
NetCity.Common.ObjectModel.Nhibernate.StatForm.StatFormReport	NetCity.Common.ObjectModel.Nhibernate.StatForm.StatFormReport	STATFORMS	Name	NAME	AnsiString	property
NetCity.Common.ObjectModel.Nhibernate.StatForm.StatFormReport	NetCity.Common.ObjectModel.Nhibernate.StatForm.StatFormReport	STATFORMS	Num	Num	Int32	property
NetCity.Common.ObjectModel.Nhibernate.StatForm.StatFormReport	NetCity.Common.ObjectModel.Nhibernate.StatForm.StatFormReport	STATFORMS	RelevanceYear	RELEVANCEYEAR	Int32	property
NetCity.Common.ObjectModel.Nhibernate.StatForm.YearFormParam	NetCity.Common.ObjectModel.Nhibernate.StatForm.YearFormParam	YEAR_FORMPARAM	Pvalue	PVALUE	AnsiString	property
NetCity.Common.ObjectModel.Nhibernate.StatReports.AccessJournal.IndicatorsEducInstAccessJournalEntry	NetCity.Common.ObjectModel.Nhibernate.StatReports.AccessJournal.IndicatorsEducInstAccessJournalEntry	INDICATORS_ACCESSJOURNAL	Id	ID	Int32	id
NetCity.Common.ObjectModel.Nhibernate.StatReports.AccessJournal.IndicatorsEducInstAccessJournalEntry	NetCity.Common.ObjectModel.Nhibernate.StatReports.AccessJournal.IndicatorsEducInstAccessJournalEntry	INDICATORS_ACCESSJOURNAL	Schoolyear	SCHOOLYEARID	NetCity.Common.ObjectModel.Nhibernate.Schoolyear	many-to-one
NetCity.Common.ObjectModel.Nhibernate.StatReports.AccessJournal.IndicatorsEmAccessJournalEntry	NetCity.Common.ObjectModel.Nhibernate.StatReports.AccessJournal.IndicatorsEmAccessJournalEntry	INDICATORS_ACCESSJOURNAL	Id	ID	Int32	id
NetCity.Common.ObjectModel.Nhibernate.StatReports.AccessJournal.IndicatorsEmAccessJournalEntry	NetCity.Common.ObjectModel.Nhibernate.StatReports.AccessJournal.IndicatorsEmAccessJournalEntry	INDICATORS_ACCESSJOURNAL	EducManagement	EMID	NetCity.Common.ObjectModel.Nhibernate.Organizations.EducManagement	many-to-one
NetCity.Common.ObjectModel.Nhibernate.StatReports.AccessJournal.IndicatorsEmAccessJournalEntry	NetCity.Common.ObjectModel.Nhibernate.StatReports.AccessJournal.IndicatorsEmAccessJournalEntry	INDICATORS_ACCESSJOURNAL	GlobalYear	GLOBALYEARID	NetCity.Common.ObjectModel.Nhibernate.GlobalYear	many-to-one
NetCity.Common.ObjectModel.Nhibernate.StatReports.AccessJournal.IndicatorsAccessJournalEntry	NetCity.Common.ObjectModel.Nhibernate.StatReports.AccessJournal.IndicatorsAccessJournalEntry	INDICATORS_ACCESSJOURNAL	Id	ID	Int32	id
NetCity.Common.ObjectModel.Nhibernate.StatReports.AccessJournal.IndicatorsAccessJournalEntry	NetCity.Common.ObjectModel.Nhibernate.StatReports.AccessJournal.IndicatorsAccessJournalEntry	INDICATORS_ACCESSJOURNAL	IndicatorGroups		System.Collections.Generic.ISet`1[[NetCity.Common.ObjectModel.Nhibernate.StatReports.IndicatorGroup, NetCity.Common.ObjectModel, Version=5.14.65351.225, Culture=neutral, PublicKeyToken=ea3eeeb5c070719f]](NetCity.Common.ObjectModel.Nhibernate.StatReports.AccessJournal.IndicatorsAccessJournalEntry.IndicatorGroups)	collection
NetCity.Common.ObjectModel.Nhibernate.StatReports.AccessJournal.IndicatorsAccessJournalEntry	NetCity.Common.ObjectModel.Nhibernate.StatReports.AccessJournal.IndicatorsAccessJournalEntry	INDICATORS_ACCESSJOURNAL	AccessType	ACCESSTYPE	NHibernate.Type.EnumType`1[[NetCity.Common.ObjectModel.Nhibernate.StatReports.AccessJournal.IndicatorsJournalAccessType, NetCity.Common.ObjectModel, Version=5.14.65351.225, Culture=neutral, PublicKeyToken=ea3eeeb5c070719f]], NHibernate	property
NetCity.Common.ObjectModel.Nhibernate.StatReports.AccessJournal.IndicatorsAccessJournalEntry	NetCity.Common.ObjectModel.Nhibernate.StatReports.AccessJournal.IndicatorsAccessJournalEntry	INDICATORS_ACCESSJOURNAL	AccessJournalEntry		NetCity.Common.ObjectModel.Nhibernate.AccessJournal.AccessJournalEntry	property
NetCity.Common.ObjectModel.Nhibernate.AccessJournal.AccessJournalEntry	NetCity.Common.ObjectModel.Nhibernate.AccessJournal.AccessJournalEntry	ACCESSJOURNAL	Id	ID	Int32	id
NetCity.Common.ObjectModel.Nhibernate.AccessJournal.AccessJournalEntry	NetCity.Common.ObjectModel.Nhibernate.AccessJournal.AccessJournalEntry	ACCESSJOURNAL	Date	DATE	DateTime	property
NetCity.Common.ObjectModel.Nhibernate.AccessJournal.AccessJournalEntry	NetCity.Common.ObjectModel.Nhibernate.AccessJournal.AccessJournalEntry	ACCESSJOURNAL	User	USERID	NetCity.Common.ObjectModel.Nhibernate.Users.User	many-to-one
NetCity.Common.ObjectModel.Nhibernate.AccessJournal.AccessJournalEntry	NetCity.Common.ObjectModel.Nhibernate.AccessJournal.AccessJournalEntry	ACCESSJOURNAL	UserLoginEvent	LOGINEVENTID	NetCity.Common.ObjectModel.Nhibernate.Events.Login.UserLoginEvent	many-to-one
NetCity.Common.ObjectModel.Nhibernate.StatReports.Calculations.IndicatorCalculateExpression	NetCity.Common.ObjectModel.Nhibernate.StatReports.Calculations.IndicatorCalculateExpression	INDICATOR_CALC_EXPS	Id	ID	Int32	id
NetCity.Common.ObjectModel.Nhibernate.StatReports.Calculations.IndicatorCalculateExpression	NetCity.Common.ObjectModel.Nhibernate.StatReports.Calculations.IndicatorCalculateExpression	INDICATOR_CALC_EXPS	Parameters		System.Collections.Generic.ISet`1[[NetCity.Common.ObjectModel.Nhibernate.StatReports.Calculations.IndicatorCalculateExpressionParameter, NetCity.Common.ObjectModel, Version=5.14.65351.225, Culture=neutral, PublicKeyToken=ea3eeeb5c070719f]](NetCity.Common.ObjectModel.Nhibernate.StatReports.Calculations.IndicatorCalculateExpression.Parameters)	collection
NetCity.Common.ObjectModel.Nhibernate.StatReports.Calculations.IndicatorCalculateExpression	NetCity.Common.ObjectModel.Nhibernate.StatReports.Calculations.IndicatorCalculateExpression	INDICATOR_CALC_EXPS	Indicator	INDICATORID	NetCity.Common.ObjectModel.Nhibernate.StatReports.Indicator	many-to-one
NetCity.Common.ObjectModel.Nhibernate.StatReports.Calculations.IndicatorCalculateExpression	NetCity.Common.ObjectModel.Nhibernate.StatReports.Calculations.IndicatorCalculateExpression	INDICATOR_CALC_EXPS	Calculator	CALCULATORID	NetCity.Common.ObjectModel.Nhibernate.StatReports.Calculations.IndicatorCalculator	many-to-one
NetCity.Common.ObjectModel.Nhibernate.StatReports.Calculations.IndicatorCalculatorArgument	NetCity.Common.ObjectModel.Nhibernate.StatReports.Calculations.IndicatorCalculatorArgument	INDICATOR_CALC_ARGS	Id	ID	Int32	id
NetCity.Common.ObjectModel.Nhibernate.StatReports.Calculations.IndicatorCalculatorArgument	NetCity.Common.ObjectModel.Nhibernate.StatReports.Calculations.IndicatorCalculatorArgument	INDICATOR_CALC_ARGS	Calculators		System.Collections.Generic.ISet`1[[NetCity.Common.ObjectModel.Nhibernate.StatReports.Calculations.IndicatorCalculator, NetCity.Common.ObjectModel, Version=5.14.65351.225, Culture=neutral, PublicKeyToken=ea3eeeb5c070719f]](NetCity.Common.ObjectModel.Nhibernate.StatReports.Calculations.IndicatorCalculatorArgument.Calculators)	collection
NetCity.Common.ObjectModel.Nhibernate.StatReports.Calculations.IndicatorCalculatorArgument	NetCity.Common.ObjectModel.Nhibernate.StatReports.Calculations.IndicatorCalculatorArgument	INDICATOR_CALC_ARGS	Name	NAME	String	property
NetCity.Common.ObjectModel.Nhibernate.StatReports.Calculations.IndicatorCalculatorArgument	NetCity.Common.ObjectModel.Nhibernate.StatReports.Calculations.IndicatorCalculatorArgument	INDICATOR_CALC_ARGS	Description	DESC	String	property
NetCity.Common.ObjectModel.Nhibernate.StatReports.Calculations.IndicatorCalculatorArgument	NetCity.Common.ObjectModel.Nhibernate.StatReports.Calculations.IndicatorCalculatorArgument	INDICATOR_CALC_ARGS	Type	TYPE	NHibernate.Type.EnumType`1[[NetCity.Common.ObjectModel.Nhibernate.StatReports.Calculations.IndicatorCalculatorArgumentType, NetCity.Common, Version=0.11.30.0, Culture=neutral, PublicKeyToken=ea3eeeb5c070719f]], NHibernate	property
NetCity.Common.ObjectModel.Nhibernate.StatReports.Calculations.IndicatorCalculatorArgument	NetCity.Common.ObjectModel.Nhibernate.StatReports.Calculations.IndicatorCalculatorArgument	INDICATOR_CALC_ARGS	AllowMultiple	MULTIPLE	Boolean	property
NetCity.Common.ObjectModel.Nhibernate.StatReports.Calculations.IndicatorCalculatorGroup	NetCity.Common.ObjectModel.Nhibernate.StatReports.Calculations.IndicatorCalculatorGroup	INDICATOR_CALC_GROUPS	Id	ID	Int32	id
NetCity.Common.ObjectModel.Nhibernate.StatReports.Calculations.IndicatorCalculatorGroup	NetCity.Common.ObjectModel.Nhibernate.StatReports.Calculations.IndicatorCalculatorGroup	INDICATOR_CALC_GROUPS	CalculatorGroups		System.Collections.Generic.ISet`1[[NetCity.Common.ObjectModel.Nhibernate.StatReports.Calculations.IndicatorCalculatorGroup, NetCity.Common.ObjectModel, Version=5.14.65351.225, Culture=neutral, PublicKeyToken=ea3eeeb5c070719f]](NetCity.Common.ObjectModel.Nhibernate.StatReports.Calculations.IndicatorCalculatorGroup.CalculatorGroups)	collection
NetCity.Common.ObjectModel.Nhibernate.StatReports.Calculations.IndicatorCalculatorGroup	NetCity.Common.ObjectModel.Nhibernate.StatReports.Calculations.IndicatorCalculatorGroup	INDICATOR_CALC_GROUPS	Calculators		System.Collections.Generic.ISet`1[[NetCity.Common.ObjectModel.Nhibernate.StatReports.Calculations.IndicatorCalculator, NetCity.Common.ObjectModel, Version=5.14.65351.225, Culture=neutral, PublicKeyToken=ea3eeeb5c070719f]](NetCity.Common.ObjectModel.Nhibernate.StatReports.Calculations.IndicatorCalculatorGroup.Calculators)	collection
NetCity.Common.ObjectModel.Nhibernate.StatReports.Calculations.IndicatorCalculatorGroup	NetCity.Common.ObjectModel.Nhibernate.StatReports.Calculations.IndicatorCalculatorGroup	INDICATOR_CALC_GROUPS	GroupName	GROUPNAME	AnsiString	property
NetCity.Common.ObjectModel.Nhibernate.StatReports.Calculations.IndicatorCalculatorGroup	NetCity.Common.ObjectModel.Nhibernate.StatReports.Calculations.IndicatorCalculatorGroup	INDICATOR_CALC_GROUPS	Group	PARENTGROUPID	NetCity.Common.ObjectModel.Nhibernate.StatReports.Calculations.IndicatorCalculatorGroup	many-to-one
NetCity.Common.ObjectModel.Nhibernate.StatReports.Calculations.IndicatorCalculator	NetCity.Common.ObjectModel.Nhibernate.StatReports.Calculations.IndicatorCalculator	INDICATOR_CALCS	Id	ID	Int32	id
NetCity.Common.ObjectModel.Nhibernate.StatReports.Calculations.IndicatorCalculator	NetCity.Common.ObjectModel.Nhibernate.StatReports.Calculations.IndicatorCalculator	INDICATOR_CALCS	Arguments		System.Collections.Generic.ISet`1[[NetCity.Common.ObjectModel.Nhibernate.StatReports.Calculations.IndicatorCalculatorArgument, NetCity.Common.ObjectModel, Version=5.14.65351.225, Culture=neutral, PublicKeyToken=ea3eeeb5c070719f]](NetCity.Common.ObjectModel.Nhibernate.StatReports.Calculations.IndicatorCalculator.Arguments)	collection
NetCity.Common.ObjectModel.Nhibernate.StatReports.Calculations.IndicatorCalculator	NetCity.Common.ObjectModel.Nhibernate.StatReports.Calculations.IndicatorCalculator	INDICATOR_CALCS	TypeName	TYPENAME	AnsiString	property
NetCity.Common.ObjectModel.Nhibernate.StatReports.Calculations.IndicatorCalculator	NetCity.Common.ObjectModel.Nhibernate.StatReports.Calculations.IndicatorCalculator	INDICATOR_CALCS	Name	NAME	AnsiString	property
NetCity.Common.ObjectModel.Nhibernate.StatReports.Calculations.IndicatorCalculator	NetCity.Common.ObjectModel.Nhibernate.StatReports.Calculations.IndicatorCalculator	INDICATOR_CALCS	ValueType	ValueType	NHibernate.Type.EnumType`1[[NetCity.Common.ObjectModel.Nhibernate.StatReports.IndicatorValueType, NetCity.Common, Version=0.11.30.0, Culture=neutral, PublicKeyToken=ea3eeeb5c070719f]], NHibernate	property
NetCity.Common.ObjectModel.Nhibernate.StatReports.Calculations.IndicatorCalculator	NetCity.Common.ObjectModel.Nhibernate.StatReports.Calculations.IndicatorCalculator	INDICATOR_CALCS	Level	LEVEL	NHibernate.Type.EnumType`1[[NetCity.Common.ObjectModel.Nhibernate.StatReports.IndicatorLevel, NetCity.Common, Version=0.11.30.0, Culture=neutral, PublicKeyToken=ea3eeeb5c070719f]], NHibernate	property
NetCity.Common.ObjectModel.Nhibernate.StatReports.Calculations.IndicatorCalculator	NetCity.Common.ObjectModel.Nhibernate.StatReports.Calculations.IndicatorCalculator	INDICATOR_CALCS	Group	GROUPID	NetCity.Common.ObjectModel.Nhibernate.StatReports.Calculations.IndicatorCalculatorGroup	many-to-one
NetCity.Common.ObjectModel.Nhibernate.StatReports.EmIndicatorYearValue	NetCity.Common.ObjectModel.Nhibernate.StatReports.EmIndicatorYearValue	EM_INDICATORSVALS	Value	VALUE	Int32	property
NetCity.Common.ObjectModel.Nhibernate.StatReports.IndicatorGroup	NetCity.Common.ObjectModel.Nhibernate.StatReports.IndicatorGroup	INDICATORS	Id	ID	Int32	id
NetCity.Common.ObjectModel.Nhibernate.StatReports.IndicatorGroup	NetCity.Common.ObjectModel.Nhibernate.StatReports.IndicatorGroup	INDICATORS	AccessJournal		System.Collections.Generic.ISet`1[[NetCity.Common.ObjectModel.Nhibernate.StatReports.AccessJournal.IndicatorsAccessJournalEntry, NetCity.Common.ObjectModel, Version=5.14.65351.225, Culture=neutral, PublicKeyToken=ea3eeeb5c070719f]](NetCity.Common.ObjectModel.Nhibernate.StatReports.IndicatorGroup.AccessJournal)	collection
NetCity.Common.ObjectModel.Nhibernate.StatReports.IndicatorGroup	NetCity.Common.ObjectModel.Nhibernate.StatReports.IndicatorGroup	INDICATORS	SubIndicators		System.Collections.Generic.ISet`1[[NetCity.Common.ObjectModel.Nhibernate.StatReports.IndicatorBase, NetCity.Common.ObjectModel, Version=5.14.65351.225, Culture=neutral, PublicKeyToken=ea3eeeb5c070719f]](NetCity.Common.ObjectModel.Nhibernate.StatReports.IndicatorGroup.SubIndicators)	collection
NetCity.Common.ObjectModel.Nhibernate.StatReports.IndicatorGroup	NetCity.Common.ObjectModel.Nhibernate.StatReports.IndicatorGroup	INDICATORS	AllSubIndicators		System.Collections.Generic.ISet`1[[NetCity.Common.ObjectModel.Nhibernate.StatReports.IndicatorBase, NetCity.Common.ObjectModel, Version=5.14.65351.225, Culture=neutral, PublicKeyToken=ea3eeeb5c070719f]](NetCity.Common.ObjectModel.Nhibernate.StatReports.IndicatorGroup.AllSubIndicators)	collection
NetCity.Common.ObjectModel.Nhibernate.StatReports.IndicatorGroup	NetCity.Common.ObjectModel.Nhibernate.StatReports.IndicatorGroup	INDICATORS	_explanations		System.Collections.Generic.ICollection`1[[NetCity.Common.ObjectModel.Nhibernate.StatReports.IndicatorGroupExplanation, NetCity.Common.ObjectModel, Version=5.14.65351.225, Culture=neutral, PublicKeyToken=ea3eeeb5c070719f]](NetCity.Common.ObjectModel.Nhibernate.StatReports.IndicatorGroup._explanations)	collection
NetCity.Common.ObjectModel.Nhibernate.StatReports.Indicator	NetCity.Common.ObjectModel.Nhibernate.StatReports.Indicator	INDICATORS	Id	ID	Int32	id
NetCity.Common.ObjectModel.Nhibernate.StatReports.Indicator	NetCity.Common.ObjectModel.Nhibernate.StatReports.Indicator	INDICATORS	SchoolYearValues		System.Collections.Generic.ISet`1[[NetCity.Common.ObjectModel.Nhibernate.StatReports.SchoolYearIndicatorValue, NetCity.Common.ObjectModel, Version=5.14.65351.225, Culture=neutral, PublicKeyToken=ea3eeeb5c070719f]](NetCity.Common.ObjectModel.Nhibernate.StatReports.Indicator.SchoolYearValues)	collection
NetCity.Common.ObjectModel.Nhibernate.StatReports.Indicator	NetCity.Common.ObjectModel.Nhibernate.StatReports.Indicator	INDICATORS	EmYearValues		System.Collections.Generic.ISet`1[[NetCity.Common.ObjectModel.Nhibernate.StatReports.EmIndicatorYearValue, NetCity.Common.ObjectModel, Version=5.14.65351.225, Culture=neutral, PublicKeyToken=ea3eeeb5c070719f]](NetCity.Common.ObjectModel.Nhibernate.StatReports.Indicator.EmYearValues)	collection
NetCity.Common.ObjectModel.Nhibernate.StatReports.Indicator	NetCity.Common.ObjectModel.Nhibernate.StatReports.Indicator	INDICATORS	_calculateExpressions		System.Collections.Generic.ISet`1[[NetCity.Common.ObjectModel.Nhibernate.StatReports.Calculations.IndicatorCalculateExpression, NetCity.Common.ObjectModel, Version=5.14.65351.225, Culture=neutral, PublicKeyToken=ea3eeeb5c070719f]](NetCity.Common.ObjectModel.Nhibernate.StatReports.Indicator._calculateExpressions)	collection
NetCity.Common.ObjectModel.Nhibernate.StatReports.Indicator	NetCity.Common.ObjectModel.Nhibernate.StatReports.Indicator	INDICATORS	ValueType	ValueType	NHibernate.Type.EnumType`1[[NetCity.Common.ObjectModel.Nhibernate.StatReports.IndicatorValueType, NetCity.Common, Version=0.11.30.0, Culture=neutral, PublicKeyToken=ea3eeeb5c070719f]], NHibernate	property
NetCity.Common.ObjectModel.Nhibernate.StatReports.IndicatorBase	NetCity.Common.ObjectModel.Nhibernate.StatReports.IndicatorBase	INDICATORS	Id	ID	Int32	id
NetCity.Common.ObjectModel.Nhibernate.StatReports.IndicatorBase	NetCity.Common.ObjectModel.Nhibernate.StatReports.IndicatorBase	INDICATORS	Name	NAME	AnsiString	property
NetCity.Common.ObjectModel.Nhibernate.StatReports.IndicatorBase	NetCity.Common.ObjectModel.Nhibernate.StatReports.IndicatorBase	INDICATORS	Number	NUMBER	Int32	property
NetCity.Common.ObjectModel.Nhibernate.StatReports.IndicatorBase	NetCity.Common.ObjectModel.Nhibernate.StatReports.IndicatorBase	INDICATORS	Level	LEVEL	NHibernate.Type.EnumType`1[[NetCity.Common.ObjectModel.Nhibernate.StatReports.IndicatorLevel, NetCity.Common, Version=0.11.30.0, Culture=neutral, PublicKeyToken=ea3eeeb5c070719f]], NHibernate	property
NetCity.Common.ObjectModel.Nhibernate.StatReports.IndicatorBase	NetCity.Common.ObjectModel.Nhibernate.StatReports.IndicatorBase	INDICATORS	RegionId	REGIONINDICATORID	Int32	property
NetCity.Common.ObjectModel.Nhibernate.StatReports.IndicatorBase	NetCity.Common.ObjectModel.Nhibernate.StatReports.IndicatorBase	INDICATORS	EducManagement	EMID	NetCity.Common.ObjectModel.Nhibernate.Organizations.EducManagement	many-to-one
NetCity.Common.ObjectModel.Nhibernate.StatReports.IndicatorBase	NetCity.Common.ObjectModel.Nhibernate.StatReports.IndicatorBase	INDICATORS	Group	GROUPINDICATORID	NetCity.Common.ObjectModel.Nhibernate.StatReports.IndicatorGroup	many-to-one
NetCity.Common.ObjectModel.Nhibernate.StatReports.IndicatorBase	NetCity.Common.ObjectModel.Nhibernate.StatReports.IndicatorBase	INDICATORS	RootGroup	ROOT_GROUPINDICATORID	NetCity.Common.ObjectModel.Nhibernate.StatReports.IndicatorGroup	many-to-one
NetCity.Common.ObjectModel.Nhibernate.StatReports.IndicatorGroupExplanation	NetCity.Common.ObjectModel.Nhibernate.StatReports.IndicatorGroupExplanation	INDICATOR_EXPLANATION	Id	ID	Int32	id
NetCity.Common.ObjectModel.Nhibernate.StatReports.IndicatorGroupExplanation	NetCity.Common.ObjectModel.Nhibernate.StatReports.IndicatorGroupExplanation	INDICATOR_EXPLANATION	Text	EXPLANATIONTEXT	AnsiString	property
NetCity.Common.ObjectModel.Nhibernate.StatReports.IndicatorGroupExplanation	NetCity.Common.ObjectModel.Nhibernate.StatReports.IndicatorGroupExplanation	INDICATOR_EXPLANATION	IndicatorGroup	INDICATORGROUPID	NetCity.Common.ObjectModel.Nhibernate.StatReports.IndicatorGroup	many-to-one
NetCity.Common.ObjectModel.Nhibernate.StatReports.SchoolYearIndicatorValue	NetCity.Common.ObjectModel.Nhibernate.StatReports.SchoolYearIndicatorValue	SCHOOLYEARSINDICATORSVALS	Value	VALUE	Int32	property
NetCity.Common.ObjectModel.Nhibernate.Events.BusyInfo.StudentSummerInfo	NetCity.Common.ObjectModel.Nhibernate.Events.BusyInfo.StudentSummerInfo	STUDENTSSUMMERINFO	Id	ID	Int32	id
NetCity.Common.ObjectModel.Nhibernate.Events.BusyInfo.StudentSummerInfo	NetCity.Common.ObjectModel.Nhibernate.Events.BusyInfo.StudentSummerInfo	STUDENTSSUMMERINFO	MonthNum	MONTHNUM	Int32	property
NetCity.Common.ObjectModel.Nhibernate.Events.BusyInfo.StudentSummerInfo	NetCity.Common.ObjectModel.Nhibernate.Events.BusyInfo.StudentSummerInfo	STUDENTSSUMMERINFO	BusyForm	BUSYFORM	Int32	property
NetCity.Common.ObjectModel.Nhibernate.Events.BusyInfo.StudentSummerInfo	NetCity.Common.ObjectModel.Nhibernate.Events.BusyInfo.StudentSummerInfo	STUDENTSSUMMERINFO	BusyFormDescription	BUSYFORMDESCR	AnsiString	property
NetCity.Common.ObjectModel.Nhibernate.Events.BusyInfo.StudentSummerInfo	NetCity.Common.ObjectModel.Nhibernate.Events.BusyInfo.StudentSummerInfo	STUDENTSSUMMERINFO	ActualOn	ACTUALON	DateTime	property
NetCity.Common.ObjectModel.Nhibernate.Events.BusyInfo.StudentSummerInfo	NetCity.Common.ObjectModel.Nhibernate.Events.BusyInfo.StudentSummerInfo	STUDENTSSUMMERINFO	Student	STUDENTID	NetCity.Common.ObjectModel.Nhibernate.Users.Student	many-to-one
NetCity.Common.ObjectModel.Nhibernate.Events.BusyInfo.StudentSummerInfo	NetCity.Common.ObjectModel.Nhibernate.Events.BusyInfo.StudentSummerInfo	STUDENTSSUMMERINFO	GlobalYear	GLOBALYEARID	NetCity.Common.ObjectModel.Nhibernate.GlobalYear	many-to-one
NetCity.Common.ObjectModel.Nhibernate.Subjectfield	NetCity.Common.ObjectModel.Nhibernate.Subjectfield	SUBJECTFIELDS	Id	FIELDID	Int32	id
NetCity.Common.ObjectModel.Nhibernate.Subjectfield	NetCity.Common.ObjectModel.Nhibernate.Subjectfield	SUBJECTFIELDS	Subjects		System.Collections.Generic.ISet`1[[NetCity.Common.ObjectModel.Nhibernate.Subject, NetCity.Common.ObjectModel, Version=5.14.65351.225, Culture=neutral, PublicKeyToken=ea3eeeb5c070719f]](NetCity.Common.ObjectModel.Nhibernate.Subjectfield.Subjects)	collection
NetCity.Common.ObjectModel.Nhibernate.Subjectfield	NetCity.Common.ObjectModel.Nhibernate.Subjectfield	SUBJECTFIELDS	Fieldname	FIELDNAME	AnsiString	property
NetCity.Common.ObjectModel.Nhibernate.Subjectfield	NetCity.Common.ObjectModel.Nhibernate.Subjectfield	SUBJECTFIELDS	Order	NUMORDER	Int32	property
NetCity.Common.ObjectModel.Nhibernate.AccessJournal.SubjectGroupAccessJournalDetailsEntry	NetCity.Common.ObjectModel.Nhibernate.AccessJournal.SubjectGroupAccessJournalDetailsEntry	SG_ACCESSJOURNAL_DETAILS	Id	ID	Int32	id
NetCity.Common.ObjectModel.Nhibernate.AccessJournal.SubjectGroupAccessJournalDetailsEntry	NetCity.Common.ObjectModel.Nhibernate.AccessJournal.SubjectGroupAccessJournalDetailsEntry	SG_ACCESSJOURNAL_DETAILS	SubjectGroupAccessJournalEntry	ENTRYID	NetCity.Common.ObjectModel.Nhibernate.AccessJournal.SubjectGroupAccessJournalEntry	many-to-one
NetCity.Common.ObjectModel.Nhibernate.AccessJournal.SubjectGroupAccessJournalDetailsEntry	NetCity.Common.ObjectModel.Nhibernate.AccessJournal.SubjectGroupAccessJournalDetailsEntry	SG_ACCESSJOURNAL_DETAILS	SubjectGroup	SGID	NetCity.Common.ObjectModel.Nhibernate.SubjectGroup	many-to-one
NetCity.Common.ObjectModel.Nhibernate.AccessJournal.SubjectGroupAccessJournalDetailsEntry	NetCity.Common.ObjectModel.Nhibernate.AccessJournal.SubjectGroupAccessJournalDetailsEntry	SG_ACCESSJOURNAL_DETAILS	Classmeeting	CMID	NetCity.Common.ObjectModel.Nhibernate.Schedule.Classmeeting	many-to-one
NetCity.Common.ObjectModel.Nhibernate.AccessJournal.SubjectGroupAccessJournalDetailsEntry	NetCity.Common.ObjectModel.Nhibernate.AccessJournal.SubjectGroupAccessJournalDetailsEntry	SG_ACCESSJOURNAL_DETAILS	Term	TERMID	NetCity.Common.ObjectModel.Nhibernate.Term	many-to-one
NetCity.Common.ObjectModel.Nhibernate.AccessJournal.SubjectGroupAccessJournalEntry	NetCity.Common.ObjectModel.Nhibernate.AccessJournal.SubjectGroupAccessJournalEntry	SG_ACCESSJOURNAL	Id	ID	Int32	id
NetCity.Common.ObjectModel.Nhibernate.AccessJournal.SubjectGroupAccessJournalEntry	NetCity.Common.ObjectModel.Nhibernate.AccessJournal.SubjectGroupAccessJournalEntry	SG_ACCESSJOURNAL	Details		System.Collections.Generic.ISet`1[[NetCity.Common.ObjectModel.Nhibernate.AccessJournal.SubjectGroupAccessJournalDetailsEntry, NetCity.Common.ObjectModel, Version=5.14.65351.225, Culture=neutral, PublicKeyToken=ea3eeeb5c070719f]](NetCity.Common.ObjectModel.Nhibernate.AccessJournal.SubjectGroupAccessJournalEntry.Details)	collection
NetCity.Common.ObjectModel.Nhibernate.AccessJournal.SubjectGroupAccessJournalEntry	NetCity.Common.ObjectModel.Nhibernate.AccessJournal.SubjectGroupAccessJournalEntry	SG_ACCESSJOURNAL	JournalAccessType	ACCESSTYPE	NHibernate.Type.EnumType`1[[NetCity.Common.Enums.JournalAccessType, NetCity.Common, Version=0.11.30.0, Culture=neutral, PublicKeyToken=ea3eeeb5c070719f]], NHibernate	property
NetCity.Common.ObjectModel.Nhibernate.AccessJournal.SubjectGroupAccessJournalEntry	NetCity.Common.ObjectModel.Nhibernate.AccessJournal.SubjectGroupAccessJournalEntry	SG_ACCESSJOURNAL	School	SCHOOLID	NetCity.Common.ObjectModel.Nhibernate.Organizations.School	many-to-one
NetCity.Common.ObjectModel.Nhibernate.AccessJournal.SubjectGroupAccessJournalEntry	NetCity.Common.ObjectModel.Nhibernate.AccessJournal.SubjectGroupAccessJournalEntry	SG_ACCESSJOURNAL	Schoolyear	SCHOOLYEARID	NetCity.Common.ObjectModel.Nhibernate.Schoolyear	many-to-one
NetCity.Common.ObjectModel.Nhibernate.AccessJournal.SubjectGroupAccessJournalEntry	NetCity.Common.ObjectModel.Nhibernate.AccessJournal.SubjectGroupAccessJournalEntry	SG_ACCESSJOURNAL	AccessJournalEntry		NetCity.Common.ObjectModel.Nhibernate.AccessJournal.AccessJournalEntry	property
NetCity.Common.ObjectModel.Nhibernate.SubjectGroupClass	NetCity.Common.ObjectModel.Nhibernate.SubjectGroupClass	SG_CLASSES	Grade	GRADE	Int32	property
NetCity.Common.ObjectModel.Nhibernate.SubjectGroupClass	NetCity.Common.ObjectModel.Nhibernate.SubjectGroupClass	SG_CLASSES	Schoolyear	SCHOOLYEARID	NetCity.Common.ObjectModel.Nhibernate.Schoolyear	many-to-one
NetCity.Common.ObjectModel.Nhibernate.ClassSubjectGroup	NetCity.Common.ObjectModel.Nhibernate.ClassSubjectGroup	CLASSSUBJECTGROUPS	Id	ID	Int32	id
NetCity.Common.ObjectModel.Nhibernate.ClassSubjectGroup	NetCity.Common.ObjectModel.Nhibernate.ClassSubjectGroup	CLASSSUBJECTGROUPS	Class	PCLASSID	NetCity.Common.ObjectModel.Nhibernate.Classes.Class	many-to-one
NetCity.Common.ObjectModel.Nhibernate.ClassSubjectGroup	NetCity.Common.ObjectModel.Nhibernate.ClassSubjectGroup	CLASSSUBJECTGROUPS	Group	GROUPID	NetCity.Common.ObjectModel.Nhibernate.Group	many-to-one
NetCity.Common.ObjectModel.Nhibernate.ExtraActivity.ExtraSubjectGroup	NetCity.Common.ObjectModel.Nhibernate.ExtraActivity.ExtraSubjectGroup	EA_SUBJECTGROUPS	Id	ID	Int32	id
NetCity.Common.ObjectModel.Nhibernate.ExtraActivity.ExtraSubjectGroup	NetCity.Common.ObjectModel.Nhibernate.ExtraActivity.ExtraSubjectGroup	EA_SUBJECTGROUPS	ScheduleTimeVariant		System.Collections.Generic.ISet`1[[NetCity.Common.ObjectModel.Nhibernate.Schedule.ScheduleTimeVariant, NetCity.Common.ObjectModel, Version=5.14.65351.225, Culture=neutral, PublicKeyToken=ea3eeeb5c070719f]](NetCity.Common.ObjectModel.Nhibernate.ExtraActivity.ExtraSubjectGroup.ScheduleTimeVariant)	collection
NetCity.Common.ObjectModel.Nhibernate.ExtraActivity.ExtraSubjectGroup	NetCity.Common.ObjectModel.Nhibernate.ExtraActivity.ExtraSubjectGroup	EA_SUBJECTGROUPS	ExtraOrgForm	ORG_FORMID	NetCity.Common.ObjectModel.Nhibernate.ExtraActivity.ExtraOrgForm	many-to-one
NetCity.Common.ObjectModel.Nhibernate.SubjectGroup	NetCity.Common.ObjectModel.Nhibernate.SubjectGroup	SUBJECTGROUPS	Id	ID	Int32	id
NetCity.Common.ObjectModel.Nhibernate.SubjectGroup	NetCity.Common.ObjectModel.Nhibernate.SubjectGroup	SUBJECTGROUPS	Assignments		System.Collections.Generic.ISet`1[[NetCity.Common.ObjectModel.Nhibernate.ClassJournal.Assignment, NetCity.Common.ObjectModel, Version=5.14.65351.225, Culture=neutral, PublicKeyToken=ea3eeeb5c070719f]](NetCity.Common.ObjectModel.Nhibernate.SubjectGroup.Assignments)	collection
NetCity.Common.ObjectModel.Nhibernate.SubjectGroup	NetCity.Common.ObjectModel.Nhibernate.SubjectGroup	SUBJECTGROUPS	Classmeetings		System.Collections.Generic.ISet`1[[NetCity.Common.ObjectModel.Nhibernate.Schedule.Classmeeting, NetCity.Common.ObjectModel, Version=5.14.65351.225, Culture=neutral, PublicKeyToken=ea3eeeb5c070719f]](NetCity.Common.ObjectModel.Nhibernate.SubjectGroup.Classmeetings)	collection
NetCity.Common.ObjectModel.Nhibernate.SubjectGroup	NetCity.Common.ObjectModel.Nhibernate.SubjectGroup	SUBJECTGROUPS	Modules		System.Collections.Generic.ISet`1[[NetCity.Common.ObjectModel.Nhibernate.SubjectGroup, NetCity.Common.ObjectModel, Version=5.14.65351.225, Culture=neutral, PublicKeyToken=ea3eeeb5c070719f]](NetCity.Common.ObjectModel.Nhibernate.SubjectGroup.Modules)	collection
NetCity.Common.ObjectModel.Nhibernate.SubjectGroup	NetCity.Common.ObjectModel.Nhibernate.SubjectGroup	SUBJECTGROUPS	LessonMaps		System.Collections.Generic.ISet`1[[NetCity.Common.ObjectModel.Nhibernate.ThematicPlanning.LessonMaps.LessonMap, NetCity.Common.ObjectModel, Version=5.14.65351.225, Culture=neutral, PublicKeyToken=ea3eeeb5c070719f]](NetCity.Common.ObjectModel.Nhibernate.SubjectGroup.LessonMaps)	collection
NetCity.Common.ObjectModel.Nhibernate.SubjectGroup	NetCity.Common.ObjectModel.Nhibernate.SubjectGroup	SUBJECTGROUPS	Teachers		System.Collections.Generic.ISet`1[[NetCity.Common.ObjectModel.Nhibernate.Users.User, NetCity.Common.ObjectModel, Version=5.14.65351.225, Culture=neutral, PublicKeyToken=ea3eeeb5c070719f]](NetCity.Common.ObjectModel.Nhibernate.SubjectGroup.Teachers)	collection
NetCity.Common.ObjectModel.Nhibernate.SubjectGroup	NetCity.Common.ObjectModel.Nhibernate.SubjectGroup	SUBJECTGROUPS	AllTeachers		System.Collections.Generic.ISet`1[[NetCity.Common.ObjectModel.Nhibernate.Users.User, NetCity.Common.ObjectModel, Version=5.14.65351.225, Culture=neutral, PublicKeyToken=ea3eeeb5c070719f]](NetCity.Common.ObjectModel.Nhibernate.SubjectGroup.AllTeachers)	collection
NetCity.Common.ObjectModel.Nhibernate.SubjectGroup	NetCity.Common.ObjectModel.Nhibernate.SubjectGroup	SUBJECTGROUPS	Classes		System.Collections.Generic.ISet`1[[NetCity.Common.ObjectModel.Nhibernate.Classes.Class, NetCity.Common.ObjectModel, Version=5.14.65351.225, Culture=neutral, PublicKeyToken=ea3eeeb5c070719f]](NetCity.Common.ObjectModel.Nhibernate.SubjectGroup.Classes)	collection
NetCity.Common.ObjectModel.Nhibernate.SubjectGroup	NetCity.Common.ObjectModel.Nhibernate.SubjectGroup	SUBJECTGROUPS	Totals		System.Collections.Generic.ISet`1[[NetCity.Common.ObjectModel.Nhibernate.ClassJournal.Total, NetCity.Common.ObjectModel, Version=5.14.65351.225, Culture=neutral, PublicKeyToken=ea3eeeb5c070719f]](NetCity.Common.ObjectModel.Nhibernate.SubjectGroup.Totals)	collection
NetCity.Common.ObjectModel.Nhibernate.SubjectGroup	NetCity.Common.ObjectModel.Nhibernate.SubjectGroup	SUBJECTGROUPS	Plans		System.Collections.Generic.ISet`1[[NetCity.Common.ObjectModel.Nhibernate.ThematicPlanning.Subjectplan, NetCity.Common.ObjectModel, Version=5.14.65351.225, Culture=neutral, PublicKeyToken=ea3eeeb5c070719f]](NetCity.Common.ObjectModel.Nhibernate.SubjectGroup.Plans)	collection
NetCity.Common.ObjectModel.Nhibernate.SubjectGroup	NetCity.Common.ObjectModel.Nhibernate.SubjectGroup	SUBJECTGROUPS	Terms		System.Collections.Generic.ISet`1[[NetCity.Common.ObjectModel.Nhibernate.SubjectGroupTerm, NetCity.Common.ObjectModel, Version=5.14.65351.225, Culture=neutral, PublicKeyToken=ea3eeeb5c070719f]](NetCity.Common.ObjectModel.Nhibernate.SubjectGroup.Terms)	collection
NetCity.Common.ObjectModel.Nhibernate.SubjectGroup	NetCity.Common.ObjectModel.Nhibernate.SubjectGroup	SUBJECTGROUPS	Grades		System.Collections.Generic.ISet`1[[NetCity.Common.ObjectModel.Nhibernate.SubjectGroupGrade, NetCity.Common.ObjectModel, Version=5.14.65351.225, Culture=neutral, PublicKeyToken=ea3eeeb5c070719f]](NetCity.Common.ObjectModel.Nhibernate.SubjectGroup.Grades)	collection
NetCity.Common.ObjectModel.Nhibernate.SubjectGroup	NetCity.Common.ObjectModel.Nhibernate.SubjectGroup	SUBJECTGROUPS	Yeartotals		System.Collections.Generic.ISet`1[[NetCity.Common.ObjectModel.Nhibernate.ClassJournal.YearTotal, NetCity.Common.ObjectModel, Version=5.14.65351.225, Culture=neutral, PublicKeyToken=ea3eeeb5c070719f]](NetCity.Common.ObjectModel.Nhibernate.SubjectGroup.Yeartotals)	collection
NetCity.Common.ObjectModel.Nhibernate.SubjectGroup	NetCity.Common.ObjectModel.Nhibernate.SubjectGroup	SUBJECTGROUPS	SubjectGroupScheduleTimeVariants		System.Collections.Generic.ISet`1[[NetCity.Common.ObjectModel.Nhibernate.Schedule.SubjectGroupScheduleTimeVariant, NetCity.Common.ObjectModel, Version=5.14.65351.225, Culture=neutral, PublicKeyToken=ea3eeeb5c070719f]](NetCity.Common.ObjectModel.Nhibernate.SubjectGroup.SubjectGroupScheduleTimeVariants)	collection
NetCity.Common.ObjectModel.Nhibernate.SubjectGroup	NetCity.Common.ObjectModel.Nhibernate.SubjectGroup	SUBJECTGROUPS	AccessJournal		System.Collections.Generic.ISet`1[[NetCity.Common.ObjectModel.Nhibernate.AccessJournal.SubjectGroupAccessJournalDetailsEntry, NetCity.Common.ObjectModel, Version=5.14.65351.225, Culture=neutral, PublicKeyToken=ea3eeeb5c070719f]](NetCity.Common.ObjectModel.Nhibernate.SubjectGroup.AccessJournal)	collection
NetCity.Common.ObjectModel.Nhibernate.SubjectGroup	NetCity.Common.ObjectModel.Nhibernate.SubjectGroup	SUBJECTGROUPS	ExamTypes		System.Collections.Generic.ISet`1[[NetCity.Common.ObjectModel.Nhibernate.ClassJournal.SgExamType, NetCity.Common.ObjectModel, Version=5.14.65351.225, Culture=neutral, PublicKeyToken=ea3eeeb5c070719f]](NetCity.Common.ObjectModel.Nhibernate.SubjectGroup.ExamTypes)	collection
NetCity.Common.ObjectModel.Nhibernate.SubjectGroup	NetCity.Common.ObjectModel.Nhibernate.SubjectGroup	SUBJECTGROUPS	Comments	COMMENTS	AnsiString	property
NetCity.Common.ObjectModel.Nhibernate.SubjectGroup	NetCity.Common.ObjectModel.Nhibernate.SubjectGroup	SUBJECTGROUPS	Name	NAME	AnsiString	property
NetCity.Common.ObjectModel.Nhibernate.SubjectGroup	NetCity.Common.ObjectModel.Nhibernate.SubjectGroup	SUBJECTGROUPS	ExtName	EXTNAME	AnsiString	property
NetCity.Common.ObjectModel.Nhibernate.SubjectGroup	NetCity.Common.ObjectModel.Nhibernate.SubjectGroup	SUBJECTGROUPS	GradingSys	GRADINGSYS	NHibernate.Type.EnumType`1[[NetCity.Common.ObjectModel.Nhibernate.GradingSys, NetCity.Common, Version=0.11.30.0, Culture=neutral, PublicKeyToken=ea3eeeb5c070719f]], NHibernate	property
NetCity.Common.ObjectModel.Nhibernate.SubjectGroup	NetCity.Common.ObjectModel.Nhibernate.SubjectGroup	SUBJECTGROUPS	IupLevel	IUP_LEVEL	Int32	property
NetCity.Common.ObjectModel.Nhibernate.SubjectGroup	NetCity.Common.ObjectModel.Nhibernate.SubjectGroup	SUBJECTGROUPS	IsModular	ISMODULAR	Boolean	property
NetCity.Common.ObjectModel.Nhibernate.SubjectGroup	NetCity.Common.ObjectModel.Nhibernate.SubjectGroup	SUBJECTGROUPS	Subject	SUBJECTID	NetCity.Common.ObjectModel.Nhibernate.Subject	many-to-one
NetCity.Common.ObjectModel.Nhibernate.SubjectGroup	NetCity.Common.ObjectModel.Nhibernate.SubjectGroup	SUBJECTGROUPS	ModularSubjectGroup	MODULARSGID	NetCity.Common.ObjectModel.Nhibernate.SubjectGroup	many-to-one
NetCity.Common.ObjectModel.Nhibernate.ExtraActivity.ExtraDirection	NetCity.Common.ObjectModel.Nhibernate.ExtraActivity.ExtraDirection	EA_DIRECTIONS	Id	ID	Int32	id
NetCity.Common.ObjectModel.Nhibernate.ExtraActivity.ExtraDirection	NetCity.Common.ObjectModel.Nhibernate.ExtraActivity.ExtraDirection	EA_DIRECTIONS	Name	NAME	AnsiString	property
NetCity.Common.ObjectModel.Nhibernate.ExtraActivity.ExtraOrgForm	NetCity.Common.ObjectModel.Nhibernate.ExtraActivity.ExtraOrgForm	EA_ORGFORMS	Id	ID	Int32	id
NetCity.Common.ObjectModel.Nhibernate.ExtraActivity.ExtraOrgForm	NetCity.Common.ObjectModel.Nhibernate.ExtraActivity.ExtraOrgForm	EA_ORGFORMS	SubjectGroups		System.Collections.Generic.ISet`1[[NetCity.Common.ObjectModel.Nhibernate.ExtraActivity.ExtraSubjectGroup, NetCity.Common.ObjectModel, Version=5.14.65351.225, Culture=neutral, PublicKeyToken=ea3eeeb5c070719f]](NetCity.Common.ObjectModel.Nhibernate.ExtraActivity.ExtraOrgForm.SubjectGroups)	collection
NetCity.Common.ObjectModel.Nhibernate.ExtraActivity.ExtraOrgForm	NetCity.Common.ObjectModel.Nhibernate.ExtraActivity.ExtraOrgForm	EA_ORGFORMS	Name	NAME	AnsiString	property
NetCity.Common.ObjectModel.Nhibernate.ExtraActivity.ExtraOrgForm	NetCity.Common.ObjectModel.Nhibernate.ExtraActivity.ExtraOrgForm	EA_ORGFORMS	OrderNo	ORDERNO	Int32	property
NetCity.Common.ObjectModel.Nhibernate.ExtraActivity.ExtraOrgForm	NetCity.Common.ObjectModel.Nhibernate.ExtraActivity.ExtraOrgForm	EA_ORGFORMS	School	SCHOOLID	NetCity.Common.ObjectModel.Nhibernate.Organizations.School	many-to-one
NetCity.Common.ObjectModel.Nhibernate.SubjectGroupTerm	NetCity.Common.ObjectModel.Nhibernate.SubjectGroupTerm	SUBJECTGROUPSTERMS	StudentTermGroups		System.Collections.Generic.ISet`1[[NetCity.Common.ObjectModel.Nhibernate.StudentTermGroup, NetCity.Common.ObjectModel, Version=5.14.65351.225, Culture=neutral, PublicKeyToken=ea3eeeb5c070719f]](NetCity.Common.ObjectModel.Nhibernate.SubjectGroupTerm.StudentTermGroups)	collection
NetCity.Common.ObjectModel.Nhibernate.Subject	NetCity.Common.ObjectModel.Nhibernate.Subject	SUBJECTS	Id	SUBJECTID	Int32	id
NetCity.Common.ObjectModel.Nhibernate.Subject	NetCity.Common.ObjectModel.Nhibernate.Subject	SUBJECTS	Groups		System.Collections.Generic.ISet`1[[NetCity.Common.ObjectModel.Nhibernate.Group, NetCity.Common.ObjectModel, Version=5.14.65351.225, Culture=neutral, PublicKeyToken=ea3eeeb5c070719f]](NetCity.Common.ObjectModel.Nhibernate.Subject.Groups)	collection
NetCity.Common.ObjectModel.Nhibernate.Subject	NetCity.Common.ObjectModel.Nhibernate.Subject	SUBJECTS	Curiculumns		System.Collections.Generic.ISet`1[[NetCity.Common.ObjectModel.Nhibernate.Curiculum.Curiculum, NetCity.Common.ObjectModel, Version=5.14.65351.225, Culture=neutral, PublicKeyToken=ea3eeeb5c070719f]](NetCity.Common.ObjectModel.Nhibernate.Subject.Curiculumns)	collection
NetCity.Common.ObjectModel.Nhibernate.Subject	NetCity.Common.ObjectModel.Nhibernate.Subject	SUBJECTS	IupCuriculums		System.Collections.Generic.ISet`1[[NetCity.Common.ObjectModel.Nhibernate.Curiculum.IupCuriculum, NetCity.Common.ObjectModel, Version=5.14.65351.225, Culture=neutral, PublicKeyToken=ea3eeeb5c070719f]](NetCity.Common.ObjectModel.Nhibernate.Subject.IupCuriculums)	collection
NetCity.Common.ObjectModel.Nhibernate.Subject	NetCity.Common.ObjectModel.Nhibernate.Subject	SUBJECTS	EaCuriculums		System.Collections.Generic.ISet`1[[NetCity.Common.ObjectModel.Nhibernate.Curiculum.EaCuriculum, NetCity.Common.ObjectModel, Version=5.14.65351.225, Culture=neutral, PublicKeyToken=ea3eeeb5c070719f]](NetCity.Common.ObjectModel.Nhibernate.Subject.EaCuriculums)	collection
NetCity.Common.ObjectModel.Nhibernate.Subject	NetCity.Common.ObjectModel.Nhibernate.Subject	SUBJECTS	SubjectGroups		System.Collections.Generic.ISet`1[[NetCity.Common.ObjectModel.Nhibernate.SubjectGroup, NetCity.Common.ObjectModel, Version=5.14.65351.225, Culture=neutral, PublicKeyToken=ea3eeeb5c070719f]](NetCity.Common.ObjectModel.Nhibernate.Subject.SubjectGroups)	collection
NetCity.Common.ObjectModel.Nhibernate.Subject	NetCity.Common.ObjectModel.Nhibernate.Subject	SUBJECTS	Subjectplans		System.Collections.Generic.ISet`1[[NetCity.Common.ObjectModel.Nhibernate.ThematicPlanning.Subjectplan, NetCity.Common.ObjectModel, Version=5.14.65351.225, Culture=neutral, PublicKeyToken=ea3eeeb5c070719f]](NetCity.Common.ObjectModel.Nhibernate.Subject.Subjectplans)	collection
NetCity.Common.ObjectModel.Nhibernate.Subject	NetCity.Common.ObjectModel.Nhibernate.Subject	SUBJECTS	Teacherssubjects		System.Collections.Generic.ISet`1[[NetCity.Common.ObjectModel.Nhibernate.Teacherssubject, NetCity.Common.ObjectModel, Version=5.14.65351.225, Culture=neutral, PublicKeyToken=ea3eeeb5c070719f]](NetCity.Common.ObjectModel.Nhibernate.Subject.Teacherssubjects)	collection
NetCity.Common.ObjectModel.Nhibernate.Subject	NetCity.Common.ObjectModel.Nhibernate.Subject	SUBJECTS	Users		System.Collections.Generic.ISet`1[[NetCity.Common.ObjectModel.Nhibernate.Users.User, NetCity.Common.ObjectModel, Version=5.14.65351.225, Culture=neutral, PublicKeyToken=ea3eeeb5c070719f]](NetCity.Common.ObjectModel.Nhibernate.Subject.Users)	collection
NetCity.Common.ObjectModel.Nhibernate.Subject	NetCity.Common.ObjectModel.Nhibernate.Subject	SUBJECTS	Rooms		System.Collections.Generic.ISet`1[[NetCity.Common.ObjectModel.Nhibernate.Schedule.Room, NetCity.Common.ObjectModel, Version=5.14.65351.225, Culture=neutral, PublicKeyToken=ea3eeeb5c070719f]](NetCity.Common.ObjectModel.Nhibernate.Subject.Rooms)	collection
NetCity.Common.ObjectModel.Nhibernate.Subject	NetCity.Common.ObjectModel.Nhibernate.Subject	SUBJECTS	Subjectabbrev	SUBJECTABBREV	AnsiString	property
NetCity.Common.ObjectModel.Nhibernate.Subject	NetCity.Common.ObjectModel.Nhibernate.Subject	SUBJECTS	Subjectname	SUBJECTNAME	AnsiString	property
NetCity.Common.ObjectModel.Nhibernate.Subject	NetCity.Common.ObjectModel.Nhibernate.Subject	SUBJECTS	Order	SUBJORDER	Int32	property
NetCity.Common.ObjectModel.Nhibernate.Subject	NetCity.Common.ObjectModel.Nhibernate.Subject	SUBJECTS	ExtraCurricular	EXTRACURRICULAR	Boolean	property
NetCity.Common.ObjectModel.Nhibernate.Subject	NetCity.Common.ObjectModel.Nhibernate.Subject	SUBJECTS	IsModular	ISMODULAR	Boolean	property
NetCity.Common.ObjectModel.Nhibernate.Subject	NetCity.Common.ObjectModel.Nhibernate.Subject	SUBJECTS	UseExemption	USEEXEMPTION	Boolean	property
NetCity.Common.ObjectModel.Nhibernate.Subject	NetCity.Common.ObjectModel.Nhibernate.Subject	SUBJECTS	GlobalSubject	GLOBALSUBJID	NetCity.Common.ObjectModel.Nhibernate.GlobalSubject	many-to-one
NetCity.Common.ObjectModel.Nhibernate.Subject	NetCity.Common.ObjectModel.Nhibernate.Subject	SUBJECTS	ParentSubject	PARENTSUBJECTID	NetCity.Common.ObjectModel.Nhibernate.ParentSubject	many-to-one
NetCity.Common.ObjectModel.Nhibernate.Subject	NetCity.Common.ObjectModel.Nhibernate.Subject	SUBJECTS	School	SCHOOLID	NetCity.Common.ObjectModel.Nhibernate.Organizations.School	many-to-one
NetCity.Common.ObjectModel.Nhibernate.Subject	NetCity.Common.ObjectModel.Nhibernate.Subject	SUBJECTS	Subjectfield	FIELDID	NetCity.Common.ObjectModel.Nhibernate.Subjectfield	many-to-one
NetCity.Common.ObjectModel.Nhibernate.Subject	NetCity.Common.ObjectModel.Nhibernate.Subject	SUBJECTS	Direction	DIRECTIONID	NetCity.Common.ObjectModel.Nhibernate.ExtraActivity.ExtraDirection	many-to-one
NetCity.Common.ObjectModel.Nhibernate.ThematicPlanning.LessonMaps.LessonActivityGroup	NetCity.Common.ObjectModel.Nhibernate.ThematicPlanning.LessonMaps.LessonActivityGroup	LESSONACTIVITYGROUPS	Id	Id	Int32	id
NetCity.Common.ObjectModel.Nhibernate.ThematicPlanning.LessonMaps.LessonActivityGroup	NetCity.Common.ObjectModel.Nhibernate.ThematicPlanning.LessonMaps.LessonActivityGroup	LESSONACTIVITYGROUPS	Step	STEP	Int32	property
NetCity.Common.ObjectModel.Nhibernate.ThematicPlanning.LessonMaps.LessonActivityGroup	NetCity.Common.ObjectModel.Nhibernate.ThematicPlanning.LessonMaps.LessonActivityGroup	LESSONACTIVITYGROUPS	Type	ACTIVITYTYPE	NHibernate.Type.EnumType`1[[NetCity.Common.ObjectModel.Nhibernate.ThematicPlanning.LessonMaps.LearnActivityType, NetCity.Common, Version=0.11.30.0, Culture=neutral, PublicKeyToken=ea3eeeb5c070719f]], NHibernate	property
NetCity.Common.ObjectModel.Nhibernate.ThematicPlanning.LessonMaps.LessonActivityGroup	NetCity.Common.ObjectModel.Nhibernate.ThematicPlanning.LessonMaps.LessonActivityGroup	LESSONACTIVITYGROUPS	Code	CODE	AnsiString	property
NetCity.Common.ObjectModel.Nhibernate.ThematicPlanning.LessonMaps.LessonActivityGroup	NetCity.Common.ObjectModel.Nhibernate.ThematicPlanning.LessonMaps.LessonActivityGroup	LESSONACTIVITYGROUPS	Name	NAME	AnsiString	property
NetCity.Common.ObjectModel.Nhibernate.ThematicPlanning.LessonMaps.LessonMap	NetCity.Common.ObjectModel.Nhibernate.ThematicPlanning.LessonMaps.LessonMap	LESSONMAPS	Id	Id	Int32	id
NetCity.Common.ObjectModel.Nhibernate.ThematicPlanning.LessonMaps.LessonMap	NetCity.Common.ObjectModel.Nhibernate.ThematicPlanning.LessonMaps.LessonMap	LESSONMAPS	Tasks		System.Collections.Generic.ISet`1[[NetCity.Common.ObjectModel.Nhibernate.ThematicPlanning.LessonMaps.LessonMapTask, NetCity.Common.ObjectModel, Version=5.14.65351.225, Culture=neutral, PublicKeyToken=ea3eeeb5c070719f]](NetCity.Common.ObjectModel.Nhibernate.ThematicPlanning.LessonMaps.LessonMap.Tasks)	collection
NetCity.Common.ObjectModel.Nhibernate.ThematicPlanning.LessonMaps.LessonMap	NetCity.Common.ObjectModel.Nhibernate.ThematicPlanning.LessonMaps.LessonMap	LESSONMAPS	Type	LESSONTYPE	NHibernate.Type.EnumType`1[[NetCity.Common.ObjectModel.Nhibernate.ThematicPlanning.LessonMaps.LessonType, NetCity.Common, Version=0.11.30.0, Culture=neutral, PublicKeyToken=ea3eeeb5c070719f]], NHibernate	property
NetCity.Common.ObjectModel.Nhibernate.ThematicPlanning.LessonMaps.LessonMap	NetCity.Common.ObjectModel.Nhibernate.ThematicPlanning.LessonMaps.LessonMap	LESSONMAPS	Subject	LESSONMAPSUBJECTID	NHibernate.Type.EnumType`1[[NetCity.Common.ObjectModel.Nhibernate.ThematicPlanning.LessonMaps.LessonMapSubject, NetCity.Common, Version=0.11.30.0, Culture=neutral, PublicKeyToken=ea3eeeb5c070719f]], NHibernate	property
NetCity.Common.ObjectModel.Nhibernate.ThematicPlanning.LessonMaps.LessonMap	NetCity.Common.ObjectModel.Nhibernate.ThematicPlanning.LessonMaps.LessonMap	LESSONMAPS	Lesson	LESSONID	NetCity.Common.ObjectModel.Nhibernate.ThematicPlanning.Lesson	many-to-one
NetCity.Common.ObjectModel.Nhibernate.ThematicPlanning.LessonMaps.LessonMap	NetCity.Common.ObjectModel.Nhibernate.ThematicPlanning.LessonMaps.LessonMap	LESSONMAPS	SubjectGroup	SGID	NetCity.Common.ObjectModel.Nhibernate.SubjectGroup	many-to-one
NetCity.Common.ObjectModel.Nhibernate.ThematicPlanning.LessonMaps.LessonMap	NetCity.Common.ObjectModel.Nhibernate.ThematicPlanning.LessonMaps.LessonMap	LESSONMAPS	SchoolYear	SCHOOLYEARID	NetCity.Common.ObjectModel.Nhibernate.Schoolyear	many-to-one
NetCity.Common.ObjectModel.Nhibernate.ThematicPlanning.LessonMaps.LessonMap	NetCity.Common.ObjectModel.Nhibernate.ThematicPlanning.LessonMaps.LessonMap	LESSONMAPS	Model	LESSONMODELID	NetCity.Common.ObjectModel.Nhibernate.ThematicPlanning.LessonMaps.LessonModel	many-to-one
NetCity.Common.ObjectModel.Nhibernate.ThematicPlanning.LessonMaps.LessonMap	NetCity.Common.ObjectModel.Nhibernate.ThematicPlanning.LessonMaps.LessonMap	LESSONMAPS	Author	AUTHORID	NetCity.Common.ObjectModel.Nhibernate.Users.User	many-to-one
NetCity.Common.ObjectModel.Nhibernate.ThematicPlanning.Lesson	NetCity.Common.ObjectModel.Nhibernate.ThematicPlanning.Lesson	LESSONS	Id	LESSONID	Int32	id
NetCity.Common.ObjectModel.Nhibernate.ThematicPlanning.Lesson	NetCity.Common.ObjectModel.Nhibernate.ThematicPlanning.Lesson	LESSONS	Classmeetings		System.Collections.Generic.ISet`1[[NetCity.Common.ObjectModel.Nhibernate.Schedule.Classmeeting, NetCity.Common.ObjectModel, Version=5.14.65351.225, Culture=neutral, PublicKeyToken=ea3eeeb5c070719f]](NetCity.Common.ObjectModel.Nhibernate.ThematicPlanning.Lesson.Classmeetings)	collection
NetCity.Common.ObjectModel.Nhibernate.ThematicPlanning.Lesson	NetCity.Common.ObjectModel.Nhibernate.ThematicPlanning.Lesson	LESSONS	ContentElements		System.Collections.Generic.ISet`1[[NetCity.Common.ObjectModel.Nhibernate.QualityAssessment.ContentElement, NetCity.Common.ObjectModel, Version=5.14.65351.225, Culture=neutral, PublicKeyToken=ea3eeeb5c070719f]](NetCity.Common.ObjectModel.Nhibernate.ThematicPlanning.Lesson.ContentElements)	collection
NetCity.Common.ObjectModel.Nhibernate.ThematicPlanning.Lesson	NetCity.Common.ObjectModel.Nhibernate.ThematicPlanning.Lesson	LESSONS	FileAttachments		System.Collections.Generic.ISet`1[[NetCity.Common.ObjectModel.Nhibernate.FileAttachment, NetCity.Common.ObjectModel, Version=5.14.65351.225, Culture=neutral, PublicKeyToken=ea3eeeb5c070719f]](NetCity.Common.ObjectModel.Nhibernate.ThematicPlanning.Lesson.FileAttachments)	collection
NetCity.Common.ObjectModel.Nhibernate.ThematicPlanning.Lesson	NetCity.Common.ObjectModel.Nhibernate.ThematicPlanning.Lesson	LESSONS	Bookref	BOOKREF	AnsiString	property
NetCity.Common.ObjectModel.Nhibernate.ThematicPlanning.Lesson	NetCity.Common.ObjectModel.Nhibernate.ThematicPlanning.Lesson	LESSONS	Description	DESCRIPTION	AnsiString	property
NetCity.Common.ObjectModel.Nhibernate.ThematicPlanning.Lesson	NetCity.Common.ObjectModel.Nhibernate.ThematicPlanning.Lesson	LESSONS	Extrainfo1	EXTRAINFO1	AnsiString	property
NetCity.Common.ObjectModel.Nhibernate.ThematicPlanning.Lesson	NetCity.Common.ObjectModel.Nhibernate.ThematicPlanning.Lesson	LESSONS	Extrainfo2	EXTRAINFO2	AnsiString	property
NetCity.Common.ObjectModel.Nhibernate.ThematicPlanning.Lesson	NetCity.Common.ObjectModel.Nhibernate.ThematicPlanning.Lesson	LESSONS	Extrainfo3	EXTRAINFO3	AnsiString	property
NetCity.Common.ObjectModel.Nhibernate.ThematicPlanning.Lesson	NetCity.Common.ObjectModel.Nhibernate.ThematicPlanning.Lesson	LESSONS	Extrainfo4	EXTRAINFO4	AnsiString	property
NetCity.Common.ObjectModel.Nhibernate.ThematicPlanning.Lesson	NetCity.Common.ObjectModel.Nhibernate.ThematicPlanning.Lesson	LESSONS	Homeassignment	HOMEASSIGNMENT	AnsiString	property
NetCity.Common.ObjectModel.Nhibernate.ThematicPlanning.Lesson	NetCity.Common.ObjectModel.Nhibernate.ThematicPlanning.Lesson	LESSONS	Lessondetails	DETAILS	AnsiString	property
NetCity.Common.ObjectModel.Nhibernate.ThematicPlanning.Lesson	NetCity.Common.ObjectModel.Nhibernate.ThematicPlanning.Lesson	LESSONS	Hours	HOURS	Int32	property
NetCity.Common.ObjectModel.Nhibernate.ThematicPlanning.Lesson	NetCity.Common.ObjectModel.Nhibernate.ThematicPlanning.Lesson	LESSONS	Lessonname	LESSONNAME	String	property
NetCity.Common.ObjectModel.Nhibernate.ThematicPlanning.Lesson	NetCity.Common.ObjectModel.Nhibernate.ThematicPlanning.Lesson	LESSONS	Num	NLESSONINUNIT	Int32	property
NetCity.Common.ObjectModel.Nhibernate.ThematicPlanning.Lesson	NetCity.Common.ObjectModel.Nhibernate.ThematicPlanning.Lesson	LESSONS	Unit	UNITID	NetCity.Common.ObjectModel.Nhibernate.ThematicPlanning.Unit	many-to-one
NetCity.Common.ObjectModel.Nhibernate.ThematicPlanning.LessonMaps.LessonMapTask	NetCity.Common.ObjectModel.Nhibernate.ThematicPlanning.LessonMaps.LessonMapTask	LESSONMAPTASKS	Id	ID	Int32	id
NetCity.Common.ObjectModel.Nhibernate.ThematicPlanning.LessonMaps.LessonMapTask	NetCity.Common.ObjectModel.Nhibernate.ThematicPlanning.LessonMaps.LessonMapTask	LESSONMAPTASKS	Activities		System.Collections.Generic.ISet`1[[NetCity.Common.ObjectModel.Nhibernate.ThematicPlanning.LessonMaps.LessonLearnActivity, NetCity.Common.ObjectModel, Version=5.14.65351.225, Culture=neutral, PublicKeyToken=ea3eeeb5c070719f]](NetCity.Common.ObjectModel.Nhibernate.ThematicPlanning.LessonMaps.LessonMapTask.Activities)	collection
NetCity.Common.ObjectModel.Nhibernate.ThematicPlanning.LessonMaps.LessonMapTask	NetCity.Common.ObjectModel.Nhibernate.ThematicPlanning.LessonMaps.LessonMapTask	LESSONMAPTASKS	SubjectSkills		System.Collections.Generic.ISet`1[[NetCity.Common.ObjectModel.Nhibernate.ThematicPlanning.LessonMaps.SubjectSkill, NetCity.Common.ObjectModel, Version=5.14.65351.225, Culture=neutral, PublicKeyToken=ea3eeeb5c070719f]](NetCity.Common.ObjectModel.Nhibernate.ThematicPlanning.LessonMaps.LessonMapTask.SubjectSkills)	collection
NetCity.Common.ObjectModel.Nhibernate.ThematicPlanning.LessonMaps.LessonMapTask	NetCity.Common.ObjectModel.Nhibernate.ThematicPlanning.LessonMaps.LessonMapTask	LESSONMAPTASKS	Number	NUMBER	Int32	property
NetCity.Common.ObjectModel.Nhibernate.ThematicPlanning.LessonMaps.LessonMapTask	NetCity.Common.ObjectModel.Nhibernate.ThematicPlanning.LessonMaps.LessonMapTask	LESSONMAPTASKS	Task	TASK	AnsiString	property
NetCity.Common.ObjectModel.Nhibernate.ThematicPlanning.LessonMaps.LessonMapTask	NetCity.Common.ObjectModel.Nhibernate.ThematicPlanning.LessonMaps.LessonMapTask	LESSONMAPTASKS	TeacherActivity	TEACHERACTIVITY	AnsiString	property
NetCity.Common.ObjectModel.Nhibernate.ThematicPlanning.LessonMaps.LessonMapTask	NetCity.Common.ObjectModel.Nhibernate.ThematicPlanning.LessonMaps.LessonMapTask	LESSONMAPTASKS	CommunicationForm	COMMUNICATIONFORM	NHibernate.Type.EnumType`1[[NetCity.Common.ObjectModel.Nhibernate.ThematicPlanning.LessonMaps.CommunicationForm, NetCity.Common, Version=0.11.30.0, Culture=neutral, PublicKeyToken=ea3eeeb5c070719f]], NHibernate	property
NetCity.Common.ObjectModel.Nhibernate.ThematicPlanning.LessonMaps.LessonMapTask	NetCity.Common.ObjectModel.Nhibernate.ThematicPlanning.LessonMaps.LessonMapTask	LESSONMAPTASKS	ControlForm	CONTROLFORM	NHibernate.Type.EnumType`1[[NetCity.Common.ObjectModel.Nhibernate.ThematicPlanning.LessonMaps.ControlForm, NetCity.Common, Version=0.11.30.0, Culture=neutral, PublicKeyToken=ea3eeeb5c070719f]], NHibernate	property
NetCity.Common.ObjectModel.Nhibernate.ThematicPlanning.LessonMaps.LessonMapTask	NetCity.Common.ObjectModel.Nhibernate.ThematicPlanning.LessonMaps.LessonMapTask	LESSONMAPTASKS	LessonMap	LESSONMAPID	NetCity.Common.ObjectModel.Nhibernate.ThematicPlanning.LessonMaps.LessonMap	many-to-one
NetCity.Common.ObjectModel.Nhibernate.ThematicPlanning.LessonMaps.LessonMapTask	NetCity.Common.ObjectModel.Nhibernate.ThematicPlanning.LessonMaps.LessonMapTask	LESSONMAPTASKS	ModelStage	LESSONSTAGEMODELID	NetCity.Common.ObjectModel.Nhibernate.ThematicPlanning.LessonMaps.LessonModelStage	many-to-one
NetCity.Common.ObjectModel.Nhibernate.ThematicPlanning.LessonMaps.LessonModel	NetCity.Common.ObjectModel.Nhibernate.ThematicPlanning.LessonMaps.LessonModel	LESSONMODELS	Id	ID	Int32	id
NetCity.Common.ObjectModel.Nhibernate.ThematicPlanning.LessonMaps.LessonModel	NetCity.Common.ObjectModel.Nhibernate.ThematicPlanning.LessonMaps.LessonModel	LESSONMODELS	Stages		System.Collections.Generic.ISet`1[[NetCity.Common.ObjectModel.Nhibernate.ThematicPlanning.LessonMaps.LessonModelStage, NetCity.Common.ObjectModel, Version=5.14.65351.225, Culture=neutral, PublicKeyToken=ea3eeeb5c070719f]](NetCity.Common.ObjectModel.Nhibernate.ThematicPlanning.LessonMaps.LessonModel.Stages)	collection
NetCity.Common.ObjectModel.Nhibernate.ThematicPlanning.LessonMaps.LessonModel	NetCity.Common.ObjectModel.Nhibernate.ThematicPlanning.LessonMaps.LessonModel	LESSONMODELS	Name	NAME	AnsiString	property
NetCity.Common.ObjectModel.Nhibernate.ThematicPlanning.LessonMaps.LessonModelStage	NetCity.Common.ObjectModel.Nhibernate.ThematicPlanning.LessonMaps.LessonModelStage	LESSONSTAGEMODELS	Id	ID	Int32	id
NetCity.Common.ObjectModel.Nhibernate.ThematicPlanning.LessonMaps.LessonModelStage	NetCity.Common.ObjectModel.Nhibernate.ThematicPlanning.LessonMaps.LessonModelStage	LESSONSTAGEMODELS	TeacherActivities		System.Collections.Generic.ISet`1[[NetCity.Common.ObjectModel.Nhibernate.ThematicPlanning.LessonMaps.LessonTeacherActivity, NetCity.Common.ObjectModel, Version=5.14.65351.225, Culture=neutral, PublicKeyToken=ea3eeeb5c070719f]](NetCity.Common.ObjectModel.Nhibernate.ThematicPlanning.LessonMaps.LessonModelStage.TeacherActivities)	collection
NetCity.Common.ObjectModel.Nhibernate.ThematicPlanning.LessonMaps.LessonModelStage	NetCity.Common.ObjectModel.Nhibernate.ThematicPlanning.LessonMaps.LessonModelStage	LESSONSTAGEMODELS	Name	Name	AnsiString	property
NetCity.Common.ObjectModel.Nhibernate.ThematicPlanning.LessonMaps.LessonModelStage	NetCity.Common.ObjectModel.Nhibernate.ThematicPlanning.LessonMaps.LessonModelStage	LESSONSTAGEMODELS	Number	Number	Int32	property
NetCity.Common.ObjectModel.Nhibernate.ThematicPlanning.LessonMaps.LessonModelStage	NetCity.Common.ObjectModel.Nhibernate.ThematicPlanning.LessonMaps.LessonModelStage	LESSONSTAGEMODELS	Model	LESSONMODELID	NetCity.Common.ObjectModel.Nhibernate.ThematicPlanning.LessonMaps.LessonModel	many-to-one
NetCity.Common.ObjectModel.Nhibernate.ThematicPlanning.LessonMaps.LessonModelStage	NetCity.Common.ObjectModel.Nhibernate.ThematicPlanning.LessonMaps.LessonModelStage	LESSONSTAGEMODELS	ParentStage	PARENTSTAGEID	NetCity.Common.ObjectModel.Nhibernate.ThematicPlanning.LessonMaps.LessonModelStage	many-to-one
NetCity.Common.ObjectModel.Nhibernate.ThematicPlanning.LessonMaps.LessonTeacherActivity	NetCity.Common.ObjectModel.Nhibernate.ThematicPlanning.LessonMaps.LessonTeacherActivity	LESSONTEACHERACTIVITIES	Id	ID	Int32	id
NetCity.Common.ObjectModel.Nhibernate.ThematicPlanning.LessonMaps.LessonTeacherActivity	NetCity.Common.ObjectModel.Nhibernate.ThematicPlanning.LessonMaps.LessonTeacherActivity	LESSONTEACHERACTIVITIES	Activity	Activity	AnsiString	property
NetCity.Common.ObjectModel.Nhibernate.ThematicPlanning.LessonMaps.LessonTeacherActivity	NetCity.Common.ObjectModel.Nhibernate.ThematicPlanning.LessonMaps.LessonTeacherActivity	LESSONTEACHERACTIVITIES	Results	Results	AnsiString	property
NetCity.Common.ObjectModel.Nhibernate.ThematicPlanning.LessonMaps.LessonLearnActivity	NetCity.Common.ObjectModel.Nhibernate.ThematicPlanning.LessonMaps.LessonLearnActivity	LESSONACTIVITIES	Id	ID	Int32	id
NetCity.Common.ObjectModel.Nhibernate.ThematicPlanning.LessonMaps.LessonLearnActivity	NetCity.Common.ObjectModel.Nhibernate.ThematicPlanning.LessonMaps.LessonLearnActivity	LESSONACTIVITIES	Code	CODE	AnsiString	property
NetCity.Common.ObjectModel.Nhibernate.ThematicPlanning.LessonMaps.LessonLearnActivity	NetCity.Common.ObjectModel.Nhibernate.ThematicPlanning.LessonMaps.LessonLearnActivity	LESSONACTIVITIES	Activity	ACTIVITY	AnsiString	property
NetCity.Common.ObjectModel.Nhibernate.ThematicPlanning.LessonMaps.LessonLearnActivity	NetCity.Common.ObjectModel.Nhibernate.ThematicPlanning.LessonMaps.LessonLearnActivity	LESSONACTIVITIES	Results	RESULTS	AnsiString	property
NetCity.Common.ObjectModel.Nhibernate.ThematicPlanning.LessonMaps.LessonLearnActivity	NetCity.Common.ObjectModel.Nhibernate.ThematicPlanning.LessonMaps.LessonLearnActivity	LESSONACTIVITIES	Group	GROUPID	NetCity.Common.ObjectModel.Nhibernate.ThematicPlanning.LessonMaps.LessonActivityGroup	many-to-one
NetCity.Common.ObjectModel.Nhibernate.ThematicPlanning.Subjectplan	NetCity.Common.ObjectModel.Nhibernate.ThematicPlanning.Subjectplan	SUBJECTPLANS	Id	PLANID	Int32	id
NetCity.Common.ObjectModel.Nhibernate.ThematicPlanning.Subjectplan	NetCity.Common.ObjectModel.Nhibernate.ThematicPlanning.Subjectplan	SUBJECTPLANS	Units		System.Collections.Generic.ISet`1[[NetCity.Common.ObjectModel.Nhibernate.ThematicPlanning.Unit, NetCity.Common.ObjectModel, Version=5.14.65351.225, Culture=neutral, PublicKeyToken=ea3eeeb5c070719f]](NetCity.Common.ObjectModel.Nhibernate.ThematicPlanning.Subjectplan.Units)	collection
NetCity.Common.ObjectModel.Nhibernate.ThematicPlanning.Subjectplan	NetCity.Common.ObjectModel.Nhibernate.ThematicPlanning.Subjectplan	SUBJECTPLANS	SubjectGroup		System.Collections.Generic.ISet`1[[NetCity.Common.ObjectModel.Nhibernate.SubjectGroup, NetCity.Common.ObjectModel, Version=5.14.65351.225, Culture=neutral, PublicKeyToken=ea3eeeb5c070719f]](NetCity.Common.ObjectModel.Nhibernate.ThematicPlanning.Subjectplan.SubjectGroup)	collection
NetCity.Common.ObjectModel.Nhibernate.ThematicPlanning.Subjectplan	NetCity.Common.ObjectModel.Nhibernate.ThematicPlanning.Subjectplan	SUBJECTPLANS	Bookref	BOOKREF	AnsiString	property
NetCity.Common.ObjectModel.Nhibernate.ThematicPlanning.Subjectplan	NetCity.Common.ObjectModel.Nhibernate.ThematicPlanning.Subjectplan	SUBJECTPLANS	Grade	GRADE	Int32	property
NetCity.Common.ObjectModel.Nhibernate.ThematicPlanning.Subjectplan	NetCity.Common.ObjectModel.Nhibernate.ThematicPlanning.Subjectplan	SUBJECTPLANS	Materials	MATERIALS	AnsiString	property
NetCity.Common.ObjectModel.Nhibernate.ThematicPlanning.Subjectplan	NetCity.Common.ObjectModel.Nhibernate.ThematicPlanning.Subjectplan	SUBJECTPLANS	FileAttachment	ATTACHMENTID	NetCity.Common.ObjectModel.Nhibernate.FileAttachment	many-to-one
NetCity.Common.ObjectModel.Nhibernate.ThematicPlanning.Subjectplan	NetCity.Common.ObjectModel.Nhibernate.ThematicPlanning.Subjectplan	SUBJECTPLANS	Schoolyear	SCHOOLYEARID	NetCity.Common.ObjectModel.Nhibernate.Schoolyear	many-to-one
NetCity.Common.ObjectModel.Nhibernate.ThematicPlanning.Subjectplan	NetCity.Common.ObjectModel.Nhibernate.ThematicPlanning.Subjectplan	SUBJECTPLANS	Subject	SUBJECTID	NetCity.Common.ObjectModel.Nhibernate.Subject	many-to-one
NetCity.Common.ObjectModel.Nhibernate.ThematicPlanning.Subjectplan	NetCity.Common.ObjectModel.Nhibernate.ThematicPlanning.Subjectplan	SUBJECTPLANS	SubjectplanVariant	VARIANTID	NetCity.Common.ObjectModel.Nhibernate.ThematicPlanning.SubjectplanVariant	many-to-one
NetCity.Common.ObjectModel.Nhibernate.ThematicPlanning.Subjectplan	NetCity.Common.ObjectModel.Nhibernate.ThematicPlanning.Subjectplan	SUBJECTPLANS	User	AUTHORID	NetCity.Common.ObjectModel.Nhibernate.Users.User	many-to-one
NetCity.Common.ObjectModel.Nhibernate.ThematicPlanning.SubjectplanVariant	NetCity.Common.ObjectModel.Nhibernate.ThematicPlanning.SubjectplanVariant	SUBJECTPLANVARIANTS	Variantid	VARIANTID	Int32	id
NetCity.Common.ObjectModel.Nhibernate.ThematicPlanning.SubjectplanVariant	NetCity.Common.ObjectModel.Nhibernate.ThematicPlanning.SubjectplanVariant	SUBJECTPLANVARIANTS	Subjectplans		System.Collections.Generic.ISet`1[[NetCity.Common.ObjectModel.Nhibernate.ThematicPlanning.Subjectplan, NetCity.Common.ObjectModel, Version=5.14.65351.225, Culture=neutral, PublicKeyToken=ea3eeeb5c070719f]](NetCity.Common.ObjectModel.Nhibernate.ThematicPlanning.SubjectplanVariant.Subjectplans)	collection
NetCity.Common.ObjectModel.Nhibernate.ThematicPlanning.SubjectplanVariant	NetCity.Common.ObjectModel.Nhibernate.ThematicPlanning.SubjectplanVariant	SUBJECTPLANVARIANTS	Variantname	VARIANTNAME	AnsiString	property
NetCity.Common.ObjectModel.Nhibernate.ThematicPlanning.LessonMaps.SubjectSkill	NetCity.Common.ObjectModel.Nhibernate.ThematicPlanning.LessonMaps.SubjectSkill	SUBJECTSKILLS	Id	ID	Int32	id
NetCity.Common.ObjectModel.Nhibernate.ThematicPlanning.LessonMaps.SubjectSkill	NetCity.Common.ObjectModel.Nhibernate.ThematicPlanning.LessonMaps.SubjectSkill	SUBJECTSKILLS	Subject	LESSONMAPSUBJECTID	NHibernate.Type.EnumType`1[[NetCity.Common.ObjectModel.Nhibernate.ThematicPlanning.LessonMaps.LessonMapSubject, NetCity.Common, Version=0.11.30.0, Culture=neutral, PublicKeyToken=ea3eeeb5c070719f]], NHibernate	property
NetCity.Common.ObjectModel.Nhibernate.ThematicPlanning.LessonMaps.SubjectSkill	NetCity.Common.ObjectModel.Nhibernate.ThematicPlanning.LessonMaps.SubjectSkill	SUBJECTSKILLS	Step	STEP	Int32	property
NetCity.Common.ObjectModel.Nhibernate.ThematicPlanning.LessonMaps.SubjectSkill	NetCity.Common.ObjectModel.Nhibernate.ThematicPlanning.LessonMaps.SubjectSkill	SUBJECTSKILLS	Name	NAME	AnsiString	property
NetCity.Common.ObjectModel.Nhibernate.ThematicPlanning.LessonMaps.SubjectSkill	NetCity.Common.ObjectModel.Nhibernate.ThematicPlanning.LessonMaps.SubjectSkill	SUBJECTSKILLS	Classes	CLASSES	AnsiString	property
NetCity.Common.ObjectModel.Nhibernate.ThematicPlanning.LessonMaps.SubjectSkill	NetCity.Common.ObjectModel.Nhibernate.ThematicPlanning.LessonMaps.SubjectSkill	SUBJECTSKILLS	ParentSkill	PARENTID	NetCity.Common.ObjectModel.Nhibernate.ThematicPlanning.LessonMaps.SubjectSkill	many-to-one
NetCity.Common.ObjectModel.Nhibernate.ThematicPlanning.Unit	NetCity.Common.ObjectModel.Nhibernate.ThematicPlanning.Unit	UNITS	Id	UNITID	Int32	id
NetCity.Common.ObjectModel.Nhibernate.ThematicPlanning.Unit	NetCity.Common.ObjectModel.Nhibernate.ThematicPlanning.Unit	UNITS	Lessons		System.Collections.Generic.ISet`1[[NetCity.Common.ObjectModel.Nhibernate.ThematicPlanning.Lesson, NetCity.Common.ObjectModel, Version=5.14.65351.225, Culture=neutral, PublicKeyToken=ea3eeeb5c070719f]](NetCity.Common.ObjectModel.Nhibernate.ThematicPlanning.Unit.Lessons)	collection
NetCity.Common.ObjectModel.Nhibernate.ThematicPlanning.Unit	NetCity.Common.ObjectModel.Nhibernate.ThematicPlanning.Unit	UNITS	Nunitinplan	NUNITINPLAN	Int32	property
NetCity.Common.ObjectModel.Nhibernate.ThematicPlanning.Unit	NetCity.Common.ObjectModel.Nhibernate.ThematicPlanning.Unit	UNITS	Unitname	UNITNAME	String	property
NetCity.Common.ObjectModel.Nhibernate.ThematicPlanning.Unit	NetCity.Common.ObjectModel.Nhibernate.ThematicPlanning.Unit	UNITS	Description	DESCRIPTION	String	property
NetCity.Common.ObjectModel.Nhibernate.ThematicPlanning.Unit	NetCity.Common.ObjectModel.Nhibernate.ThematicPlanning.Unit	UNITS	Subjectplan	PLANID	NetCity.Common.ObjectModel.Nhibernate.ThematicPlanning.Subjectplan	many-to-one
NetCity.Common.ObjectModel.Nhibernate.System.AuthClient	NetCity.Common.ObjectModel.Nhibernate.System.AuthClient	AUTHCLIENTS	Id	ID	Int32	id
NetCity.Common.ObjectModel.Nhibernate.System.AuthClient	NetCity.Common.ObjectModel.Nhibernate.System.AuthClient	AUTHCLIENTS	Scopes		System.Collections.Generic.ISet`1[[NetCity.Common.ObjectModel.Nhibernate.System.AuthScope, NetCity.Common.ObjectModel, Version=5.14.65351.225, Culture=neutral, PublicKeyToken=ea3eeeb5c070719f]](NetCity.Common.ObjectModel.Nhibernate.System.AuthClient.Scopes)	collection
NetCity.Common.ObjectModel.Nhibernate.System.AuthClient	NetCity.Common.ObjectModel.Nhibernate.System.AuthClient	AUTHCLIENTS	Schools		System.Collections.Generic.ISet`1[[NetCity.Common.ObjectModel.Nhibernate.Organizations.School, NetCity.Common.ObjectModel, Version=5.14.65351.225, Culture=neutral, PublicKeyToken=ea3eeeb5c070719f]](NetCity.Common.ObjectModel.Nhibernate.System.AuthClient.Schools)	collection
NetCity.Common.ObjectModel.Nhibernate.System.AuthClient	NetCity.Common.ObjectModel.Nhibernate.System.AuthClient	AUTHCLIENTS	ClientId	CLIENT_ID	AnsiString	property
NetCity.Common.ObjectModel.Nhibernate.System.AuthClient	NetCity.Common.ObjectModel.Nhibernate.System.AuthClient	AUTHCLIENTS	ClientName	CLIENT_NAME	AnsiString	property
NetCity.Common.ObjectModel.Nhibernate.System.AuthClient	NetCity.Common.ObjectModel.Nhibernate.System.AuthClient	AUTHCLIENTS	ClientSecret	CLIENT_SECRET	AnsiString	property
NetCity.Common.ObjectModel.Nhibernate.System.AuthClient	NetCity.Common.ObjectModel.Nhibernate.System.AuthClient	AUTHCLIENTS	RedirectUrl	REDIRECT_URI	AnsiString	property
NetCity.Common.ObjectModel.Nhibernate.System.AuthClient	NetCity.Common.ObjectModel.Nhibernate.System.AuthClient	AUTHCLIENTS	AuthCodeFlow	AUTHCODE_FLOW	Boolean	property
NetCity.Common.ObjectModel.Nhibernate.System.AuthClient	NetCity.Common.ObjectModel.Nhibernate.System.AuthClient	AUTHCLIENTS	RefreshTokenFlow	REFRESHTOKEN_FLOW	Boolean	property
NetCity.Common.ObjectModel.Nhibernate.System.AuthClient	NetCity.Common.ObjectModel.Nhibernate.System.AuthClient	AUTHCLIENTS	ClientCredFlow	CLIENTCRED_FLOW	Boolean	property
NetCity.Common.ObjectModel.Nhibernate.System.AuthClient	NetCity.Common.ObjectModel.Nhibernate.System.AuthClient	AUTHCLIENTS	ResourceOwnerCredFlow	RESOURCEOWNERCRED_FLOW	Boolean	property
NetCity.Common.ObjectModel.Nhibernate.System.AuthScope	NetCity.Common.ObjectModel.Nhibernate.System.AuthScope	AUTHSCOPES	Id	SCOPEID	Int32	id
NetCity.Common.ObjectModel.Nhibernate.System.AuthScope	NetCity.Common.ObjectModel.Nhibernate.System.AuthScope	AUTHSCOPES	Name	SCOPENAME	AnsiString	property
NetCity.Common.ObjectModel.Nhibernate.System.AuthScope	NetCity.Common.ObjectModel.Nhibernate.System.AuthScope	AUTHSCOPES	Description	SCOPEDESCRIPTION	AnsiString	property
NetCity.Common.ObjectModel.Nhibernate.System.TrustedApplication	NetCity.Common.ObjectModel.Nhibernate.System.TrustedApplication	TRUSTEDAPPLICATIONS	Id	TrustedApplicationId	Int32	id
NetCity.Common.ObjectModel.Nhibernate.System.TrustedApplication	NetCity.Common.ObjectModel.Nhibernate.System.TrustedApplication	TRUSTEDAPPLICATIONS	ApplicationKey	ApplicationId	AnsiString	property
NetCity.Common.ObjectModel.Nhibernate.System.TrustedApplication	NetCity.Common.ObjectModel.Nhibernate.System.TrustedApplication	TRUSTEDAPPLICATIONS	School	SchoolId	NetCity.Common.ObjectModel.Nhibernate.Organizations.School	many-to-one
NetCity.Common.ObjectModel.Nhibernate.Term	NetCity.Common.ObjectModel.Nhibernate.Term	TERMS	Id	TERMID	Int32	id
NetCity.Common.ObjectModel.Nhibernate.Term	NetCity.Common.ObjectModel.Nhibernate.Term	TERMS	Classes		System.Collections.Generic.ISet`1[[NetCity.Common.ObjectModel.Nhibernate.Classes.Class, NetCity.Common.ObjectModel, Version=5.14.65351.225, Culture=neutral, PublicKeyToken=ea3eeeb5c070719f]](NetCity.Common.ObjectModel.Nhibernate.Term.Classes)	collection
NetCity.Common.ObjectModel.Nhibernate.Term	NetCity.Common.ObjectModel.Nhibernate.Term	TERMS	Students		System.Collections.Generic.ISet`1[[NetCity.Common.ObjectModel.Nhibernate.Users.Student, NetCity.Common.ObjectModel, Version=5.14.65351.225, Culture=neutral, PublicKeyToken=ea3eeeb5c070719f]](NetCity.Common.ObjectModel.Nhibernate.Term.Students)	collection
NetCity.Common.ObjectModel.Nhibernate.Term	NetCity.Common.ObjectModel.Nhibernate.Term	TERMS	Totals		System.Collections.Generic.ISet`1[[NetCity.Common.ObjectModel.Nhibernate.ClassJournal.Total, NetCity.Common.ObjectModel, Version=5.14.65351.225, Culture=neutral, PublicKeyToken=ea3eeeb5c070719f]](NetCity.Common.ObjectModel.Nhibernate.Term.Totals)	collection
NetCity.Common.ObjectModel.Nhibernate.Term	NetCity.Common.ObjectModel.Nhibernate.Term	TERMS	SubjectGroups		System.Collections.Generic.ISet`1[[NetCity.Common.ObjectModel.Nhibernate.SubjectGroupTerm, NetCity.Common.ObjectModel, Version=5.14.65351.225, Culture=neutral, PublicKeyToken=ea3eeeb5c070719f]](NetCity.Common.ObjectModel.Nhibernate.Term.SubjectGroups)	collection
NetCity.Common.ObjectModel.Nhibernate.Term	NetCity.Common.ObjectModel.Nhibernate.Term	TERMS	IupCurriculums		System.Collections.Generic.ISet`1[[NetCity.Common.ObjectModel.Nhibernate.Curiculum.IupCuriculum, NetCity.Common.ObjectModel, Version=5.14.65351.225, Culture=neutral, PublicKeyToken=ea3eeeb5c070719f]](NetCity.Common.ObjectModel.Nhibernate.Term.IupCurriculums)	collection
NetCity.Common.ObjectModel.Nhibernate.Term	NetCity.Common.ObjectModel.Nhibernate.Term	TERMS	Enddate	ENDDATE	DateTime	property
NetCity.Common.ObjectModel.Nhibernate.Term	NetCity.Common.ObjectModel.Nhibernate.Term	TERMS	Startdate	STARTDATE	DateTime	property
NetCity.Common.ObjectModel.Nhibernate.Term	NetCity.Common.ObjectModel.Nhibernate.Term	TERMS	Termname	TERMNAME	AnsiString	property
NetCity.Common.ObjectModel.Nhibernate.Term	NetCity.Common.ObjectModel.Nhibernate.Term	TERMS	ModifyDate	MODIFYDATE	DateTime	property
NetCity.Common.ObjectModel.Nhibernate.Term	NetCity.Common.ObjectModel.Nhibernate.Term	TERMS	TermNum	TERMNUM	Int32	property
NetCity.Common.ObjectModel.Nhibernate.Term	NetCity.Common.ObjectModel.Nhibernate.Term	TERMS	TermType	TERMTYPEID	NetCity.Common.ObjectModel.Nhibernate.TermType	many-to-one
NetCity.Common.ObjectModel.Nhibernate.Term	NetCity.Common.ObjectModel.Nhibernate.Term	TERMS	Schoolyear	SCHOOLYEARID	NetCity.Common.ObjectModel.Nhibernate.Schoolyear	many-to-one
NetCity.Common.ObjectModel.Nhibernate.TermType	NetCity.Common.ObjectModel.Nhibernate.TermType	TERMTYPES	Id	TERMTYPEID	Int32	id
NetCity.Common.ObjectModel.Nhibernate.TermType	NetCity.Common.ObjectModel.Nhibernate.TermType	TERMTYPES	SchoolTermTypes		System.Collections.Generic.ISet`1[[NetCity.Common.ObjectModel.Nhibernate.SchoolTermTypes, NetCity.Common.ObjectModel, Version=5.14.65351.225, Culture=neutral, PublicKeyToken=ea3eeeb5c070719f]](NetCity.Common.ObjectModel.Nhibernate.TermType.SchoolTermTypes)	collection
NetCity.Common.ObjectModel.Nhibernate.TermType	NetCity.Common.ObjectModel.Nhibernate.TermType	TERMTYPES	Terms		System.Collections.Generic.ISet`1[[NetCity.Common.ObjectModel.Nhibernate.Term, NetCity.Common.ObjectModel, Version=5.14.65351.225, Culture=neutral, PublicKeyToken=ea3eeeb5c070719f]](NetCity.Common.ObjectModel.Nhibernate.TermType.Terms)	collection
NetCity.Common.ObjectModel.Nhibernate.TermType	NetCity.Common.ObjectModel.Nhibernate.TermType	TERMTYPES	Count	TERMSCOUNT	Int32	property
NetCity.Common.ObjectModel.Nhibernate.TermType	NetCity.Common.ObjectModel.Nhibernate.TermType	TERMTYPES	Name	TERMTYPENAME	AnsiString	property
NetCity.Common.ObjectModel.Nhibernate.TermType	NetCity.Common.ObjectModel.Nhibernate.TermType	TERMTYPES	Enabled	ENABLED	YesNoType	property
NetCity.Common.ObjectModel.Nhibernate.Users.AidResult	NetCity.Common.ObjectModel.Nhibernate.Users.AidResult	AIDRESULTS	Comment	AIDCOMMENT	String	property
NetCity.Common.ObjectModel.Nhibernate.Users.AidResult	NetCity.Common.ObjectModel.Nhibernate.Users.AidResult	AIDRESULTS	Result	AIDRESULT	NetCity.Common.ObjectModel.Nhibernate.Users.UserParams.UserInfoListItem	many-to-one
NetCity.Common.ObjectModel.Nhibernate.Users.Attestation.AttestRequest	NetCity.Common.ObjectModel.Nhibernate.Users.Attestation.AttestRequest	STAFF_ATTEST_REQUESTS	Id	ID	Int32	id
NetCity.Common.ObjectModel.Nhibernate.Users.Attestation.AttestRequest	NetCity.Common.ObjectModel.Nhibernate.Users.Attestation.AttestRequest	STAFF_ATTEST_REQUESTS	Date	DATE	DateTime	property
NetCity.Common.ObjectModel.Nhibernate.Users.Attestation.AttestRequest	NetCity.Common.ObjectModel.Nhibernate.Users.Attestation.AttestRequest	STAFF_ATTEST_REQUESTS	ComissionDate	COMISSIONDATE	DateTime	property
NetCity.Common.ObjectModel.Nhibernate.Users.Attestation.AttestRequest	NetCity.Common.ObjectModel.Nhibernate.Users.Attestation.AttestRequest	STAFF_ATTEST_REQUESTS	Status	STATUS	AnsiString	property
NetCity.Common.ObjectModel.Nhibernate.Users.Attestation.AttestRequest	NetCity.Common.ObjectModel.Nhibernate.Users.Attestation.AttestRequest	STAFF_ATTEST_REQUESTS	Decision	DECISION	AnsiString	property
NetCity.Common.ObjectModel.Nhibernate.Users.Attestation.AttestRequest	NetCity.Common.ObjectModel.Nhibernate.Users.Attestation.AttestRequest	STAFF_ATTEST_REQUESTS	Position	POSITION	AnsiString	property
NetCity.Common.ObjectModel.Nhibernate.Users.Attestation.AttestRequest	NetCity.Common.ObjectModel.Nhibernate.Users.Attestation.AttestRequest	STAFF_ATTEST_REQUESTS	Number	NUMBER	AnsiString	property
NetCity.Common.ObjectModel.Nhibernate.Users.Attestation.AttestRequest	NetCity.Common.ObjectModel.Nhibernate.Users.Attestation.AttestRequest	STAFF_ATTEST_REQUESTS	AttestId	ATTEST_ID	Int64	property
NetCity.Common.ObjectModel.Nhibernate.Users.Attestation.AttestRequest	NetCity.Common.ObjectModel.Nhibernate.Users.Attestation.AttestRequest	STAFF_ATTEST_REQUESTS	User	USERID	NetCity.Common.ObjectModel.Nhibernate.Users.User	many-to-one
NetCity.Common.ObjectModel.Nhibernate.Users.Attestation.AttestRequest	NetCity.Common.ObjectModel.Nhibernate.Users.Attestation.AttestRequest	STAFF_ATTEST_REQUESTS	Period	STARTDATE,ENDDATE	component[Start,End]	property
NetCity.Common.ObjectModel.Nhibernate.Users.Attestation.StaffAcademicAwards	NetCity.Common.ObjectModel.Nhibernate.Users.Attestation.StaffAcademicAwards	STAFF_ACADEMIC_AWARDS	Id	ID	Int32	id
NetCity.Common.ObjectModel.Nhibernate.Users.Attestation.StaffAcademicAwards	NetCity.Common.ObjectModel.Nhibernate.Users.Attestation.StaffAcademicAwards	STAFF_ACADEMIC_AWARDS	AcademicDegree	ACADEMICDEGREE	AnsiString	property
NetCity.Common.ObjectModel.Nhibernate.Users.Attestation.StaffAcademicAwards	NetCity.Common.ObjectModel.Nhibernate.Users.Attestation.StaffAcademicAwards	STAFF_ACADEMIC_AWARDS	AcademicTitle	ACADEMICTITLE	AnsiString	property
NetCity.Common.ObjectModel.Nhibernate.Users.Attestation.StaffAcademicAwards	NetCity.Common.ObjectModel.Nhibernate.Users.Attestation.StaffAcademicAwards	STAFF_ACADEMIC_AWARDS	Speciality	SPECIALITY	AnsiString	property
NetCity.Common.ObjectModel.Nhibernate.Users.Attestation.StaffAcademicAwards	NetCity.Common.ObjectModel.Nhibernate.Users.Attestation.StaffAcademicAwards	STAFF_ACADEMIC_AWARDS	User	USERID	NetCity.Common.ObjectModel.Nhibernate.Users.User	many-to-one
NetCity.Common.ObjectModel.Nhibernate.Users.Attestation.StaffAcademicAwards	NetCity.Common.ObjectModel.Nhibernate.Users.Attestation.StaffAcademicAwards	STAFF_ACADEMIC_AWARDS	AwardDocument	DOCTYPE,AWARDDATE,NUMBER,SERIES,ORGNAME	component[DocType,AwardDate,Number,Series,Organization]	property
NetCity.Common.ObjectModel.Nhibernate.Users.Attestation.StaffRetraining	NetCity.Common.ObjectModel.Nhibernate.Users.Attestation.StaffRetraining	STAFF_TRAININGS	Id	ID	Int32	id
NetCity.Common.ObjectModel.Nhibernate.Users.Attestation.StaffRetraining	NetCity.Common.ObjectModel.Nhibernate.Users.Attestation.StaffRetraining	STAFF_TRAININGS	Speciality	SPECIALITY	AnsiString	property
NetCity.Common.ObjectModel.Nhibernate.Users.Attestation.StaffRetraining	NetCity.Common.ObjectModel.Nhibernate.Users.Attestation.StaffRetraining	STAFF_TRAININGS	Qualification	QUALIFICATION	AnsiString	property
NetCity.Common.ObjectModel.Nhibernate.Users.Attestation.StaffRetraining	NetCity.Common.ObjectModel.Nhibernate.Users.Attestation.StaffRetraining	STAFF_TRAININGS	Note	NOTE	AnsiString	property
NetCity.Common.ObjectModel.Nhibernate.Users.Attestation.StaffRetraining	NetCity.Common.ObjectModel.Nhibernate.Users.Attestation.StaffRetraining	STAFF_TRAININGS	SecondName	SECONDNAME	AnsiString	property
NetCity.Common.ObjectModel.Nhibernate.Users.Attestation.StaffRetraining	NetCity.Common.ObjectModel.Nhibernate.Users.Attestation.StaffRetraining	STAFF_TRAININGS	RetrainingType	RETRAININGTYPE	NHibernate.Type.EnumType`1[[NetCity.Common.ObjectModel.Nhibernate.Users.Attestation.Basic.RetrainingType, NetCity.Common, Version=0.11.30.0, Culture=neutral, PublicKeyToken=ea3eeeb5c070719f]], NHibernate	property
NetCity.Common.ObjectModel.Nhibernate.Users.Attestation.StaffTraining	NetCity.Common.ObjectModel.Nhibernate.Users.Attestation.StaffTraining	STAFF_TRAININGS	Id	ID	Int32	id
NetCity.Common.ObjectModel.Nhibernate.Users.Attestation.StaffTraining	NetCity.Common.ObjectModel.Nhibernate.Users.Attestation.StaffTraining	STAFF_TRAININGS	Theme	THEME	AnsiString	property
NetCity.Common.ObjectModel.Nhibernate.Users.Attestation.StaffTraining	NetCity.Common.ObjectModel.Nhibernate.Users.Attestation.StaffTraining	STAFF_TRAININGS	Form	PARTFORM	NHibernate.Type.EnumType`1[[NetCity.Common.ObjectModel.Nhibernate.Users.Attestation.Basic.ParticipationStatus, NetCity.Common, Version=0.11.30.0, Culture=neutral, PublicKeyToken=ea3eeeb5c070719f]], NHibernate	property
NetCity.Common.ObjectModel.Nhibernate.Users.Attestation.StaffTraining	NetCity.Common.ObjectModel.Nhibernate.Users.Attestation.StaffTraining	STAFF_TRAININGS	Level	LEVEL	NHibernate.Type.EnumType`1[[NetCity.Common.ObjectModel.Nhibernate.Users.Attestation.Basic.Level, NetCity.Common, Version=0.11.30.0, Culture=neutral, PublicKeyToken=ea3eeeb5c070719f]], NHibernate	property
NetCity.Common.ObjectModel.Nhibernate.Users.Attestation.StaffCommonTraining	NetCity.Common.ObjectModel.Nhibernate.Users.Attestation.StaffCommonTraining	STAFF_TRAININGS	Id	ID	Int32	id
NetCity.Common.ObjectModel.Nhibernate.Users.Attestation.StaffCommonTraining	NetCity.Common.ObjectModel.Nhibernate.Users.Attestation.StaffCommonTraining	STAFF_TRAININGS	Organization	ORGNAME	AnsiString	property
NetCity.Common.ObjectModel.Nhibernate.Users.Attestation.StaffCommonTraining	NetCity.Common.ObjectModel.Nhibernate.Users.Attestation.StaffCommonTraining	STAFF_TRAININGS	Place	PLACE	AnsiString	property
NetCity.Common.ObjectModel.Nhibernate.Users.Attestation.StaffCommonTraining	NetCity.Common.ObjectModel.Nhibernate.Users.Attestation.StaffCommonTraining	STAFF_TRAININGS	Hours	HOURS	Int32	property
NetCity.Common.ObjectModel.Nhibernate.Users.Attestation.StaffCommonTraining	NetCity.Common.ObjectModel.Nhibernate.Users.Attestation.StaffCommonTraining	STAFF_TRAININGS	TrainingType	TRAININGTYPE	NHibernate.Type.EnumType`1[[NetCity.Common.ObjectModel.Nhibernate.Users.Attestation.Basic.StaffTrainingType, NetCity.Common, Version=0.11.30.0, Culture=neutral, PublicKeyToken=ea3eeeb5c070719f]], NHibernate	property
NetCity.Common.ObjectModel.Nhibernate.Users.Attestation.StaffCommonTraining	NetCity.Common.ObjectModel.Nhibernate.Users.Attestation.StaffCommonTraining	STAFF_TRAININGS	User	USERID	NetCity.Common.ObjectModel.Nhibernate.Users.User	many-to-one
NetCity.Common.ObjectModel.Nhibernate.Users.Attestation.StaffCommonTraining	NetCity.Common.ObjectModel.Nhibernate.Users.Attestation.StaffCommonTraining	STAFF_TRAININGS	Period	STARTDATE,ENDDATE	component[Start,End]	property
NetCity.Common.ObjectModel.Nhibernate.Users.Attestation.StaffCommonTraining	NetCity.Common.ObjectModel.Nhibernate.Users.Attestation.StaffCommonTraining	STAFF_TRAININGS	CompletionDocument	DOCNAME,ISSUEDDATE,NUMBER,REGNUMBER,SERIES	component[DocName,IssueDate,Number,RegNumber,Series]	property
NetCity.Common.ObjectModel.Nhibernate.Users.Attestation.StaffEducation	NetCity.Common.ObjectModel.Nhibernate.Users.Attestation.StaffEducation	STAFF_EDUCATIONS	Id	ID	Int32	id
NetCity.Common.ObjectModel.Nhibernate.Users.Attestation.StaffEducation	NetCity.Common.ObjectModel.Nhibernate.Users.Attestation.StaffEducation	STAFF_EDUCATIONS	Municipality	MUNICIPALITY	AnsiString	property
NetCity.Common.ObjectModel.Nhibernate.Users.Attestation.StaffEducation	NetCity.Common.ObjectModel.Nhibernate.Users.Attestation.StaffEducation	STAFF_EDUCATIONS	Organization	ORGNAME	AnsiString	property
NetCity.Common.ObjectModel.Nhibernate.Users.Attestation.StaffEducation	NetCity.Common.ObjectModel.Nhibernate.Users.Attestation.StaffEducation	STAFF_EDUCATIONS	Speciality	SPECIALITY	AnsiString	property
NetCity.Common.ObjectModel.Nhibernate.Users.Attestation.StaffEducation	NetCity.Common.ObjectModel.Nhibernate.Users.Attestation.StaffEducation	STAFF_EDUCATIONS	SecondName	SECONDNAME	AnsiString	property
NetCity.Common.ObjectModel.Nhibernate.Users.Attestation.StaffEducation	NetCity.Common.ObjectModel.Nhibernate.Users.Attestation.StaffEducation	STAFF_EDUCATIONS	Qualification	QUALIFICATION	AnsiString	property
NetCity.Common.ObjectModel.Nhibernate.Users.Attestation.StaffEducation	NetCity.Common.ObjectModel.Nhibernate.Users.Attestation.StaffEducation	STAFF_EDUCATIONS	User	USERID	NetCity.Common.ObjectModel.Nhibernate.Users.User	many-to-one
NetCity.Common.ObjectModel.Nhibernate.Users.Attestation.StaffEducation	NetCity.Common.ObjectModel.Nhibernate.Users.Attestation.StaffEducation	STAFF_EDUCATIONS	Period	YEARSTART,YEAREND	component[Start,End]	property
NetCity.Common.ObjectModel.Nhibernate.Users.Attestation.StaffEducation	NetCity.Common.ObjectModel.Nhibernate.Users.Attestation.StaffEducation	STAFF_EDUCATIONS	CompletionDocument	DOCNAME,ISSUEDDATE,NUMBER,DOCTYPE,REGNUMBER,SERIES	component[DocName,IssueDate,Number,DocType,RegNumber,Series]	property
NetCity.Common.ObjectModel.Nhibernate.Users.Attestation.StaffMethodicalActivity	NetCity.Common.ObjectModel.Nhibernate.Users.Attestation.StaffMethodicalActivity	STAFF_METHOD_ACTIVITY	Id	ID	Int32	id
NetCity.Common.ObjectModel.Nhibernate.Users.Attestation.StaffMethodicalActivity	NetCity.Common.ObjectModel.Nhibernate.Users.Attestation.StaffMethodicalActivity	STAFF_METHOD_ACTIVITY	Level	LEVEL	NHibernate.Type.EnumType`1[[NetCity.Common.ObjectModel.Nhibernate.Users.Attestation.Basic.Level, NetCity.Common, Version=0.11.30.0, Culture=neutral, PublicKeyToken=ea3eeeb5c070719f]], NHibernate	property
NetCity.Common.ObjectModel.Nhibernate.Users.Attestation.StaffMethodicalActivity	NetCity.Common.ObjectModel.Nhibernate.Users.Attestation.StaffMethodicalActivity	STAFF_METHOD_ACTIVITY	Participation	PARTICIPATION	NHibernate.Type.EnumType`1[[NetCity.Common.ObjectModel.Nhibernate.Users.Attestation.Basic.ParticipationStatus, NetCity.Common, Version=0.11.30.0, Culture=neutral, PublicKeyToken=ea3eeeb5c070719f]], NHibernate	property
NetCity.Common.ObjectModel.Nhibernate.Users.Attestation.StaffMethodicalActivity	NetCity.Common.ObjectModel.Nhibernate.Users.Attestation.StaffMethodicalActivity	STAFF_METHOD_ACTIVITY	ProductName	WORKNAME	AnsiString	property
NetCity.Common.ObjectModel.Nhibernate.Users.Attestation.StaffMethodicalActivity	NetCity.Common.ObjectModel.Nhibernate.Users.Attestation.StaffMethodicalActivity	STAFF_METHOD_ACTIVITY	WorkName	PRODUCTNAME	AnsiString	property
NetCity.Common.ObjectModel.Nhibernate.Users.Attestation.StaffMethodicalActivity	NetCity.Common.ObjectModel.Nhibernate.Users.Attestation.StaffMethodicalActivity	STAFF_METHOD_ACTIVITY	HostingAddress	HOSTINGADDRESS	AnsiString	property
NetCity.Common.ObjectModel.Nhibernate.Users.Attestation.StaffMethodicalActivity	NetCity.Common.ObjectModel.Nhibernate.Users.Attestation.StaffMethodicalActivity	STAFF_METHOD_ACTIVITY	ImplementedIn	IMPLEMENTEDIN	AnsiString	property
NetCity.Common.ObjectModel.Nhibernate.Users.Attestation.StaffMethodicalActivity	NetCity.Common.ObjectModel.Nhibernate.Users.Attestation.StaffMethodicalActivity	STAFF_METHOD_ACTIVITY	User	USERID	NetCity.Common.ObjectModel.Nhibernate.Users.User	many-to-one
NetCity.Common.ObjectModel.Nhibernate.Users.Attestation.StaffMethodicalActivity	NetCity.Common.ObjectModel.Nhibernate.Users.Attestation.StaffMethodicalActivity	STAFF_METHOD_ACTIVITY	Period	YEARSTART,YEAREND	component[Start,End]	property
NetCity.Common.ObjectModel.Nhibernate.Users.Attestation.StaffPortfolioFile	NetCity.Common.ObjectModel.Nhibernate.Users.Attestation.StaffPortfolioFile	STAFF_PORTFOLIO_FILES	Id	ID	Int32	id
NetCity.Common.ObjectModel.Nhibernate.Users.Attestation.StaffPortfolioFile	NetCity.Common.ObjectModel.Nhibernate.Users.Attestation.StaffPortfolioFile	STAFF_PORTFOLIO_FILES	Description	DESCRIPTION	AnsiString	property
NetCity.Common.ObjectModel.Nhibernate.Users.Attestation.StaffPortfolioFile	NetCity.Common.ObjectModel.Nhibernate.Users.Attestation.StaffPortfolioFile	STAFF_PORTFOLIO_FILES	Name	NAME	AnsiString	property
NetCity.Common.ObjectModel.Nhibernate.Users.Attestation.StaffPortfolioFile	NetCity.Common.ObjectModel.Nhibernate.Users.Attestation.StaffPortfolioFile	STAFF_PORTFOLIO_FILES	OriginalFileName	FILENAME	AnsiString	property
NetCity.Common.ObjectModel.Nhibernate.Users.Attestation.StaffPortfolioFile	NetCity.Common.ObjectModel.Nhibernate.Users.Attestation.StaffPortfolioFile	STAFF_PORTFOLIO_FILES	File	AFILE	BinaryBlob	property
NetCity.Common.ObjectModel.Nhibernate.Users.Attestation.StaffPortfolioFile	NetCity.Common.ObjectModel.Nhibernate.Users.Attestation.StaffPortfolioFile	STAFF_PORTFOLIO_FILES	FileCategory	CATEGORY	NHibernate.Type.EnumType`1[[NetCity.Common.ObjectModel.Nhibernate.Users.Attestation.Basic.FileCategory, NetCity.Common, Version=0.11.30.0, Culture=neutral, PublicKeyToken=ea3eeeb5c070719f]], NHibernate	property
NetCity.Common.ObjectModel.Nhibernate.Users.Attestation.StaffPortfolioFile	NetCity.Common.ObjectModel.Nhibernate.Users.Attestation.StaffPortfolioFile	STAFF_PORTFOLIO_FILES	User	USERID	NetCity.Common.ObjectModel.Nhibernate.Users.User	many-to-one
NetCity.Common.ObjectModel.Nhibernate.Users.Family	NetCity.Common.ObjectModel.Nhibernate.Users.Family	FAMILIES	Id	ID	Int32	id
NetCity.Common.ObjectModel.Nhibernate.Users.Family	NetCity.Common.ObjectModel.Nhibernate.Users.Family	FAMILIES	FamilyMembers		System.Collections.Generic.ISet`1[[NetCity.Common.ObjectModel.Nhibernate.Users.FamilyMember, NetCity.Common.ObjectModel, Version=5.14.65351.225, Culture=neutral, PublicKeyToken=ea3eeeb5c070719f]](NetCity.Common.ObjectModel.Nhibernate.Users.Family.FamilyMembers)	collection
NetCity.Common.ObjectModel.Nhibernate.Users.Family	NetCity.Common.ObjectModel.Nhibernate.Users.Family	FAMILIES	StudentParents		System.Collections.Generic.ISet`1[[NetCity.Common.ObjectModel.Nhibernate.Users.StudentParentFamily, NetCity.Common.ObjectModel, Version=5.14.65351.225, Culture=neutral, PublicKeyToken=ea3eeeb5c070719f]](NetCity.Common.ObjectModel.Nhibernate.Users.Family.StudentParents)	collection
NetCity.Common.ObjectModel.Nhibernate.Users.FamilyInfo	NetCity.Common.ObjectModel.Nhibernate.Users.FamilyInfo	FAMILYINFO	Id	RELATIVEID	Int32	id
NetCity.Common.ObjectModel.Nhibernate.Users.FamilyInfo	NetCity.Common.ObjectModel.Nhibernate.Users.FamilyInfo	FAMILYINFO	LastName	LASTNAME	AnsiString	property
NetCity.Common.ObjectModel.Nhibernate.Users.FamilyInfo	NetCity.Common.ObjectModel.Nhibernate.Users.FamilyInfo	FAMILYINFO	FirstName	FIRSTNAME	AnsiString	property
NetCity.Common.ObjectModel.Nhibernate.Users.FamilyInfo	NetCity.Common.ObjectModel.Nhibernate.Users.FamilyInfo	FAMILYINFO	MiddleName	MIDDLENAME	AnsiString	property
NetCity.Common.ObjectModel.Nhibernate.Users.FamilyInfo	NetCity.Common.ObjectModel.Nhibernate.Users.FamilyInfo	FAMILYINFO	BirthDate	BIRTHDATE	DateTime	property
NetCity.Common.ObjectModel.Nhibernate.Users.FamilyInfo	NetCity.Common.ObjectModel.Nhibernate.Users.FamilyInfo	FAMILYINFO	RelationShipType	RELATIONSHIPTYPEID	NHibernate.Type.EnumType`1[[NetCity.Common.ObjectModel.Nhibernate.Users.RelationShipType, NetCity.Common, Version=0.11.30.0, Culture=neutral, PublicKeyToken=ea3eeeb5c070719f]], NHibernate	property
NetCity.Common.ObjectModel.Nhibernate.Users.FamilyInfo	NetCity.Common.ObjectModel.Nhibernate.Users.FamilyInfo	FAMILYINFO	User	USERID	NetCity.Common.ObjectModel.Nhibernate.Users.User	many-to-one
NetCity.Common.ObjectModel.Nhibernate.Users.FamilyMemberKinship	NetCity.Common.ObjectModel.Nhibernate.Users.FamilyMemberKinship	FAMILYMEMBERS_KINSHIPS	Id	ID	Int32	id
NetCity.Common.ObjectModel.Nhibernate.Users.FamilyMemberKinship	NetCity.Common.ObjectModel.Nhibernate.Users.FamilyMemberKinship	FAMILYMEMBERS_KINSHIPS	KinshipType	KINSHIPTYPE	NHibernate.Type.EnumType`1[[NetCity.Common.ObjectModel.Nhibernate.Users.NativeKinshipType, NetCity.Common, Version=0.11.30.0, Culture=neutral, PublicKeyToken=ea3eeeb5c070719f]], NHibernate	property
NetCity.Common.ObjectModel.Nhibernate.Users.FamilyMemberKinship	NetCity.Common.ObjectModel.Nhibernate.Users.FamilyMemberKinship	FAMILYMEMBERS_KINSHIPS	FamilyMember1	FAMILYMEMBER1	NetCity.Common.ObjectModel.Nhibernate.Users.FamilyMember	many-to-one
NetCity.Common.ObjectModel.Nhibernate.Users.FamilyMemberKinship	NetCity.Common.ObjectModel.Nhibernate.Users.FamilyMemberKinship	FAMILYMEMBERS_KINSHIPS	FamilyMember2	FAMILYMEMBER2	NetCity.Common.ObjectModel.Nhibernate.Users.FamilyMember	many-to-one
NetCity.Common.ObjectModel.Nhibernate.Users.FamilyMember	NetCity.Common.ObjectModel.Nhibernate.Users.FamilyMember	FAMILYMEMBERS	Id	ID	Int32	id
NetCity.Common.ObjectModel.Nhibernate.Users.FamilyMember	NetCity.Common.ObjectModel.Nhibernate.Users.FamilyMember	FAMILYMEMBERS	FamilyMemberKinships1		System.Collections.Generic.ISet`1[[NetCity.Common.ObjectModel.Nhibernate.Users.FamilyMemberKinship, NetCity.Common.ObjectModel, Version=5.14.65351.225, Culture=neutral, PublicKeyToken=ea3eeeb5c070719f]](NetCity.Common.ObjectModel.Nhibernate.Users.FamilyMember.FamilyMemberKinships1)	collection
NetCity.Common.ObjectModel.Nhibernate.Users.FamilyMember	NetCity.Common.ObjectModel.Nhibernate.Users.FamilyMember	FAMILYMEMBERS	FamilyMemberKinships2		System.Collections.Generic.ISet`1[[NetCity.Common.ObjectModel.Nhibernate.Users.FamilyMemberKinship, NetCity.Common.ObjectModel, Version=5.14.65351.225, Culture=neutral, PublicKeyToken=ea3eeeb5c070719f]](NetCity.Common.ObjectModel.Nhibernate.Users.FamilyMember.FamilyMemberKinships2)	collection
NetCity.Common.ObjectModel.Nhibernate.Users.FamilyMember	NetCity.Common.ObjectModel.Nhibernate.Users.FamilyMember	FAMILYMEMBERS	LastName	LASTNAME	AnsiString	property
NetCity.Common.ObjectModel.Nhibernate.Users.FamilyMember	NetCity.Common.ObjectModel.Nhibernate.Users.FamilyMember	FAMILYMEMBERS	FirstName	FIRSTNAME	AnsiString	property
NetCity.Common.ObjectModel.Nhibernate.Users.FamilyMember	NetCity.Common.ObjectModel.Nhibernate.Users.FamilyMember	FAMILYMEMBERS	MiddleName	MIDDLENAME	AnsiString	property
NetCity.Common.ObjectModel.Nhibernate.Users.FamilyMember	NetCity.Common.ObjectModel.Nhibernate.Users.FamilyMember	FAMILYMEMBERS	Employment	EMPLOYMENT	AnsiString	property
NetCity.Common.ObjectModel.Nhibernate.Users.FamilyMember	NetCity.Common.ObjectModel.Nhibernate.Users.FamilyMember	FAMILYMEMBERS	BirthDate	BIRTHDATE	DateTime	property
NetCity.Common.ObjectModel.Nhibernate.Users.FamilyMember	NetCity.Common.ObjectModel.Nhibernate.Users.FamilyMember	FAMILYMEMBERS	FamilyMemberType	MEMBERTYPE	NHibernate.Type.EnumType`1[[NetCity.Common.ObjectModel.Nhibernate.Users.FamilyMemberType, NetCity.Common, Version=0.11.30.0, Culture=neutral, PublicKeyToken=ea3eeeb5c070719f]], NHibernate	property
NetCity.Common.ObjectModel.Nhibernate.Users.FamilyMember	NetCity.Common.ObjectModel.Nhibernate.Users.FamilyMember	FAMILYMEMBERS	Gender	GENDER	GenderMap	property
NetCity.Common.ObjectModel.Nhibernate.Users.FamilyMember	NetCity.Common.ObjectModel.Nhibernate.Users.FamilyMember	FAMILYMEMBERS	User	USERID	NetCity.Common.ObjectModel.Nhibernate.Users.User	many-to-one
NetCity.Common.ObjectModel.Nhibernate.Users.FamilyMember	NetCity.Common.ObjectModel.Nhibernate.Users.FamilyMember	FAMILYMEMBERS	Family	FAMILYID	NetCity.Common.ObjectModel.Nhibernate.Users.Family	many-to-one
NetCity.Common.ObjectModel.Nhibernate.Users.Documents.IdentityDocument	NetCity.Common.ObjectModel.Nhibernate.Users.Documents.IdentityDocument	IDENTITYDOCUMENTS	Id	ID	Int32	id
NetCity.Common.ObjectModel.Nhibernate.Users.Documents.IdentityDocument	NetCity.Common.ObjectModel.Nhibernate.Users.Documents.IdentityDocument	IDENTITYDOCUMENTS	DocType	DOCTYPE	NHibernate.Type.EnumType`1[[NetCity.Common.ObjectModel.Nhibernate.Users.Documents.IdentityDocumentType, NetCity.Common, Version=0.11.30.0, Culture=neutral, PublicKeyToken=ea3eeeb5c070719f]], NHibernate	property
NetCity.Common.ObjectModel.Nhibernate.Users.Documents.IdentityDocument	NetCity.Common.ObjectModel.Nhibernate.Users.Documents.IdentityDocument	IDENTITYDOCUMENTS	Series	SERIES	AnsiString	property
NetCity.Common.ObjectModel.Nhibernate.Users.Documents.IdentityDocument	NetCity.Common.ObjectModel.Nhibernate.Users.Documents.IdentityDocument	IDENTITYDOCUMENTS	Number	NUMBER	AnsiString	property
NetCity.Common.ObjectModel.Nhibernate.Users.Documents.IdentityDocument	NetCity.Common.ObjectModel.Nhibernate.Users.Documents.IdentityDocument	IDENTITYDOCUMENTS	ActNumber	ACTNUMBER	AnsiString	property
NetCity.Common.ObjectModel.Nhibernate.Users.Documents.IdentityDocument	NetCity.Common.ObjectModel.Nhibernate.Users.Documents.IdentityDocument	IDENTITYDOCUMENTS	Issuer	ISSUER	AnsiString	property
NetCity.Common.ObjectModel.Nhibernate.Users.Documents.IdentityDocument	NetCity.Common.ObjectModel.Nhibernate.Users.Documents.IdentityDocument	IDENTITYDOCUMENTS	IssuerCode	ISSUERCODE	AnsiString	property
NetCity.Common.ObjectModel.Nhibernate.Users.Documents.IdentityDocument	NetCity.Common.ObjectModel.Nhibernate.Users.Documents.IdentityDocument	IDENTITYDOCUMENTS	OtherDocName	OTHERDOCNAME	AnsiString	property
NetCity.Common.ObjectModel.Nhibernate.Users.Documents.IdentityDocument	NetCity.Common.ObjectModel.Nhibernate.Users.Documents.IdentityDocument	IDENTITYDOCUMENTS	IssueDate	ISSUEDATE	DateTime	property
NetCity.Common.ObjectModel.Nhibernate.Users.Documents.IdentityDocument	NetCity.Common.ObjectModel.Nhibernate.Users.Documents.IdentityDocument	IDENTITYDOCUMENTS	ExpireDate	EXPIREDATE	DateTime	property
NetCity.Common.ObjectModel.Nhibernate.Users.Documents.IdentityDocument	NetCity.Common.ObjectModel.Nhibernate.Users.Documents.IdentityDocument	IDENTITYDOCUMENTS	ActualOn	ACTUALON	DateTime	property
NetCity.Common.ObjectModel.Nhibernate.Users.Documents.IdentityDocument	NetCity.Common.ObjectModel.Nhibernate.Users.Documents.IdentityDocument	IDENTITYDOCUMENTS	User	USERID	NetCity.Common.ObjectModel.Nhibernate.Users.User	many-to-one
NetCity.Common.ObjectModel.Nhibernate.Users.UserParams.PosStatus	NetCity.Common.ObjectModel.Nhibernate.Users.UserParams.PosStatus	POSSTATUSES	Id	POSSTATUSID	Int32	id
NetCity.Common.ObjectModel.Nhibernate.Users.UserParams.PosStatus	NetCity.Common.ObjectModel.Nhibernate.Users.UserParams.PosStatus	POSSTATUSES	Name	STATUSNAME	AnsiString	property
NetCity.Common.ObjectModel.Nhibernate.Users.UserParams.PosStatus	NetCity.Common.ObjectModel.Nhibernate.Users.UserParams.PosStatus	POSSTATUSES	ShortName	SHORTNAME	AnsiString	property
NetCity.Common.ObjectModel.Nhibernate.Users.Seniority	NetCity.Common.ObjectModel.Nhibernate.Users.Seniority	SENIORITIES	Id	SENID	Int32	id
NetCity.Common.ObjectModel.Nhibernate.Users.Seniority	NetCity.Common.ObjectModel.Nhibernate.Users.Seniority	SENIORITIES	StartDate	STARTDATE	DateTime	property
NetCity.Common.ObjectModel.Nhibernate.Users.Seniority	NetCity.Common.ObjectModel.Nhibernate.Users.Seniority	SENIORITIES	EndDate	ENDDATE	DateTime	property
NetCity.Common.ObjectModel.Nhibernate.Users.Seniority	NetCity.Common.ObjectModel.Nhibernate.Users.Seniority	SENIORITIES	User	USERID	NetCity.Common.ObjectModel.Nhibernate.Users.User	many-to-one
NetCity.Common.ObjectModel.Nhibernate.Users.Seniority	NetCity.Common.ObjectModel.Nhibernate.Users.Seniority	SENIORITIES	Type	SENTYPE	NetCity.Common.ObjectModel.Nhibernate.Users.SeniorityType	many-to-one
NetCity.Common.ObjectModel.Nhibernate.Users.SeniorityType	NetCity.Common.ObjectModel.Nhibernate.Users.SeniorityType	SENIORITY_TYPES	Id	TYPEID	Int32	id
NetCity.Common.ObjectModel.Nhibernate.Users.SeniorityType	NetCity.Common.ObjectModel.Nhibernate.Users.SeniorityType	SENIORITY_TYPES	Name	TYPENAME	AnsiString	property
NetCity.Common.ObjectModel.Nhibernate.Users.SeniorityType	NetCity.Common.ObjectModel.Nhibernate.Users.SeniorityType	SENIORITY_TYPES	Abbr	TYPEABBR	AnsiString	property
NetCity.Common.ObjectModel.Nhibernate.Users.StudentAward	NetCity.Common.ObjectModel.Nhibernate.Users.StudentAward	STUDENTAWARDS	AwardType	AWARDTYPE	NHibernate.Type.EnumType`1[[NetCity.Common.ObjectModel.Nhibernate.Movement.AwardType, NetCity.Common.ObjectModel, Version=5.14.65351.225, Culture=neutral, PublicKeyToken=ea3eeeb5c070719f]], NHibernate	property
NetCity.Common.ObjectModel.Nhibernate.Users.StudentParentFamily	NetCity.Common.ObjectModel.Nhibernate.Users.StudentParentFamily	STUDENTSPARENTS	Id	ID	Int32	id
NetCity.Common.ObjectModel.Nhibernate.Users.StudentParentFamily	NetCity.Common.ObjectModel.Nhibernate.Users.StudentParentFamily	STUDENTSPARENTS	KinshipType	KINSHIPTYPE	NHibernate.Type.EnumType`1[[NetCity.Common.ObjectModel.Nhibernate.Users.NativeKinshipType, NetCity.Common, Version=0.11.30.0, Culture=neutral, PublicKeyToken=ea3eeeb5c070719f]], NHibernate	property
NetCity.Common.ObjectModel.Nhibernate.Users.StudentParentFamily	NetCity.Common.ObjectModel.Nhibernate.Users.StudentParentFamily	STUDENTSPARENTS	ModifyDate	MODIFYDATE	DateTime	property
NetCity.Common.ObjectModel.Nhibernate.Users.StudentParentFamily	NetCity.Common.ObjectModel.Nhibernate.Users.StudentParentFamily	STUDENTSPARENTS	Student	STUDENTID	NetCity.Common.ObjectModel.Nhibernate.Users.Student	many-to-one
NetCity.Common.ObjectModel.Nhibernate.Users.StudentParentFamily	NetCity.Common.ObjectModel.Nhibernate.Users.StudentParentFamily	STUDENTSPARENTS	Parent	PARENTID	NetCity.Common.ObjectModel.Nhibernate.Users.User	many-to-one
NetCity.Common.ObjectModel.Nhibernate.Users.StudentParentFamily	NetCity.Common.ObjectModel.Nhibernate.Users.StudentParentFamily	STUDENTSPARENTS	Family	FAMILYID	NetCity.Common.ObjectModel.Nhibernate.Users.Family	many-to-one
NetCity.Common.ObjectModel.Nhibernate.Address.UserAddress	NetCity.Common.ObjectModel.Nhibernate.Address.UserAddress	USERSADDRESS	Id	ID	Int32	id
NetCity.Common.ObjectModel.Nhibernate.Address.UserAddress	NetCity.Common.ObjectModel.Nhibernate.Address.UserAddress	USERSADDRESS	AddressType	STATUS	AddressTypeMap	property
NetCity.Common.ObjectModel.Nhibernate.Address.UserAddress	NetCity.Common.ObjectModel.Nhibernate.Address.UserAddress	USERSADDRESS	IsTemporary	ISTEMP	Boolean	property
NetCity.Common.ObjectModel.Nhibernate.Address.UserAddress	NetCity.Common.ObjectModel.Nhibernate.Address.UserAddress	USERSADDRESS	ExpireDate	EXPIREDATE	DateTime	property
NetCity.Common.ObjectModel.Nhibernate.Address.UserAddress	NetCity.Common.ObjectModel.Nhibernate.Address.UserAddress	USERSADDRESS	RegDate	REGDOCDATE	DateTime	property
NetCity.Common.ObjectModel.Nhibernate.Address.UserAddress	NetCity.Common.ObjectModel.Nhibernate.Address.UserAddress	USERSADDRESS	RegNumber	REGDOCNUMBER	AnsiString	property
NetCity.Common.ObjectModel.Nhibernate.Address.UserAddress	NetCity.Common.ObjectModel.Nhibernate.Address.UserAddress	USERSADDRESS	User	USERID	NetCity.Common.ObjectModel.Nhibernate.Users.User	many-to-one
NetCity.Common.ObjectModel.Nhibernate.Address.UserAddress	NetCity.Common.ObjectModel.Nhibernate.Address.UserAddress	USERSADDRESS	Address	ADDRESSID	NetCity.Common.ObjectModel.Nhibernate.Address.Address	many-to-one
NetCity.Common.ObjectModel.Nhibernate.Users.UserIdentity	NetCity.Common.ObjectModel.Nhibernate.Users.UserIdentity	USERS_IDENTITES	Id	ID	Int32	id
NetCity.Common.ObjectModel.Nhibernate.Users.UserIdentity	NetCity.Common.ObjectModel.Nhibernate.Users.UserIdentity	USERS_IDENTITES	Identity	IDP_ID	String	property
NetCity.Common.ObjectModel.Nhibernate.Users.UserIdentity	NetCity.Common.ObjectModel.Nhibernate.Users.UserIdentity	USERS_IDENTITES	Idp	IDP	NHibernate.Type.EnumType`1[[NetCity.Common.Abstraction.Security.IdentityProvider, NetCity.Common, Version=0.11.30.0, Culture=neutral, PublicKeyToken=ea3eeeb5c070719f]], NHibernate	property
NetCity.Common.ObjectModel.Nhibernate.Users.UserIdentity	NetCity.Common.ObjectModel.Nhibernate.Users.UserIdentity	USERS_IDENTITES	User	USERID	NetCity.Common.ObjectModel.Nhibernate.Users.User	many-to-one
NetCity.Common.ObjectModel.Nhibernate.AccessJournal.UserInfoAccessJournalEntry	NetCity.Common.ObjectModel.Nhibernate.AccessJournal.UserInfoAccessJournalEntry	USERINFO_ACCESSJOURNAL	Id	ID	Int32	id
NetCity.Common.ObjectModel.Nhibernate.AccessJournal.UserInfoAccessJournalEntry	NetCity.Common.ObjectModel.Nhibernate.AccessJournal.UserInfoAccessJournalEntry	USERINFO_ACCESSJOURNAL	FieldsAccess		System.Collections.Generic.ISet`1[[NetCity.Common.ObjectModel.Nhibernate.AccessJournal.UserInfoFieldAccess, NetCity.Common.ObjectModel, Version=5.14.65351.225, Culture=neutral, PublicKeyToken=ea3eeeb5c070719f]](NetCity.Common.ObjectModel.Nhibernate.AccessJournal.UserInfoAccessJournalEntry.FieldsAccess)	collection
NetCity.Common.ObjectModel.Nhibernate.AccessJournal.UserInfoAccessJournalEntry	NetCity.Common.ObjectModel.Nhibernate.AccessJournal.UserInfoAccessJournalEntry	USERINFO_ACCESSJOURNAL	EditedUser	EDITUSERID	NetCity.Common.ObjectModel.Nhibernate.Users.User	many-to-one
NetCity.Common.ObjectModel.Nhibernate.AccessJournal.UserInfoAccessJournalEntry	NetCity.Common.ObjectModel.Nhibernate.AccessJournal.UserInfoAccessJournalEntry	USERINFO_ACCESSJOURNAL	AccessJournalEntry		NetCity.Common.ObjectModel.Nhibernate.AccessJournal.AccessJournalEntry	property
NetCity.Common.ObjectModel.Nhibernate.AccessJournal.UserInfoCommonFieldAccess	NetCity.Common.ObjectModel.Nhibernate.AccessJournal.UserInfoCommonFieldAccess	USERINFOFIELD_ACCESSJOURNAL	Id	ID	Int32	id
NetCity.Common.ObjectModel.Nhibernate.AccessJournal.UserInfoCommonFieldAccess	NetCity.Common.ObjectModel.Nhibernate.AccessJournal.UserInfoCommonFieldAccess	USERINFOFIELD_ACCESSJOURNAL	Field	FIELDID	NHibernate.Type.EnumType`1[[NetCity.Common.ObjectModel.Nhibernate.AccessJournal.UserInfoCommonField, NetCity.Common, Version=0.11.30.0, Culture=neutral, PublicKeyToken=ea3eeeb5c070719f]], NHibernate	property
NetCity.Common.ObjectModel.Nhibernate.AccessJournal.UserInfoIdentityDocFieldAccess	NetCity.Common.ObjectModel.Nhibernate.AccessJournal.UserInfoIdentityDocFieldAccess	USERINFOFIELD_ACCESSJOURNAL	Id	ID	Int32	id
NetCity.Common.ObjectModel.Nhibernate.AccessJournal.UserInfoIdentityDocFieldAccess	NetCity.Common.ObjectModel.Nhibernate.AccessJournal.UserInfoIdentityDocFieldAccess	USERINFOFIELD_ACCESSJOURNAL	DocumentType	IDENTITYDOCTYPE	NHibernate.Type.EnumType`1[[NetCity.Common.ObjectModel.Nhibernate.Users.Documents.IdentityDocumentType, NetCity.Common, Version=0.11.30.0, Culture=neutral, PublicKeyToken=ea3eeeb5c070719f]], NHibernate	property
NetCity.Common.ObjectModel.Nhibernate.AccessJournal.UserInfoParameterFieldAccess	NetCity.Common.ObjectModel.Nhibernate.AccessJournal.UserInfoParameterFieldAccess	USERINFOFIELD_ACCESSJOURNAL	Id	ID	Int32	id
NetCity.Common.ObjectModel.Nhibernate.AccessJournal.UserInfoParameterFieldAccess	NetCity.Common.ObjectModel.Nhibernate.AccessJournal.UserInfoParameterFieldAccess	USERINFOFIELD_ACCESSJOURNAL	Parameter	PARAMETERID	NetCity.Common.ObjectModel.Nhibernate.Users.UserParams.UserParameter	many-to-one
NetCity.Common.ObjectModel.Nhibernate.AccessJournal.UserInfoFieldAccess	NetCity.Common.ObjectModel.Nhibernate.AccessJournal.UserInfoFieldAccess	USERINFOFIELD_ACCESSJOURNAL	Id	ID	Int32	id
NetCity.Common.ObjectModel.Nhibernate.AccessJournal.UserInfoFieldAccess	NetCity.Common.ObjectModel.Nhibernate.AccessJournal.UserInfoFieldAccess	USERINFOFIELD_ACCESSJOURNAL	Value	FIELDVALUE	AnsiString	property
NetCity.Common.ObjectModel.Nhibernate.AccessJournal.UserInfoFieldAccess	NetCity.Common.ObjectModel.Nhibernate.AccessJournal.UserInfoFieldAccess	USERINFOFIELD_ACCESSJOURNAL	AccessEntry	ENTRYID	NetCity.Common.ObjectModel.Nhibernate.AccessJournal.UserInfoAccessJournalEntry	many-to-one
NetCity.Common.ObjectModel.Nhibernate.Users.UserParams.UserInfoListItem	NetCity.Common.ObjectModel.Nhibernate.Users.UserParams.UserInfoListItem	USERINFOLISTITEMS	Id	ITEMID	Int32	id
NetCity.Common.ObjectModel.Nhibernate.Users.UserParams.UserInfoListItem	NetCity.Common.ObjectModel.Nhibernate.Users.UserParams.UserInfoListItem	USERINFOLISTITEMS	UserParameters		System.Collections.Generic.ISet`1[[NetCity.Common.ObjectModel.Nhibernate.Users.UserParams.UserParameterValue, NetCity.Common.ObjectModel, Version=5.14.65351.225, Culture=neutral, PublicKeyToken=ea3eeeb5c070719f]](NetCity.Common.ObjectModel.Nhibernate.Users.UserParams.UserInfoListItem.UserParameters)	collection
NetCity.Common.ObjectModel.Nhibernate.Users.UserParams.UserInfoListItem	NetCity.Common.ObjectModel.Nhibernate.Users.UserParams.UserInfoListItem	USERINFOLISTITEMS	ItemName	ITEMNAME	AnsiString	property
NetCity.Common.ObjectModel.Nhibernate.Users.UserParams.UserInfoListItem	NetCity.Common.ObjectModel.Nhibernate.Users.UserParams.UserInfoListItem	USERINFOLISTITEMS	ItemName2	ITEMNAME2	AnsiString	property
NetCity.Common.ObjectModel.Nhibernate.Users.UserParams.UserInfoListItem	NetCity.Common.ObjectModel.Nhibernate.Users.UserParams.UserInfoListItem	USERINFOLISTITEMS	ItemName3	ITEMNAME3	AnsiString	property
NetCity.Common.ObjectModel.Nhibernate.Users.UserParams.UserInfoListItem	NetCity.Common.ObjectModel.Nhibernate.Users.UserParams.UserInfoListItem	USERINFOLISTITEMS	ItemOrderNo	ITEMORDERNO	Int32	property
NetCity.Common.ObjectModel.Nhibernate.Users.UserParams.UserInfoListItem	NetCity.Common.ObjectModel.Nhibernate.Users.UserParams.UserInfoListItem	USERINFOLISTITEMS	Parameter	PARAMETERID	NetCity.Common.ObjectModel.Nhibernate.Users.UserParams.UserParameter	many-to-one
NetCity.Common.ObjectModel.Nhibernate.Users.UserParams.UserInfoListItem	NetCity.Common.ObjectModel.Nhibernate.Users.UserParams.UserInfoListItem	USERINFOLISTITEMS	School	SCHOOLID	NetCity.Common.ObjectModel.Nhibernate.Organizations.School	many-to-one
NetCity.Common.ObjectModel.Nhibernate.Users.UserMainScreenElement	NetCity.Common.ObjectModel.Nhibernate.Users.UserMainScreenElement	USERSMAINSCREEN	Id	ID	Int32	id
NetCity.Common.ObjectModel.Nhibernate.Users.UserMainScreenElement	NetCity.Common.ObjectModel.Nhibernate.Users.UserMainScreenElement	USERSMAINSCREEN	MainScreenContent	MAINSCREENCONTENT	NHibernate.Type.EnumType`1[[NetCity.Common.ObjectModel.Nhibernate.Users.MainScreenContent, NetCity.Common.ObjectModel, Version=5.14.65351.225, Culture=neutral, PublicKeyToken=ea3eeeb5c070719f]], NHibernate	property
NetCity.Common.ObjectModel.Nhibernate.Users.UserMainScreenElement	NetCity.Common.ObjectModel.Nhibernate.Users.UserMainScreenElement	USERSMAINSCREEN	Order	CONTENTORDER	Int32	property
NetCity.Common.ObjectModel.Nhibernate.Users.UserMainScreenElement	NetCity.Common.ObjectModel.Nhibernate.Users.UserMainScreenElement	USERSMAINSCREEN	User	USERID	NetCity.Common.ObjectModel.Nhibernate.Users.User	many-to-one
NetCity.Common.ObjectModel.Nhibernate.Users.Student	NetCity.Common.ObjectModel.Nhibernate.Users.Student	STUDENTS	Id	USERID	Int32	id
NetCity.Common.ObjectModel.Nhibernate.Users.Student	NetCity.Common.ObjectModel.Nhibernate.Users.Student	STUDENTS	Attendances		System.Collections.Generic.ISet`1[[NetCity.Common.ObjectModel.Nhibernate.ClassJournal.Attendance, NetCity.Common.ObjectModel, Version=5.14.65351.225, Culture=neutral, PublicKeyToken=ea3eeeb5c070719f]](NetCity.Common.ObjectModel.Nhibernate.Users.Student.Attendances)	collection
NetCity.Common.ObjectModel.Nhibernate.Users.Student	NetCity.Common.ObjectModel.Nhibernate.Users.Student	STUDENTS	StudentClasses		System.Collections.Generic.ISet`1[[NetCity.Common.ObjectModel.Nhibernate.Classes.StudentClass, NetCity.Common.ObjectModel, Version=5.14.65351.225, Culture=neutral, PublicKeyToken=ea3eeeb5c070719f]](NetCity.Common.ObjectModel.Nhibernate.Users.Student.StudentClasses)	collection
NetCity.Common.ObjectModel.Nhibernate.Users.Student	NetCity.Common.ObjectModel.Nhibernate.Users.Student	STUDENTS	FreeStudentClasses		System.Collections.Generic.ISet`1[[NetCity.Common.ObjectModel.Nhibernate.Classes.FreeStudentClass, NetCity.Common.ObjectModel, Version=5.14.65351.225, Culture=neutral, PublicKeyToken=ea3eeeb5c070719f]](NetCity.Common.ObjectModel.Nhibernate.Users.Student.FreeStudentClasses)	collection
NetCity.Common.ObjectModel.Nhibernate.Users.Student	NetCity.Common.ObjectModel.Nhibernate.Users.Student	STUDENTS	StudentParents		System.Collections.Generic.ISet`1[[NetCity.Common.ObjectModel.Nhibernate.Users.StudentParentFamily, NetCity.Common.ObjectModel, Version=5.14.65351.225, Culture=neutral, PublicKeyToken=ea3eeeb5c070719f]](NetCity.Common.ObjectModel.Nhibernate.Users.Student.StudentParents)	collection
NetCity.Common.ObjectModel.Nhibernate.Users.Student	NetCity.Common.ObjectModel.Nhibernate.Users.Student	STUDENTS	Classes		System.Collections.Generic.ISet`1[[NetCity.Common.ObjectModel.Nhibernate.Classes.Class, NetCity.Common.ObjectModel, Version=5.14.65351.225, Culture=neutral, PublicKeyToken=ea3eeeb5c070719f]](NetCity.Common.ObjectModel.Nhibernate.Users.Student.Classes)	collection
NetCity.Common.ObjectModel.Nhibernate.Users.Student	NetCity.Common.ObjectModel.Nhibernate.Users.Student	STUDENTS	StudentTermGroups		System.Collections.Generic.ISet`1[[NetCity.Common.ObjectModel.Nhibernate.StudentTermGroup, NetCity.Common.ObjectModel, Version=5.14.65351.225, Culture=neutral, PublicKeyToken=ea3eeeb5c070719f]](NetCity.Common.ObjectModel.Nhibernate.Users.Student.StudentTermGroups)	collection
NetCity.Common.ObjectModel.Nhibernate.Users.Student	NetCity.Common.ObjectModel.Nhibernate.Users.Student	STUDENTS	Results		System.Collections.Generic.ISet`1[[NetCity.Common.ObjectModel.Nhibernate.ClassJournal.Result, NetCity.Common.ObjectModel, Version=5.14.65351.225, Culture=neutral, PublicKeyToken=ea3eeeb5c070719f]](NetCity.Common.ObjectModel.Nhibernate.Users.Student.Results)	collection
NetCity.Common.ObjectModel.Nhibernate.Users.Student	NetCity.Common.ObjectModel.Nhibernate.Users.Student	STUDENTS	Totals		System.Collections.Generic.ISet`1[[NetCity.Common.ObjectModel.Nhibernate.ClassJournal.Total, NetCity.Common.ObjectModel, Version=5.14.65351.225, Culture=neutral, PublicKeyToken=ea3eeeb5c070719f]](NetCity.Common.ObjectModel.Nhibernate.Users.Student.Totals)	collection
NetCity.Common.ObjectModel.Nhibernate.Users.Student	NetCity.Common.ObjectModel.Nhibernate.Users.Student	STUDENTS	Yeartotals		System.Collections.Generic.ISet`1[[NetCity.Common.ObjectModel.Nhibernate.ClassJournal.YearTotal, NetCity.Common.ObjectModel, Version=5.14.65351.225, Culture=neutral, PublicKeyToken=ea3eeeb5c070719f]](NetCity.Common.ObjectModel.Nhibernate.Users.Student.Yeartotals)	collection
NetCity.Common.ObjectModel.Nhibernate.Users.Student	NetCity.Common.ObjectModel.Nhibernate.Users.Student	STUDENTS	GiaPersons		System.Collections.Generic.ISet`1[[NetCity.Common.ObjectModel.Nhibernate.EGE.GiaPerson, NetCity.Common.ObjectModel, Version=5.14.65351.225, Culture=neutral, PublicKeyToken=ea3eeeb5c070719f]](NetCity.Common.ObjectModel.Nhibernate.Users.Student.GiaPersons)	collection
NetCity.Common.ObjectModel.Nhibernate.Users.Student	NetCity.Common.ObjectModel.Nhibernate.Users.Student	STUDENTS	ClassStudRanges		System.Collections.Generic.ISet`1[[NetCity.Common.ObjectModel.Nhibernate.Users.ClassStudRange, NetCity.Common.ObjectModel, Version=5.14.65351.225, Culture=neutral, PublicKeyToken=ea3eeeb5c070719f]](NetCity.Common.ObjectModel.Nhibernate.Users.Student.ClassStudRanges)	collection
NetCity.Common.ObjectModel.Nhibernate.Users.Student	NetCity.Common.ObjectModel.Nhibernate.Users.Student	STUDENTS	NonClassStudRanges		System.Collections.Generic.ISet`1[[NetCity.Common.ObjectModel.Nhibernate.Users.NonClassStudRange, NetCity.Common.ObjectModel, Version=5.14.65351.225, Culture=neutral, PublicKeyToken=ea3eeeb5c070719f]](NetCity.Common.ObjectModel.Nhibernate.Users.Student.NonClassStudRanges)	collection
NetCity.Common.ObjectModel.Nhibernate.Users.Student	NetCity.Common.ObjectModel.Nhibernate.Users.Student	STUDENTS	EducCertificates		System.Collections.Generic.ISet`1[[NetCity.Common.ObjectModel.Nhibernate.EducCertificates.EducCertificate, NetCity.Common.ObjectModel, Version=5.14.65351.225, Culture=neutral, PublicKeyToken=ea3eeeb5c070719f]](NetCity.Common.ObjectModel.Nhibernate.Users.Student.EducCertificates)	collection
NetCity.Common.ObjectModel.Nhibernate.Users.Student	NetCity.Common.ObjectModel.Nhibernate.Users.Student	STUDENTS	NonClassYearStudents		System.Collections.Generic.ISet`1[[NetCity.Common.ObjectModel.Nhibernate.Movement.NonClassYearStudents, NetCity.Common.ObjectModel, Version=5.14.65351.225, Culture=neutral, PublicKeyToken=ea3eeeb5c070719f]](NetCity.Common.ObjectModel.Nhibernate.Users.Student.NonClassYearStudents)	collection
NetCity.Common.ObjectModel.Nhibernate.Users.Student	NetCity.Common.ObjectModel.Nhibernate.Users.Student	STUDENTS	MovDebtPasses		System.Collections.Generic.ISet`1[[NetCity.Common.ObjectModel.Nhibernate.Movement.MovDebtPass, NetCity.Common.ObjectModel, Version=5.14.65351.225, Culture=neutral, PublicKeyToken=ea3eeeb5c070719f]](NetCity.Common.ObjectModel.Nhibernate.Users.Student.MovDebtPasses)	collection
NetCity.Common.ObjectModel.Nhibernate.Users.Student	NetCity.Common.ObjectModel.Nhibernate.Users.Student	STUDENTS	SchoolEducRanges		System.Collections.Generic.ISet`1[[NetCity.Common.ObjectModel.Nhibernate.Users.StudentSchoolEducRange, NetCity.Common.ObjectModel, Version=5.14.65351.225, Culture=neutral, PublicKeyToken=ea3eeeb5c070719f]](NetCity.Common.ObjectModel.Nhibernate.Users.Student.SchoolEducRanges)	collection
NetCity.Common.ObjectModel.Nhibernate.Users.Student	NetCity.Common.ObjectModel.Nhibernate.Users.Student	STUDENTS	Awards		System.Collections.Generic.ISet`1[[NetCity.Common.ObjectModel.Nhibernate.Users.StudentAward, NetCity.Common.ObjectModel, Version=5.14.65351.225, Culture=neutral, PublicKeyToken=ea3eeeb5c070719f]](NetCity.Common.ObjectModel.Nhibernate.Users.Student.Awards)	collection
NetCity.Common.ObjectModel.Nhibernate.Users.Student	NetCity.Common.ObjectModel.Nhibernate.Users.Student	STUDENTS	Commissions		System.Collections.Generic.ISet`1[[NetCity.Common.ObjectModel.Nhibernate.Commission, NetCity.Common.ObjectModel, Version=5.14.65351.225, Culture=neutral, PublicKeyToken=ea3eeeb5c070719f]](NetCity.Common.ObjectModel.Nhibernate.Users.Student.Commissions)	collection
NetCity.Common.ObjectModel.Nhibernate.Users.Student	NetCity.Common.ObjectModel.Nhibernate.Users.Student	STUDENTS	EsSubDocs		System.Collections.Generic.ISet`1[[NetCity.Common.ObjectModel.Nhibernate.Movement.MovSubDocEsPool, NetCity.Common.ObjectModel, Version=5.14.65351.225, Culture=neutral, PublicKeyToken=ea3eeeb5c070719f]](NetCity.Common.ObjectModel.Nhibernate.Users.Student.EsSubDocs)	collection
NetCity.Common.ObjectModel.Nhibernate.Users.Student	NetCity.Common.ObjectModel.Nhibernate.Users.Student	STUDENTS	PoolRecords		System.Collections.Generic.ISet`1[[NetCity.Common.ObjectModel.Nhibernate.Movement.MovPoolStudent, NetCity.Common.ObjectModel, Version=5.14.65351.225, Culture=neutral, PublicKeyToken=ea3eeeb5c070719f]](NetCity.Common.ObjectModel.Nhibernate.Users.Student.PoolRecords)	collection
NetCity.Common.ObjectModel.Nhibernate.Users.Student	NetCity.Common.ObjectModel.Nhibernate.Users.Student	STUDENTS	PoolEsRecords		System.Collections.Generic.ISet`1[[NetCity.Common.ObjectModel.Nhibernate.Movement.MovPoolStudentEs, NetCity.Common.ObjectModel, Version=5.14.65351.225, Culture=neutral, PublicKeyToken=ea3eeeb5c070719f]](NetCity.Common.ObjectModel.Nhibernate.Users.Student.PoolEsRecords)	collection
NetCity.Common.ObjectModel.Nhibernate.Users.Student	NetCity.Common.ObjectModel.Nhibernate.Users.Student	STUDENTS	PoolNaRecords		System.Collections.Generic.ISet`1[[NetCity.Common.ObjectModel.Nhibernate.Movement.MovPoolStudentNa, NetCity.Common.ObjectModel, Version=5.14.65351.225, Culture=neutral, PublicKeyToken=ea3eeeb5c070719f]](NetCity.Common.ObjectModel.Nhibernate.Users.Student.PoolNaRecords)	collection
NetCity.Common.ObjectModel.Nhibernate.Users.Student	NetCity.Common.ObjectModel.Nhibernate.Users.Student	STUDENTS	MovDocs		System.Collections.Generic.ISet`1[[NetCity.Common.ObjectModel.Nhibernate.Movement.MovDocStudent, NetCity.Common.ObjectModel, Version=5.14.65351.225, Culture=neutral, PublicKeyToken=ea3eeeb5c070719f]](NetCity.Common.ObjectModel.Nhibernate.Users.Student.MovDocs)	collection
NetCity.Common.ObjectModel.Nhibernate.Users.Student	NetCity.Common.ObjectModel.Nhibernate.Users.Student	STUDENTS	Curators		System.Collections.Generic.ISet`1[[NetCity.Common.ObjectModel.Nhibernate.Users.User, NetCity.Common.ObjectModel, Version=5.14.65351.225, Culture=neutral, PublicKeyToken=ea3eeeb5c070719f]](NetCity.Common.ObjectModel.Nhibernate.Users.Student.Curators)	collection
NetCity.Common.ObjectModel.Nhibernate.Users.Student	NetCity.Common.ObjectModel.Nhibernate.Users.Student	STUDENTS	ParentPays		System.Collections.Generic.ISet`1[[NetCity.Common.ObjectModel.Nhibernate.ParentPay.ParentPay, NetCity.Common.ObjectModel, Version=5.14.65351.225, Culture=neutral, PublicKeyToken=ea3eeeb5c070719f]](NetCity.Common.ObjectModel.Nhibernate.Users.Student.ParentPays)	collection
NetCity.Common.ObjectModel.Nhibernate.Users.Student	NetCity.Common.ObjectModel.Nhibernate.Users.Student	STUDENTS	ParentPayInits		System.Collections.Generic.ISet`1[[NetCity.Common.ObjectModel.Nhibernate.ParentPay.ParentPayInit, NetCity.Common.ObjectModel, Version=5.14.65351.225, Culture=neutral, PublicKeyToken=ea3eeeb5c070719f]](NetCity.Common.ObjectModel.Nhibernate.Users.Student.ParentPayInits)	collection
NetCity.Common.ObjectModel.Nhibernate.Users.Student	NetCity.Common.ObjectModel.Nhibernate.Users.Student	STUDENTS	DouAttendance		System.Collections.Generic.ISet`1[[NetCity.Common.ObjectModel.Nhibernate.ClassJournal.DouAttendance, NetCity.Common.ObjectModel, Version=5.14.65351.225, Culture=neutral, PublicKeyToken=ea3eeeb5c070719f]](NetCity.Common.ObjectModel.Nhibernate.Users.Student.DouAttendance)	collection
NetCity.Common.ObjectModel.Nhibernate.Users.Student	NetCity.Common.ObjectModel.Nhibernate.Users.Student	STUDENTS	AddPrograms		System.Collections.Generic.ISet`1[[NetCity.Common.ObjectModel.Nhibernate.AddSchool.AddProgramStudent, NetCity.Common.ObjectModel, Version=5.14.65351.225, Culture=neutral, PublicKeyToken=ea3eeeb5c070719f]](NetCity.Common.ObjectModel.Nhibernate.Users.Student.AddPrograms)	collection
NetCity.Common.ObjectModel.Nhibernate.Users.Student	NetCity.Common.ObjectModel.Nhibernate.Users.Student	STUDENTS	HealthMonitorings		System.Collections.Generic.ISet`1[[NetCity.Common.ObjectModel.Nhibernate.HealthMonitoring, NetCity.Common.ObjectModel, Version=5.14.65351.225, Culture=neutral, PublicKeyToken=ea3eeeb5c070719f]](NetCity.Common.ObjectModel.Nhibernate.Users.Student.HealthMonitorings)	collection
NetCity.Common.ObjectModel.Nhibernate.Users.Student	NetCity.Common.ObjectModel.Nhibernate.Users.Student	STUDENTS	Numorder	NUMORDER	Int32	property
NetCity.Common.ObjectModel.Nhibernate.Users.User	NetCity.Common.ObjectModel.Nhibernate.Users.User	USERS	Id	USERID	Int32	id
NetCity.Common.ObjectModel.Nhibernate.Users.User	NetCity.Common.ObjectModel.Nhibernate.Users.User	USERS	Announcements		System.Collections.Generic.ISet`1[[NetCity.Common.ObjectModel.Nhibernate.Announcement, NetCity.Common.ObjectModel, Version=5.14.65351.225, Culture=neutral, PublicKeyToken=ea3eeeb5c070719f]](NetCity.Common.ObjectModel.Nhibernate.Users.User.Announcements)	collection
NetCity.Common.ObjectModel.Nhibernate.Users.User	NetCity.Common.ObjectModel.Nhibernate.Users.User	USERS	ParentStudents		System.Collections.Generic.ISet`1[[NetCity.Common.ObjectModel.Nhibernate.Users.StudentParentFamily, NetCity.Common.ObjectModel, Version=5.14.65351.225, Culture=neutral, PublicKeyToken=ea3eeeb5c070719f]](NetCity.Common.ObjectModel.Nhibernate.Users.User.ParentStudents)	collection
NetCity.Common.ObjectModel.Nhibernate.Users.User	NetCity.Common.ObjectModel.Nhibernate.Users.User	USERS	FamilyInfo		System.Collections.Generic.ISet`1[[NetCity.Common.ObjectModel.Nhibernate.Users.FamilyInfo, NetCity.Common.ObjectModel, Version=5.14.65351.225, Culture=neutral, PublicKeyToken=ea3eeeb5c070719f]](NetCity.Common.ObjectModel.Nhibernate.Users.User.FamilyInfo)	collection
NetCity.Common.ObjectModel.Nhibernate.Users.User	NetCity.Common.ObjectModel.Nhibernate.Users.User	USERS	TeacherClasses		System.Collections.Generic.ISet`1[[NetCity.Common.ObjectModel.Nhibernate.Classes.Class, NetCity.Common.ObjectModel, Version=5.14.65351.225, Culture=neutral, PublicKeyToken=ea3eeeb5c070719f]](NetCity.Common.ObjectModel.Nhibernate.Users.User.TeacherClasses)	collection
NetCity.Common.ObjectModel.Nhibernate.Users.User	NetCity.Common.ObjectModel.Nhibernate.Users.User	USERS	TeacherClassmeetings		System.Collections.Generic.ISet`1[[NetCity.Common.ObjectModel.Nhibernate.Schedule.ClassmeetingTeacher, NetCity.Common.ObjectModel, Version=5.14.65351.225, Culture=neutral, PublicKeyToken=ea3eeeb5c070719f]](NetCity.Common.ObjectModel.Nhibernate.Users.User.TeacherClassmeetings)	collection
NetCity.Common.ObjectModel.Nhibernate.Users.User	NetCity.Common.ObjectModel.Nhibernate.Users.User	USERS	AttestRequests		System.Collections.Generic.ISet`1[[NetCity.Common.ObjectModel.Nhibernate.Users.Attestation.AttestRequest, NetCity.Common.ObjectModel, Version=5.14.65351.225, Culture=neutral, PublicKeyToken=ea3eeeb5c070719f]](NetCity.Common.ObjectModel.Nhibernate.Users.User.AttestRequests)	collection
NetCity.Common.ObjectModel.Nhibernate.Users.User	NetCity.Common.ObjectModel.Nhibernate.Users.User	USERS	StaffAcademicAwards		System.Collections.Generic.ISet`1[[NetCity.Common.ObjectModel.Nhibernate.Users.Attestation.StaffAcademicAwards, NetCity.Common.ObjectModel, Version=5.14.65351.225, Culture=neutral, PublicKeyToken=ea3eeeb5c070719f]](NetCity.Common.ObjectModel.Nhibernate.Users.User.StaffAcademicAwards)	collection
NetCity.Common.ObjectModel.Nhibernate.Users.User	NetCity.Common.ObjectModel.Nhibernate.Users.User	USERS	MainScreenElements		System.Collections.Generic.ISet`1[[NetCity.Common.ObjectModel.Nhibernate.Users.UserMainScreenElement, NetCity.Common.ObjectModel, Version=5.14.65351.225, Culture=neutral, PublicKeyToken=ea3eeeb5c070719f]](NetCity.Common.ObjectModel.Nhibernate.Users.User.MainScreenElements)	collection
NetCity.Common.ObjectModel.Nhibernate.Users.User	NetCity.Common.ObjectModel.Nhibernate.Users.User	USERS	SchoolsAddServices		System.Collections.Generic.ISet`1[[NetCity.Common.ObjectModel.Nhibernate.Organizations.SchoolAddService, NetCity.Common.ObjectModel, Version=5.14.65351.225, Culture=neutral, PublicKeyToken=ea3eeeb5c070719f]](NetCity.Common.ObjectModel.Nhibernate.Users.User.SchoolsAddServices)	collection
NetCity.Common.ObjectModel.Nhibernate.Users.User	NetCity.Common.ObjectModel.Nhibernate.Users.User	USERS	StaffEducations		System.Collections.Generic.ISet`1[[NetCity.Common.ObjectModel.Nhibernate.Users.Attestation.StaffEducation, NetCity.Common.ObjectModel, Version=5.14.65351.225, Culture=neutral, PublicKeyToken=ea3eeeb5c070719f]](NetCity.Common.ObjectModel.Nhibernate.Users.User.StaffEducations)	collection
NetCity.Common.ObjectModel.Nhibernate.Users.User	NetCity.Common.ObjectModel.Nhibernate.Users.User	USERS	StaffCommonTrainings		System.Collections.Generic.ISet`1[[NetCity.Common.ObjectModel.Nhibernate.Users.Attestation.StaffCommonTraining, NetCity.Common.ObjectModel, Version=5.14.65351.225, Culture=neutral, PublicKeyToken=ea3eeeb5c070719f]](NetCity.Common.ObjectModel.Nhibernate.Users.User.StaffCommonTrainings)	collection
NetCity.Common.ObjectModel.Nhibernate.Users.User	NetCity.Common.ObjectModel.Nhibernate.Users.User	USERS	StaffPortfolioFiles		System.Collections.Generic.ISet`1[[NetCity.Common.ObjectModel.Nhibernate.Users.Attestation.StaffPortfolioFile, NetCity.Common.ObjectModel, Version=5.14.65351.225, Culture=neutral, PublicKeyToken=ea3eeeb5c070719f]](NetCity.Common.ObjectModel.Nhibernate.Users.User.StaffPortfolioFiles)	collection
NetCity.Common.ObjectModel.Nhibernate.Users.User	NetCity.Common.ObjectModel.Nhibernate.Users.User	USERS	StaffMethodicalActivity		System.Collections.Generic.ISet`1[[NetCity.Common.ObjectModel.Nhibernate.Users.Attestation.StaffMethodicalActivity, NetCity.Common.ObjectModel, Version=5.14.65351.225, Culture=neutral, PublicKeyToken=ea3eeeb5c070719f]](NetCity.Common.ObjectModel.Nhibernate.Users.User.StaffMethodicalActivity)	collection
NetCity.Common.ObjectModel.Nhibernate.Users.User	NetCity.Common.ObjectModel.Nhibernate.Users.User	USERS	Schools		System.Collections.Generic.ISet`1[[NetCity.Common.ObjectModel.Nhibernate.Organizations.School, NetCity.Common.ObjectModel, Version=5.14.65351.225, Culture=neutral, PublicKeyToken=ea3eeeb5c070719f]](NetCity.Common.ObjectModel.Nhibernate.Users.User.Schools)	collection
NetCity.Common.ObjectModel.Nhibernate.Users.User	NetCity.Common.ObjectModel.Nhibernate.Users.User	USERS	Schoolyears		System.Collections.Generic.ISet`1[[NetCity.Common.ObjectModel.Nhibernate.Schoolyear, NetCity.Common.ObjectModel, Version=5.14.65351.225, Culture=neutral, PublicKeyToken=ea3eeeb5c070719f]](NetCity.Common.ObjectModel.Nhibernate.Users.User.Schoolyears)	collection
NetCity.Common.ObjectModel.Nhibernate.Users.User	NetCity.Common.ObjectModel.Nhibernate.Users.User	USERS	Subjectplans		System.Collections.Generic.ISet`1[[NetCity.Common.ObjectModel.Nhibernate.ThematicPlanning.Subjectplan, NetCity.Common.ObjectModel, Version=5.14.65351.225, Culture=neutral, PublicKeyToken=ea3eeeb5c070719f]](NetCity.Common.ObjectModel.Nhibernate.Users.User.Subjectplans)	collection
NetCity.Common.ObjectModel.Nhibernate.Users.User	NetCity.Common.ObjectModel.Nhibernate.Users.User	USERS	TeacherSubjects		System.Collections.Generic.ISet`1[[NetCity.Common.ObjectModel.Nhibernate.Subject, NetCity.Common.ObjectModel, Version=5.14.65351.225, Culture=neutral, PublicKeyToken=ea3eeeb5c070719f]](NetCity.Common.ObjectModel.Nhibernate.Users.User.TeacherSubjects)	collection
NetCity.Common.ObjectModel.Nhibernate.Users.User	NetCity.Common.ObjectModel.Nhibernate.Users.User	USERS	TeacherSubjectGroups		System.Collections.Generic.ISet`1[[NetCity.Common.ObjectModel.Nhibernate.SubjectGroup, NetCity.Common.ObjectModel, Version=5.14.65351.225, Culture=neutral, PublicKeyToken=ea3eeeb5c070719f]](NetCity.Common.ObjectModel.Nhibernate.Users.User.TeacherSubjectGroups)	collection
NetCity.Common.ObjectModel.Nhibernate.Users.User	NetCity.Common.ObjectModel.Nhibernate.Users.User	USERS	FreeSchools		System.Collections.Generic.ISet`1[[NetCity.Common.ObjectModel.Nhibernate.Organizations.School, NetCity.Common.ObjectModel, Version=5.14.65351.225, Culture=neutral, PublicKeyToken=ea3eeeb5c070719f]](NetCity.Common.ObjectModel.Nhibernate.Users.User.FreeSchools)	collection
NetCity.Common.ObjectModel.Nhibernate.Users.User	NetCity.Common.ObjectModel.Nhibernate.Users.User	USERS	StaffSchoolYears		System.Collections.Generic.ISet`1[[NetCity.Common.ObjectModel.Nhibernate.Schoolyear, NetCity.Common.ObjectModel, Version=5.14.65351.225, Culture=neutral, PublicKeyToken=ea3eeeb5c070719f]](NetCity.Common.ObjectModel.Nhibernate.Users.User.StaffSchoolYears)	collection
NetCity.Common.ObjectModel.Nhibernate.Users.User	NetCity.Common.ObjectModel.Nhibernate.Users.User	USERS	ParentSchoolYears		System.Collections.Generic.ISet`1[[NetCity.Common.ObjectModel.Nhibernate.Schoolyear, NetCity.Common.ObjectModel, Version=5.14.65351.225, Culture=neutral, PublicKeyToken=ea3eeeb5c070719f]](NetCity.Common.ObjectModel.Nhibernate.Users.User.ParentSchoolYears)	collection
NetCity.Common.ObjectModel.Nhibernate.Users.User	NetCity.Common.ObjectModel.Nhibernate.Users.User	USERS	UserParameterValues		System.Collections.Generic.ISet`1[[NetCity.Common.ObjectModel.Nhibernate.Users.UserParams.UserParameterValue, NetCity.Common.ObjectModel, Version=5.14.65351.225, Culture=neutral, PublicKeyToken=ea3eeeb5c070719f]](NetCity.Common.ObjectModel.Nhibernate.Users.User.UserParameterValues)	collection
NetCity.Common.ObjectModel.Nhibernate.Users.User	NetCity.Common.ObjectModel.Nhibernate.Users.User	USERS	UsersRoles		System.Collections.Generic.ISet`1[[NetCity.Common.ObjectModel.Nhibernate.Users.UserRole, NetCity.Common.ObjectModel, Version=5.14.65351.225, Culture=neutral, PublicKeyToken=ea3eeeb5c070719f]](NetCity.Common.ObjectModel.Nhibernate.Users.User.UsersRoles)	collection
NetCity.Common.ObjectModel.Nhibernate.Users.User	NetCity.Common.ObjectModel.Nhibernate.Users.User	USERS	UserEvents		System.Collections.Generic.ISet`1[[NetCity.Common.ObjectModel.Nhibernate.Events.EventMember, NetCity.Common.ObjectModel, Version=5.14.65351.225, Culture=neutral, PublicKeyToken=ea3eeeb5c070719f]](NetCity.Common.ObjectModel.Nhibernate.Users.User.UserEvents)	collection
NetCity.Common.ObjectModel.Nhibernate.Users.User	NetCity.Common.ObjectModel.Nhibernate.Users.User	USERS	EmUsersRoles		System.Collections.Generic.ISet`1[[NetCity.Common.ObjectModel.Nhibernate.Users.EmUserRole, NetCity.Common.ObjectModel, Version=5.14.65351.225, Culture=neutral, PublicKeyToken=ea3eeeb5c070719f]](NetCity.Common.ObjectModel.Nhibernate.Users.User.EmUsersRoles)	collection
NetCity.Common.ObjectModel.Nhibernate.Users.User	NetCity.Common.ObjectModel.Nhibernate.Users.User	USERS	UserAddresses		System.Collections.Generic.ISet`1[[NetCity.Common.ObjectModel.Nhibernate.Address.UserAddress, NetCity.Common.ObjectModel, Version=5.14.65351.225, Culture=neutral, PublicKeyToken=ea3eeeb5c070719f]](NetCity.Common.ObjectModel.Nhibernate.Users.User.UserAddresses)	collection
NetCity.Common.ObjectModel.Nhibernate.Users.User	NetCity.Common.ObjectModel.Nhibernate.Users.User	USERS	Identities		System.Collections.Generic.ISet`1[[NetCity.Common.ObjectModel.Nhibernate.Users.UserIdentity, NetCity.Common.ObjectModel, Version=5.14.65351.225, Culture=neutral, PublicKeyToken=ea3eeeb5c070719f]](NetCity.Common.ObjectModel.Nhibernate.Users.User.Identities)	collection
NetCity.Common.ObjectModel.Nhibernate.Users.User	NetCity.Common.ObjectModel.Nhibernate.Users.User	USERS	Seniorities		System.Collections.Generic.ISet`1[[NetCity.Common.ObjectModel.Nhibernate.Users.Seniority, NetCity.Common.ObjectModel, Version=5.14.65351.225, Culture=neutral, PublicKeyToken=ea3eeeb5c070719f]](NetCity.Common.ObjectModel.Nhibernate.Users.User.Seniorities)	collection
NetCity.Common.ObjectModel.Nhibernate.Users.User	NetCity.Common.ObjectModel.Nhibernate.Users.User	USERS	IdentityDocuments		System.Collections.Generic.ISet`1[[NetCity.Common.ObjectModel.Nhibernate.Users.Documents.IdentityDocument, NetCity.Common.ObjectModel, Version=5.14.65351.225, Culture=neutral, PublicKeyToken=ea3eeeb5c070719f]](NetCity.Common.ObjectModel.Nhibernate.Users.User.IdentityDocuments)	collection
NetCity.Common.ObjectModel.Nhibernate.Users.User	NetCity.Common.ObjectModel.Nhibernate.Users.User	USERS	CuratorStudents		System.Collections.Generic.ISet`1[[NetCity.Common.ObjectModel.Nhibernate.Users.Student, NetCity.Common.ObjectModel, Version=5.14.65351.225, Culture=neutral, PublicKeyToken=ea3eeeb5c070719f]](NetCity.Common.ObjectModel.Nhibernate.Users.User.CuratorStudents)	collection
NetCity.Common.ObjectModel.Nhibernate.Users.User	NetCity.Common.ObjectModel.Nhibernate.Users.User	USERS	AllChiefClasses		System.Collections.Generic.ISet`1[[NetCity.Common.ObjectModel.Nhibernate.Classes.Class, NetCity.Common.ObjectModel, Version=5.14.65351.225, Culture=neutral, PublicKeyToken=ea3eeeb5c070719f]](NetCity.Common.ObjectModel.Nhibernate.Users.User.AllChiefClasses)	collection
NetCity.Common.ObjectModel.Nhibernate.Users.User	NetCity.Common.ObjectModel.Nhibernate.Users.User	USERS	LoginEvents		System.Collections.Generic.ISet`1[[NetCity.Common.ObjectModel.Nhibernate.Events.Login.UserLoginEvent, NetCity.Common.ObjectModel, Version=5.14.65351.225, Culture=neutral, PublicKeyToken=ea3eeeb5c070719f]](NetCity.Common.ObjectModel.Nhibernate.Users.User.LoginEvents)	collection
NetCity.Common.ObjectModel.Nhibernate.Users.User	NetCity.Common.ObjectModel.Nhibernate.Users.User	USERS	UserSettings		System.Collections.Generic.ISet`1[[NetCity.Common.ObjectModel.Users.UserSettings, NetCity.Common.ObjectModel, Version=5.14.65351.225, Culture=neutral, PublicKeyToken=ea3eeeb5c070719f]](NetCity.Common.ObjectModel.Nhibernate.Users.User.UserSettings)	collection
NetCity.Common.ObjectModel.Nhibernate.Users.User	NetCity.Common.ObjectModel.Nhibernate.Users.User	USERS	UsersExternalLinks		System.Collections.Generic.ISet`1[[NetCity.Common.ObjectModel.Nhibernate.UsersExternalLinks, NetCity.Common.ObjectModel, Version=5.14.65351.225, Culture=neutral, PublicKeyToken=ea3eeeb5c070719f]](NetCity.Common.ObjectModel.Nhibernate.Users.User.UsersExternalLinks)	collection
NetCity.Common.ObjectModel.Nhibernate.Users.User	NetCity.Common.ObjectModel.Nhibernate.Users.User	USERS	Birthdate	BIRTHDATE	DateTime	property
NetCity.Common.ObjectModel.Nhibernate.Users.User	NetCity.Common.ObjectModel.Nhibernate.Users.User	USERS	Email	EMAIL	AnsiString	property
NetCity.Common.ObjectModel.Nhibernate.Users.User	NetCity.Common.ObjectModel.Nhibernate.Users.User	USERS	Firstname	FIRSTNAME	AnsiString	property
NetCity.Common.ObjectModel.Nhibernate.Users.User	NetCity.Common.ObjectModel.Nhibernate.Users.User	USERS	Gender	GENDER	GenderMap	property
NetCity.Common.ObjectModel.Nhibernate.Users.User	NetCity.Common.ObjectModel.Nhibernate.Users.User	USERS	Homephone	HOMEPHONE	AnsiString	property
NetCity.Common.ObjectModel.Nhibernate.Users.User	NetCity.Common.ObjectModel.Nhibernate.Users.User	USERS	Lastname	LASTNAME	AnsiString	property
NetCity.Common.ObjectModel.Nhibernate.Users.User	NetCity.Common.ObjectModel.Nhibernate.Users.User	USERS	Loginname	LOGINNAME	AnsiString	property
NetCity.Common.ObjectModel.Nhibernate.Users.User	NetCity.Common.ObjectModel.Nhibernate.Users.User	USERS	Logintype	LOGINTYPE	Int32	property
NetCity.Common.ObjectModel.Nhibernate.Users.User	NetCity.Common.ObjectModel.Nhibernate.Users.User	USERS	Middlename	MIDDLENAME	AnsiString	property
NetCity.Common.ObjectModel.Nhibernate.Users.User	NetCity.Common.ObjectModel.Nhibernate.Users.User	USERS	NoMiddlename	NOMIDDLENAME	Boolean	property
NetCity.Common.ObjectModel.Nhibernate.Users.User	NetCity.Common.ObjectModel.Nhibernate.Users.User	USERS	Nickname	NICKNAME	AnsiString	property
NetCity.Common.ObjectModel.Nhibernate.Users.User	NetCity.Common.ObjectModel.Nhibernate.Users.User	USERS	Password	PASSWORD	AnsiString	property
NetCity.Common.ObjectModel.Nhibernate.Users.User	NetCity.Common.ObjectModel.Nhibernate.Users.User	USERS	Prefferedcm	PREFFEREDCM	String	property
NetCity.Common.ObjectModel.Nhibernate.Users.User	NetCity.Common.ObjectModel.Nhibernate.Users.User	USERS	Serialnumber	SERIALNUMBER	String	property
NetCity.Common.ObjectModel.Nhibernate.Users.User	NetCity.Common.ObjectModel.Nhibernate.Users.User	USERS	Winaccount	WINACCOUNT	AnsiString	property
NetCity.Common.ObjectModel.Nhibernate.Users.User	NetCity.Common.ObjectModel.Nhibernate.Users.User	USERS	IsDeleted	ISDELETED	Boolean	property
NetCity.Common.ObjectModel.Nhibernate.Users.User	NetCity.Common.ObjectModel.Nhibernate.Users.User	USERS	ModifyDate	MODIFYDATE	DateTime	property
NetCity.Common.ObjectModel.Nhibernate.Users.User	NetCity.Common.ObjectModel.Nhibernate.Users.User	USERS	Citizenship	CITIZENSHIPID	NetCity.Common.ObjectModel.Nhibernate.Users.Citizenship	many-to-one
NetCity.Common.ObjectModel.Nhibernate.Users.UserMergeLogEntry	NetCity.Common.ObjectModel.Nhibernate.Users.UserMergeLogEntry	USERMERGELOG	Id	ID	Int32	id
NetCity.Common.ObjectModel.Nhibernate.Users.UserMergeLogEntry	NetCity.Common.ObjectModel.Nhibernate.Users.UserMergeLogEntry	USERMERGELOG	Users		System.Collections.Generic.ISet`1[[NetCity.Common.ObjectModel.Nhibernate.Users.UserMergeLogUser, NetCity.Common.ObjectModel, Version=5.14.65351.225, Culture=neutral, PublicKeyToken=ea3eeeb5c070719f]](NetCity.Common.ObjectModel.Nhibernate.Users.UserMergeLogEntry.Users)	collection
NetCity.Common.ObjectModel.Nhibernate.Users.UserMergeLogEntry	NetCity.Common.ObjectModel.Nhibernate.Users.UserMergeLogEntry	USERMERGELOG	Date	DATE	DateTime	property
NetCity.Common.ObjectModel.Nhibernate.Users.UserMergeLogEntry	NetCity.Common.ObjectModel.Nhibernate.Users.UserMergeLogEntry	USERMERGELOG	MainUserId	MAINUSERID	Int32	property
NetCity.Common.ObjectModel.Nhibernate.Users.UserMergeLogEntry	NetCity.Common.ObjectModel.Nhibernate.Users.UserMergeLogEntry	USERMERGELOG	Author	AUTHORID	NetCity.Common.ObjectModel.Nhibernate.Users.User	many-to-one
NetCity.Common.ObjectModel.Nhibernate.Users.UserMergeLogUser	NetCity.Common.ObjectModel.Nhibernate.Users.UserMergeLogUser	USERMERGELOG_USERS	Id	ID	Int32	id
NetCity.Common.ObjectModel.Nhibernate.Users.UserMergeLogUser	NetCity.Common.ObjectModel.Nhibernate.Users.UserMergeLogUser	USERMERGELOG_USERS	UserId	USERID	Int32	property
NetCity.Common.ObjectModel.Nhibernate.Users.UserMergeLogUser	NetCity.Common.ObjectModel.Nhibernate.Users.UserMergeLogUser	USERMERGELOG_USERS	MergeLogEntry	USERMERGELOGID	NetCity.Common.ObjectModel.Nhibernate.Users.UserMergeLogEntry	many-to-one
NetCity.Common.ObjectModel.Nhibernate.Users.UserParams.UserParameter	NetCity.Common.ObjectModel.Nhibernate.Users.UserParams.UserParameter	USERINFOPARAMETERS	Id	PARAMETERID	Int32	id
NetCity.Common.ObjectModel.Nhibernate.Users.UserParams.UserParameter	NetCity.Common.ObjectModel.Nhibernate.Users.UserParams.UserParameter	USERINFOPARAMETERS	RoleType	ROLETYPE	NHibernate.Type.EnumType`1[[NetCity.Common.Enums.RolesAndRights.UserInfoParamRoleType, NetCity.Common, Version=0.11.30.0, Culture=neutral, PublicKeyToken=ea3eeeb5c070719f]], NHibernate	property
NetCity.Common.ObjectModel.Nhibernate.Users.UserParams.UserParameter	NetCity.Common.ObjectModel.Nhibernate.Users.UserParams.UserParameter	USERINFOPARAMETERS	Order	ORDERNO	Int32	property
NetCity.Common.ObjectModel.Nhibernate.Users.UserParams.UserParameter	NetCity.Common.ObjectModel.Nhibernate.Users.UserParams.UserParameter	USERINFOPARAMETERS	Name	NAME	AnsiString	property
NetCity.Common.ObjectModel.Nhibernate.Users.UserParams.UserParameter	NetCity.Common.ObjectModel.Nhibernate.Users.UserParams.UserParameter	USERINFOPARAMETERS	Title	TITLE	AnsiString	property
NetCity.Common.ObjectModel.Nhibernate.Users.UserParams.UserParameter	NetCity.Common.ObjectModel.Nhibernate.Users.UserParams.UserParameter	USERINFOPARAMETERS	ParamType	PARAMTYPE	CharEnumTypeMap`1	property
NetCity.Common.ObjectModel.Nhibernate.Users.UserParams.UserParameter	NetCity.Common.ObjectModel.Nhibernate.Users.UserParams.UserParameter	USERINFOPARAMETERS	YearDepend	SYDEPEND	CharEnumTypeMap`1	property
NetCity.Common.ObjectModel.Nhibernate.Users.UserParams.UserParameter	NetCity.Common.ObjectModel.Nhibernate.Users.UserParams.UserParameter	USERINFOPARAMETERS	Editable	EDITABLE	CharEnumTypeMap`1	property
NetCity.Common.ObjectModel.Nhibernate.Users.UserParams.UserParameter	NetCity.Common.ObjectModel.Nhibernate.Users.UserParams.UserParameter	USERINFOPARAMETERS	DefaultValue	DEFAULTVALUE	AnsiString	property
NetCity.Common.ObjectModel.Nhibernate.Users.UserParams.UserParameter	NetCity.Common.ObjectModel.Nhibernate.Users.UserParams.UserParameter	USERINFOPARAMETERS	ExtraInfo	EXTRAINFO	Int32	property
NetCity.Common.ObjectModel.Nhibernate.Users.UserParams.UserParameter	NetCity.Common.ObjectModel.Nhibernate.Users.UserParams.UserParameter	USERINFOPARAMETERS	School	SCHOOLID	NetCity.Common.ObjectModel.Nhibernate.Organizations.School	many-to-one
NetCity.Common.ObjectModel.Nhibernate.Users.UserParams.UserParameter	NetCity.Common.ObjectModel.Nhibernate.Users.UserParams.UserParameter	USERINFOPARAMETERS	Group	GROUPID	NetCity.Common.ObjectModel.Nhibernate.Users.UserParams.UserParameter	many-to-one
NetCity.Common.ObjectModel.Nhibernate.Users.UserParams.UserParameterValue	NetCity.Common.ObjectModel.Nhibernate.Users.UserParams.UserParameterValue	USERSPARAMETERS	Id	UPID	Int32	id
NetCity.Common.ObjectModel.Nhibernate.Users.UserParams.UserParameterValue	NetCity.Common.ObjectModel.Nhibernate.Users.UserParams.UserParameterValue	USERSPARAMETERS	User	USERID	NetCity.Common.ObjectModel.Nhibernate.Users.User	many-to-one
NetCity.Common.ObjectModel.Nhibernate.Users.UserParams.UserParameterValue	NetCity.Common.ObjectModel.Nhibernate.Users.UserParams.UserParameterValue	USERSPARAMETERS	Schoolyear	SCHOOLYEARID	NetCity.Common.ObjectModel.Nhibernate.Schoolyear	many-to-one
NetCity.Common.ObjectModel.Nhibernate.Users.UserParams.UserParameterValue	NetCity.Common.ObjectModel.Nhibernate.Users.UserParams.UserParameterValue	USERSPARAMETERS	Globalyear	GLOBALYEARID	NetCity.Common.ObjectModel.Nhibernate.GlobalYear	many-to-one
NetCity.Common.ObjectModel.Nhibernate.Users.UserParams.UserParameterValue	NetCity.Common.ObjectModel.Nhibernate.Users.UserParams.UserParameterValue	USERSPARAMETERS	Parameter	PARAMETERID	NetCity.Common.ObjectModel.Nhibernate.Users.UserParams.UserParameter	many-to-one
NetCity.Common.ObjectModel.Nhibernate.Users.UserParams.UserParameterValue	NetCity.Common.ObjectModel.Nhibernate.Users.UserParams.UserParameterValue	USERSPARAMETERS	Value	PARAMVALUE,PARAMVALUE_DT,PARAMVALUE_ID	component[Text,Date,ListItem]	property
NetCity.Common.ObjectModel.Nhibernate.Users.UserPhoto	NetCity.Common.ObjectModel.Nhibernate.Users.UserPhoto	USERSPHOTO	UserId	USERID	Int32	id
NetCity.Common.ObjectModel.Nhibernate.Users.UserPhoto	NetCity.Common.ObjectModel.Nhibernate.Users.UserPhoto	USERSPHOTO	FileName	FILE_NAME	AnsiString	property
NetCity.Common.ObjectModel.Nhibernate.Users.UserPhoto	NetCity.Common.ObjectModel.Nhibernate.Users.UserPhoto	USERSPHOTO	File	AFILE	BinaryBlob	property
NetCity.Common.ObjectModel.Nhibernate.Users.UserPhoto	NetCity.Common.ObjectModel.Nhibernate.Users.UserPhoto	USERSPHOTO	User	USERID	NetCity.Common.ObjectModel.Nhibernate.Users.User	many-to-one
NetCity.Common.ObjectModel.Users.UserSettings	NetCity.Common.ObjectModel.Users.UserSettings	USERSETTINGS	Id	USERID	Int32	id
NetCity.Common.ObjectModel.Users.UserSettings	NetCity.Common.ObjectModel.Users.UserSettings	USERSETTINGS	PasswordExpired	PWDEXPIRED	Int32	property
NetCity.Common.ObjectModel.Users.UserSettings	NetCity.Common.ObjectModel.Users.UserSettings	USERSETTINGS	Theme	THEME	Int32	property
NetCity.Common.ObjectModel.Users.UserSettings	NetCity.Common.ObjectModel.Users.UserSettings	USERSETTINGS	ShowMobilePhone	SWMPHONE	Boolean	property
NetCity.Common.ObjectModel.Users.UserSettings	NetCity.Common.ObjectModel.Users.UserSettings	USERSETTINGS	DefaultDesktop	DEFDESKTOP	NHibernate.Type.EnumType`1[[NetCity.Common.Enums.Users.DefaultDesktop, NetCity.Common, Version=0.11.30.0, Culture=neutral, PublicKeyToken=ea3eeeb5c070719f]], NHibernate	property
NetCity.Common.ObjectModel.Users.UserSettings	NetCity.Common.ObjectModel.Users.UserSettings	USERSETTINGS	Language	LANGUAGE	AnsiString	property
NetCity.Common.ObjectModel.Users.UserSettings	NetCity.Common.ObjectModel.Users.UserSettings	USERSETTINGS	RecoveryAnswer	RECOVERYANSWER	AnsiString	property
NetCity.Common.ObjectModel.Users.UserSettings	NetCity.Common.ObjectModel.Users.UserSettings	USERSETTINGS	RecoveryQuestion	RECOVERYQUESTION	AnsiString	property
NetCity.Common.ObjectModel.Users.UserSettings	NetCity.Common.ObjectModel.Users.UserSettings	USERSETTINGS	FavoriteReports	FAVORITEREPORTS	StringListType	property
NetCity.Common.ObjectModel.Users.UserSettings	NetCity.Common.ObjectModel.Users.UserSettings	USERSETTINGS	ShowNetSchoolApp	SWNETSCHOOLAPP	Boolean	property
NetCity.Common.ObjectModel.Users.UserSettings	NetCity.Common.ObjectModel.Users.UserSettings	USERSETTINGS	ShowSferumBanner	SWSFERUMBANNER	Boolean	property
NetCity.Common.ObjectModel.Nhibernate.Users.UserParams.UsersParamsCopyDefault	NetCity.Common.ObjectModel.Nhibernate.Users.UserParams.UsersParamsCopyDefault	USERSPARAMS_COPY_DEFAULT	Name	NAME	String	property
NetCity.Common.ObjectModel.Nhibernate.Users.UserParams.UsersParamsCopyDefault	NetCity.Common.ObjectModel.Nhibernate.Users.UserParams.UsersParamsCopyDefault	USERSPARAMS_COPY_DEFAULT	IsCopy	COPY	Boolean	property
NetCity.Common.ObjectModel.Nhibernate.Users.UserParams.UsersParamsCopyDefault	NetCity.Common.ObjectModel.Nhibernate.Users.UserParams.UsersParamsCopyDefault	USERSPARAMS_COPY_DEFAULT	HasDefault	HASDEFAULT	Boolean	property
NetCity.Common.ObjectModel.Nhibernate.Users.UserParams.UsersParamsCopyDefault	NetCity.Common.ObjectModel.Nhibernate.Users.UserParams.UsersParamsCopyDefault	USERSPARAMS_COPY_DEFAULT	ParamValue	PARAMVALUE	String	property
NetCity.Common.ObjectModel.Nhibernate.Users.UserParams.UsersParamsCopyDefault	NetCity.Common.ObjectModel.Nhibernate.Users.UserParams.UsersParamsCopyDefault	USERSPARAMS_COPY_DEFAULT	ParamValueDt	PARAMVALUE_DT	DateTime	property
NetCity.Common.ObjectModel.Nhibernate.Users.UserParams.UsersParamsCopyDefault	NetCity.Common.ObjectModel.Nhibernate.Users.UserParams.UsersParamsCopyDefault	USERSPARAMS_COPY_DEFAULT	UserInfoListItem	PARAMVALUE_ID	NetCity.Common.ObjectModel.Nhibernate.Users.UserParams.UserInfoListItem	many-to-one
NetCity.Common.ObjectModel.Nhibernate.UsersExternalLinks	NetCity.Common.ObjectModel.Nhibernate.UsersExternalLinks	USERS_EXTERNALLINKS	Id	ID	Int32	id
NetCity.Common.ObjectModel.Nhibernate.UsersExternalLinks	NetCity.Common.ObjectModel.Nhibernate.UsersExternalLinks	USERS_EXTERNALLINKS	ExtSystem	EXT_SYSTEMID	Int32	property
NetCity.Common.ObjectModel.Nhibernate.UsersExternalLinks	NetCity.Common.ObjectModel.Nhibernate.UsersExternalLinks	USERS_EXTERNALLINKS	ExtSystemInstanceId	EXT_SYSTEMINSTANCEID	AnsiString	property
NetCity.Common.ObjectModel.Nhibernate.UsersExternalLinks	NetCity.Common.ObjectModel.Nhibernate.UsersExternalLinks	USERS_EXTERNALLINKS	ExtUserId	EXT_USERID	AnsiString	property
NetCity.Common.ObjectModel.Nhibernate.UsersExternalLinks	NetCity.Common.ObjectModel.Nhibernate.UsersExternalLinks	USERS_EXTERNALLINKS	User	USERID	NetCity.Common.ObjectModel.Nhibernate.Users.User	many-to-one
NetCity.Common.ObjectModel.Nhibernate.Versn	NetCity.Common.ObjectModel.Nhibernate.Versn	VERSN	IdVersn	ID	Int32	property
NetCity.Common.ObjectModel.Nhibernate.Versn	NetCity.Common.ObjectModel.Nhibernate.Versn	VERSN	Fl	FL	AnsiString	property
NetCity.Common.ObjectModel.Nhibernate.Versn	NetCity.Common.ObjectModel.Nhibernate.Versn	VERSN	Rev	REV	Int32	property
